Position in alignment, Recombination breakpoint clustering log(p-val) (200nt win), Upper 99% CI, Lower 99% CI, Upper 95% CI, Lower 95% CI
1,-1.69897,-2,-2,-1.30103,-1.30103
3,-1.677781,-2,2,-1.30103,1.30103
5,-1.657577,-2,2,-1.30103,1.30103
7,-1.60206,-2,2,-1.30103,1.30103
9,-1.619789,-2,2,-1.30103,1.30103
11,-1.619789,-2,2,-1.30103,1.30103
13,-1.619789,-2,2,-1.30103,1.30103
15,-1.638272,-2,2,-1.30103,1.30103
17,-1.638272,-2,2,-1.30103,1.30103
19,-1.677781,-2,2,-1.30103,1.30103
21,-3,-2,2,-1.30103,1.30103
23,-3,-2,2,-1.30103,1.30103
25,-3,-2,2,-1.30103,1.30103
27,-3,-2,2,-1.30103,1.30103
29,-3,-2,2,-1.30103,1.30103
31,-3,-2,2,-1.30103,1.30103
33,-3,-2,2,-1.30103,1.30103
35,-2.69897,-2,2,-1.30103,1.30103
37,-2.69897,-2,2,-1.30103,1.30103
39,-2.69897,-2,2,-1.30103,1.30103
41,-2.39794,-2,2,-1.30103,1.30103
43,-2.39794,-2,2,-1.30103,1.30103
45,-2.39794,-2,2,-1.30103,1.30103
47,-2.30103,-2,2,-1.30103,1.30103
49,-2.30103,-2,2,-1.30103,1.30103
51,-2.30103,-2,2,-1.30103,1.30103
53,-2.30103,-2,2,-1.30103,1.30103
55,-2.30103,-2,2,-1.30103,1.30103
57,-2.30103,-2,2,-1.30103,1.30103
59,-2.30103,-2,2,-1.30103,1.30103
61,-2.30103,-2,2,-1.30103,1.30103
63,-2.30103,-2,2,-1.30103,1.30103
65,-2.30103,-2,2,-1.30103,1.30103
67,-2.30103,-2,2,-1.30103,1.30103
69,-2.30103,-2,2,-1.30103,1.30103
71,-2.221849,-2,2,-1.30103,1.30103
73,-2.221849,-2,2,-1.30103,1.30103
75,-2.221849,-2,2,-1.30103,1.30103
77,-1.346787,-2,2,-1.30103,1.30103
79,-1.346787,-2,2,-1.30103,1.30103
81,-1.29243,-2,2,-1.30103,1.30103
83,-1.283997,-2,2,-1.30103,1.30103
85,-1.275724,-2,2,-1.30103,1.30103
87,-1.309804,-2,2,-1.30103,1.30103
89,-1.30103,-2,2,-1.30103,1.30103
91,-1.283997,-2,2,-1.30103,1.30103
93,-0.7077439,-2,2,-1.30103,1.30103
95,-0.7235382,-2,2,-1.30103,1.30103
97,-0.7235382,-2,2,-1.30103,1.30103
99,-0.7055338,-2,2,-1.30103,1.30103
101,-0.4156688,-2,2,-1.30103,1.30103
103,-0.4134127,-2,2,-1.30103,1.30103
105,-0.4100504,-2,2,-1.30103,1.30103
107,-0.4111683,-2,2,-1.30103,1.30103
109,-0.4111683,-2,2,-1.30103,1.30103
111,-0.4134127,-2,2,-1.30103,1.30103
113,-0.4111683,-2,2,-1.30103,1.30103
115,-0.4067139,-2,2,-1.30103,1.30103
117,-0.4134127,-2,2,-1.30103,1.30103
119,-0.4100504,-2,2,-1.30103,1.30103
121,-0.4100504,-2,2,-1.30103,1.30103
123,-0.4111683,-2,2,-1.30103,1.30103
125,-0.4045038,-2,2,-1.30103,1.30103
127,-0.4023048,-2,2,-1.30103,1.30103
129,-0.4089354,-2,2,-1.30103,1.30103
131,-0.412289,-2,2,-1.30103,1.30103
133,-0.4023048,-2,2,-1.30103,1.30103
135,-0.4001169,-2,2,-1.30103,1.30103
137,-0.3990271,-2,2,-1.30103,1.30103
139,-0.3968556,-2,2,-1.30103,1.30103
141,-0.3893398,-2,2,-1.30103,1.30103
143,-0.391474,-2,2,-1.30103,1.30103
145,-0.3893398,-2,2,-1.30103,1.30103
147,-0.3957739,-2,2,-1.30103,1.30103
149,-0.3957739,-2,2,-1.30103,1.30103
151,-0.391474,-2,2,-1.30103,1.30103
153,-0.394695,-2,2,-1.30103,1.30103
155,-0.4001169,-2,2,-1.30103,1.30103
157,-0.3936186,-2,2,-1.30103,1.30103
159,-0.391474,-2,2,-1.30103,1.30103
161,-0.3861582,-2,2,-1.30103,1.30103
163,-0.3872162,-2,2,-1.30103,1.30103
165,-0.391474,-2,2,-1.30103,1.30103
167,-0.39794,-2,2,-1.30103,1.30103
169,-0.3936186,-2,2,-1.30103,1.30103
171,-0.38405,-2,2,-1.30103,1.30103
173,-0.38405,-2,2,-1.30103,1.30103
175,-0.3788237,-2,2,-1.30103,1.30103
177,-0.3819519,-2,2,-1.30103,1.30103
179,-0.3872162,-2,2,-1.30103,1.30103
181,-0.3829997,-2,2,-1.30103,1.30103
183,-0.3746876,-2,2,-1.30103,1.30103
185,-0.3767507,-2,2,-1.30103,1.30103
187,-0.3767507,-2,2,-1.30103,1.30103
189,-0.3726341,-2,2,-1.30103,1.30103
191,-0.3726341,-2,2,-1.30103,1.30103
193,-0.3788237,-2,2,-1.30103,1.30103
195,-0.3767507,-2,2,-1.30103,1.30103
197,-0.3767507,-2,2,-1.30103,1.30103
199,-0.3665316,-2,2,-1.30103,1.30103
201,-0.3675427,-2,2,-1.30103,1.30103
203,-0.3726341,-2,2,-1.30103,1.30103
205,-0.3788237,-2,2,-1.30103,1.30103
207,-0.6197888,-2,2,-1.30103,1.30103
209,-0.6289321,-2,2,-1.30103,1.30103
211,-0.6289321,-2,2,-1.30103,1.30103
213,-0.623423,-2,2,-1.30103,1.30103
215,-0.623423,-2,2,-1.30103,1.30103
217,-1.19382,-2,2,-1.30103,1.30103
219,-1.180456,-2,2,-1.30103,1.30103
221,-0.6090649,-2,2,-1.30103,1.30103
223,-0.617983,-2,2,-1.30103,1.30103
225,-0.6161847,-2,2,-1.30103,1.30103
227,-0.6216021,-2,2,-1.30103,1.30103
229,-0.6216021,-2,2,-1.30103,1.30103
231,-0.6161847,-2,2,-1.30103,1.30103
233,-0.6161847,-2,2,-1.30103,1.30103
235,-0.6289321,-2,2,-1.30103,1.30103
237,-0.623423,-2,2,-1.30103,1.30103
239,-0.636388,-2,2,-1.30103,1.30103
241,-0.6382722,-2,2,-1.30103,1.30103
243,-0.6401645,-2,2,-1.30103,1.30103
245,-0.6420652,-2,2,-1.30103,1.30103
247,-0.6382722,-2,2,-1.30103,1.30103
249,-0.6307842,-2,2,-1.30103,1.30103
251,-0.6161847,-2,2,-1.30103,1.30103
253,-0.623423,-2,2,-1.30103,1.30103
255,-0.6326441,-2,2,-1.30103,1.30103
257,-0.6401645,-2,2,-1.30103,1.30103
259,-0.6478175,-2,2,-1.30103,1.30103
261,-0.6478175,-2,2,-1.30103,1.30103
263,-0.6736642,-2,2,-1.30103,1.30103
265,-0.6736642,-2,2,-1.30103,1.30103
267,-0.6840296,-2,2,-1.30103,1.30103
269,-0.6736642,-2,2,-1.30103,1.30103
271,-0.6736642,-2,2,-1.30103,1.30103
273,-0.6595559,-2,2,-1.30103,1.30103
275,-0.6556077,-2,2,-1.30103,1.30103
277,-0.6401645,-2,2,-1.30103,1.30103
279,-1.275724,-2,2,-1.30103,1.30103
281,-1.283997,-2,2,-1.30103,1.30103
283,-1.823909,-2,2,-1.30103,1.30103
285,-1.823909,-2,2,-1.30103,1.30103
287,-1.853872,-2,2,-1.30103,1.30103
289,-1.853872,-2,2,-1.30103,1.30103
291,-1.853872,-2,2,-1.30103,1.30103
293,-1.920819,-2,2,-1.30103,1.30103
295,-1.920819,-2,2,-1.30103,1.30103
297,-1.920819,-2,2,-1.30103,1.30103
299,-1.958607,-2,2,-1.30103,1.30103
301,-1.886057,-2,2,-1.30103,1.30103
303,-1.920819,-2,2,-1.30103,1.30103
305,-2.09691,-2,2,-1.30103,1.30103
307,-2.045758,-2,2,-1.30103,1.30103
309,-2,-2,2,-1.30103,1.30103
311,-1.958607,-2,2,-1.30103,1.30103
313,-1.958607,-2,2,-1.30103,1.30103
315,-1.958607,-2,2,-1.30103,1.30103
317,-1.958607,-2,2,-1.30103,1.30103
319,-1.920819,-2,2,-1.30103,1.30103
321,-2,-2,2,-1.30103,1.30103
323,-1.920819,-2,2,-1.30103,1.30103
325,-1.920819,-2,2,-1.30103,1.30103
327,-1.920819,-2,2,-1.30103,1.30103
329,-1.853872,-2,2,-1.30103,1.30103
331,-1.853872,-2,2,-1.30103,1.30103
333,-1.823909,-2,2,-1.30103,1.30103
335,-1.886057,-2,2,-1.30103,1.30103
337,-1.886057,-2,2,-1.30103,1.30103
339,-1.920819,-2,2,-1.30103,1.30103
341,-1.920819,-2,2,-1.30103,1.30103
343,-1.886057,-2,2,-1.30103,1.30103
345,-1.886057,-2,2,-1.30103,1.30103
347,-1.853872,-2,2,-1.30103,1.30103
349,-1.853872,-2,2,-1.30103,1.30103
351,-1.886057,-2,2,-1.30103,1.30103
353,-1.958607,-2,2,-1.30103,1.30103
355,-1.958607,-2,2,-1.30103,1.30103
357,-1.958607,-2,2,-1.30103,1.30103
359,-2,-2,2,-1.30103,1.30103
361,-2,-2,2,-1.30103,1.30103
363,-1.920819,-2,2,-1.30103,1.30103
365,-1.920819,-2,2,-1.30103,1.30103
367,-1.886057,-2,2,-1.30103,1.30103
369,-1.920819,-2,2,-1.30103,1.30103
371,-1.958607,-2,2,-1.30103,1.30103
373,-1.958607,-2,2,-1.30103,1.30103
375,-1.958607,-2,2,-1.30103,1.30103
377,-1.958607,-2,2,-1.30103,1.30103
379,-2,-2,2,-1.30103,1.30103
381,-2,-2,2,-1.30103,1.30103
383,-2,-2,2,-1.30103,1.30103
385,-2,-2,2,-1.30103,1.30103
387,-2.045758,-2,2,-1.30103,1.30103
389,-2.045758,-2,2,-1.30103,1.30103
391,-1.886057,-2,2,-1.30103,1.30103
393,-1.886057,-2,2,-1.30103,1.30103
395,-1.886057,-2,2,-1.30103,1.30103
397,-1.920819,-2,2,-1.30103,1.30103
399,-1.920819,-2,2,-1.30103,1.30103
401,-1.886057,-2,2,-1.30103,1.30103
403,-1.920819,-2,2,-1.30103,1.30103
405,-1.920819,-2,2,-1.30103,1.30103
407,-1.376751,-2,2,-1.30103,1.30103
409,-1.387216,-2,2,-1.30103,1.30103
411,-1.356547,-2,2,-1.30103,1.30103
413,-1.346787,-2,2,-1.30103,1.30103
415,-1.30103,-2,2,-1.30103,1.30103
417,-0.69897,-2,2,-1.30103,1.30103
419,-0.69897,-2,2,-1.30103,1.30103
421,-0.7144427,-2,2,-1.30103,1.30103
423,-0.692504,-2,2,-1.30103,1.30103
425,-0.6903698,-2,2,-1.30103,1.30103
427,-0.7011469,-2,2,-1.30103,1.30103
429,-0.6946486,-2,2,-1.30103,1.30103
431,-0.6655462,-2,2,-1.30103,1.30103
433,-0.6695862,-2,2,-1.30103,1.30103
435,-0.6575773,-2,2,-1.30103,1.30103
437,-0.653647,-2,2,-1.30103,1.30103
439,-0.6655462,-2,2,-1.30103,1.30103
441,-0.6695862,-2,2,-1.30103,1.30103
443,-0.6635402,-2,2,-1.30103,1.30103
445,-0.6736642,-2,2,-1.30103,1.30103
447,-0.692504,-2,2,-1.30103,1.30103
449,-0.6798537,-2,2,-1.30103,1.30103
451,-0.6946486,-2,2,-1.30103,1.30103
453,-0.6882461,-2,2,-1.30103,1.30103
455,-0.6840296,-2,2,-1.30103,1.30103
457,-0.692504,-2,2,-1.30103,1.30103
459,-0.6903698,-2,2,-1.30103,1.30103
461,-0.6903698,-2,2,-1.30103,1.30103
463,-0.6736642,-2,2,-1.30103,1.30103
465,-0.6655462,-2,2,-1.30103,1.30103
467,-0.6736642,-2,2,-1.30103,1.30103
469,-0.6861328,-2,2,-1.30103,1.30103
471,-0.6968039,-2,2,-1.30103,1.30103
473,-0.6968039,-2,2,-1.30103,1.30103
475,-0.7011469,-2,2,-1.30103,1.30103
477,-0.692504,-2,2,-1.30103,1.30103
479,-0.4089354,-2,2,-1.30103,1.30103
481,-0.4100504,-2,2,-1.30103,1.30103
483,-0.4067139,-2,2,-1.30103,1.30103
485,-0.4067139,-2,2,-1.30103,1.30103
487,-0.412289,-2,2,-1.30103,1.30103
489,-0.4156688,-2,2,-1.30103,1.30103
491,-0.4156688,-2,2,-1.30103,1.30103
493,-0.4156688,-2,2,-1.30103,1.30103
495,-0.4156688,-2,2,-1.30103,1.30103
497,-0.4156688,-2,2,-1.30103,1.30103
499,-0.4078232,-2,2,-1.30103,1.30103
501,-0.4100504,-2,2,-1.30103,1.30103
503,-0.4111683,-2,2,-1.30103,1.30103
505,-0.4045038,-2,2,-1.30103,1.30103
507,-0.4134127,-2,2,-1.30103,1.30103
509,-0.4111683,-2,2,-1.30103,1.30103
511,-0.4067139,-2,2,-1.30103,1.30103
513,-0.4225082,-2,2,-1.30103,1.30103
515,-0.4202164,-2,2,-1.30103,1.30103
517,-0.4179366,-2,2,-1.30103,1.30103
519,-0.4179366,-2,2,-1.30103,1.30103
521,-0.4259687,-2,2,-1.30103,1.30103
523,-0.4202164,-2,2,-1.30103,1.30103
525,-0.4225082,-2,2,-1.30103,1.30103
527,-0.4225082,-2,2,-1.30103,1.30103
529,-0.4341522,-2,2,-1.30103,1.30103
531,-0.4377071,-2,2,-1.30103,1.30103
533,-0.4388986,-2,2,-1.30103,1.30103
535,-0.4294571,-2,2,-1.30103,1.30103
537,-0.4294571,-2,2,-1.30103,1.30103
539,-0.4294571,-2,2,-1.30103,1.30103
541,-0.4294571,-2,2,-1.30103,1.30103
543,-0.4259687,-2,2,-1.30103,1.30103
545,-0.4225082,-2,2,-1.30103,1.30103
547,-0.4317983,-2,2,-1.30103,1.30103
549,-0.4294571,-2,2,-1.30103,1.30103
551,-0.4202164,-2,2,-1.30103,1.30103
553,-0.4202164,-2,2,-1.30103,1.30103
555,-0.4078232,-2,2,-1.30103,1.30103
557,-0.4001169,-2,2,-1.30103,1.30103
559,-0.3936186,-2,2,-1.30103,1.30103
561,-0.3893398,-2,2,-1.30103,1.30103
563,-0.391474,-2,2,-1.30103,1.30103
565,-0.3957739,-2,2,-1.30103,1.30103
567,-0.3990271,-2,2,-1.30103,1.30103
569,-0.3957739,-2,2,-1.30103,1.30103
571,-0.392545,-2,2,-1.30103,1.30103
573,-0.391474,-2,2,-1.30103,1.30103
575,-0.391474,-2,2,-1.30103,1.30103
577,-0.4001169,-2,2,-1.30103,1.30103
579,-0.4023048,-2,2,-1.30103,1.30103
581,-0.4045038,-2,2,-1.30103,1.30103
583,-0.4067139,-2,2,-1.30103,1.30103
585,-0.4089354,-2,2,-1.30103,1.30103
587,-0.4056075,-2,2,-1.30103,1.30103
589,-0.4045038,-2,2,-1.30103,1.30103
591,-0.4045038,-2,2,-1.30103,1.30103
593,-0.4067139,-2,2,-1.30103,1.30103
595,-0.4001169,-2,2,-1.30103,1.30103
597,-0.4067139,-2,2,-1.30103,1.30103
599,-0.4067139,-2,2,-1.30103,1.30103
601,-0.4089354,-2,2,-1.30103,1.30103
603,-0.4067139,-2,2,-1.30103,1.30103
605,-0.4001169,-2,2,-1.30103,1.30103
607,-0.391474,-2,2,-1.30103,1.30103
609,-0.3936186,-2,2,-1.30103,1.30103
611,-0.4001169,-2,2,-1.30103,1.30103
613,-0.3936186,-2,2,-1.30103,1.30103
615,-0.39794,-2,2,-1.30103,1.30103
617,-0.4023048,-2,2,-1.30103,1.30103
619,-0.39794,-2,2,-1.30103,1.30103
621,-0.4001169,-2,2,-1.30103,1.30103
623,-0.412289,-2,2,-1.30103,1.30103
625,-0.4100504,-2,2,-1.30103,1.30103
627,-0.4100504,-2,2,-1.30103,1.30103
629,-0.4134127,-2,2,-1.30103,1.30103
631,-0.4156688,-2,2,-1.30103,1.30103
633,-0.4225082,-2,2,-1.30103,1.30103
635,-0.4225082,-2,2,-1.30103,1.30103
637,-0.4202164,-2,2,-1.30103,1.30103
639,-0.4202164,-2,2,-1.30103,1.30103
641,-0.4111683,-2,2,-1.30103,1.30103
643,-0.4067139,-2,2,-1.30103,1.30103
645,-0.3990271,-2,2,-1.30103,1.30103
647,-0.3904056,-2,2,-1.30103,1.30103
649,-0.3829997,-2,2,-1.30103,1.30103
651,-0.3893398,-2,2,-1.30103,1.30103
653,-0.3968556,-2,2,-1.30103,1.30103
655,-0.4012095,-2,2,-1.30103,1.30103
657,-0.4067139,-2,2,-1.30103,1.30103
659,-0.4001169,-2,2,-1.30103,1.30103
661,-0.4001169,-2,2,-1.30103,1.30103
663,-0.4134127,-2,2,-1.30103,1.30103
665,-0.4156688,-2,2,-1.30103,1.30103
667,-0.4156688,-2,2,-1.30103,1.30103
669,-0.419075,-2,2,-1.30103,1.30103
671,-0.4202164,-2,2,-1.30103,1.30103
673,-0.4202164,-2,2,-1.30103,1.30103
675,-0.4225082,-2,2,-1.30103,1.30103
677,-0.4225082,-2,2,-1.30103,1.30103
679,-0.4202164,-2,2,-1.30103,1.30103
681,-0.4202164,-2,2,-1.30103,1.30103
683,0.6615435,-2,2,-1.30103,1.30103
685,0.6615435,-2,2,-1.30103,1.30103
687,0.6615435,-2,2,-1.30103,1.30103
689,0.6635402,-2,2,-1.30103,1.30103
691,0.6615435,-2,2,-1.30103,1.30103
693,0.6615435,-2,2,-1.30103,1.30103
695,0.6615435,-2,2,-1.30103,1.30103
697,0.6655462,-2,2,-1.30103,1.30103
699,0.6615435,-2,2,-1.30103,1.30103
701,0.6615435,-2,2,-1.30103,1.30103
703,0.6635402,-2,2,-1.30103,1.30103
705,0.6635402,-2,2,-1.30103,1.30103
707,0.6615435,-2,2,-1.30103,1.30103
709,0.6655462,-2,2,-1.30103,1.30103
711,0.6575773,-2,2,-1.30103,1.30103
713,0.6615435,-2,2,-1.30103,1.30103
715,0.6615435,-2,2,-1.30103,1.30103
717,0.6675615,-2,2,-1.30103,1.30103
719,0.6736642,-2,2,-1.30103,1.30103
721,0.6736642,-2,2,-1.30103,1.30103
723,0.6736642,-2,2,-1.30103,1.30103
725,0.6736642,-2,2,-1.30103,1.30103
727,0.6695862,-2,2,-1.30103,1.30103
729,0.6716204,-2,2,-1.30103,1.30103
731,0.6716204,-2,2,-1.30103,1.30103
733,0.6736642,-2,2,-1.30103,1.30103
735,0.6777807,-2,2,-1.30103,1.30103
737,0.6777807,-2,2,-1.30103,1.30103
739,0.6777807,-2,2,-1.30103,1.30103
741,0.6777807,-2,2,-1.30103,1.30103
743,0.6777807,-2,2,-1.30103,1.30103
745,0.6861328,-2,2,-1.30103,1.30103
747,0.6861328,-2,2,-1.30103,1.30103
749,0.6840296,-2,2,-1.30103,1.30103
751,0.6736642,-2,2,-1.30103,1.30103
753,0.6798537,-2,2,-1.30103,1.30103
755,0.6798537,-2,2,-1.30103,1.30103
757,0.6695862,-2,2,-1.30103,1.30103
759,0.6615435,-2,2,-1.30103,1.30103
761,0.6575773,-2,2,-1.30103,1.30103
763,0.649752,-2,2,-1.30103,1.30103
765,0.653647,-2,2,-1.30103,1.30103
767,0.6595559,-2,2,-1.30103,1.30103
769,0.6458915,-2,2,-1.30103,1.30103
771,0.6420652,-2,2,-1.30103,1.30103
773,0.6458915,-2,2,-1.30103,1.30103
775,0.6439741,-2,2,-1.30103,1.30103
777,0.6516951,-2,2,-1.30103,1.30103
779,0.653647,-2,2,-1.30103,1.30103
781,0.653647,-2,2,-1.30103,1.30103
783,0.653647,-2,2,-1.30103,1.30103
785,0.653647,-2,2,-1.30103,1.30103
787,0.653647,-2,2,-1.30103,1.30103
789,0.6595559,-2,2,-1.30103,1.30103
791,0.6655462,-2,2,-1.30103,1.30103
793,0.653647,-2,2,-1.30103,1.30103
795,0.6516951,-2,2,-1.30103,1.30103
797,0.6458915,-2,2,-1.30103,1.30103
799,0.6420652,-2,2,-1.30103,1.30103
801,0.653647,-2,2,-1.30103,1.30103
803,0.6556077,-2,2,-1.30103,1.30103
805,0.649752,-2,2,-1.30103,1.30103
807,0.6420652,-2,2,-1.30103,1.30103
809,0.6420652,-2,2,-1.30103,1.30103
811,0.6420652,-2,2,-1.30103,1.30103
813,0.6420652,-2,2,-1.30103,1.30103
815,0.634512,-2,2,-1.30103,1.30103
817,0.623423,-2,2,-1.30103,1.30103
819,0.627088,-2,2,-1.30103,1.30103
821,0.6307842,-2,2,-1.30103,1.30103
823,0.6382722,-2,2,-1.30103,1.30103
825,0.6382722,-2,2,-1.30103,1.30103
827,0.636388,-2,2,-1.30103,1.30103
829,0.636388,-2,2,-1.30103,1.30103
831,0.6420652,-2,2,-1.30103,1.30103
833,0.6382722,-2,2,-1.30103,1.30103
835,0.6382722,-2,2,-1.30103,1.30103
837,0.6401645,-2,2,-1.30103,1.30103
839,0.6401645,-2,2,-1.30103,1.30103
841,0.6326441,-2,2,-1.30103,1.30103
843,0.636388,-2,2,-1.30103,1.30103
845,0.627088,-2,2,-1.30103,1.30103
847,0.6161847,-2,2,-1.30103,1.30103
849,0.6161847,-2,2,-1.30103,1.30103
851,0.6161847,-2,2,-1.30103,1.30103
853,0.623423,-2,2,-1.30103,1.30103
855,0.627088,-2,2,-1.30103,1.30103
857,0.627088,-2,2,-1.30103,1.30103
859,0.6289321,-2,2,-1.30103,1.30103
861,0.623423,-2,2,-1.30103,1.30103
863,0.623423,-2,2,-1.30103,1.30103
865,0.6307842,-2,2,-1.30103,1.30103
867,0.6326441,-2,2,-1.30103,1.30103
869,0.6289321,-2,2,-1.30103,1.30103
871,0.6289321,-2,2,-1.30103,1.30103
873,0.634512,-2,2,-1.30103,1.30103
875,0.6307842,-2,2,-1.30103,1.30103
877,0.6307842,-2,2,-1.30103,1.30103
879,0.6289321,-2,2,-1.30103,1.30103
881,0.627088,-2,2,-1.30103,1.30103
883,0.6307842,-2,2,-1.30103,1.30103
885,0.634512,-2,2,-1.30103,1.30103
887,0.6307842,-2,2,-1.30103,1.30103
889,0.6307842,-2,2,-1.30103,1.30103
891,0.634512,-2,2,-1.30103,1.30103
893,0.6382722,-2,2,-1.30103,1.30103
895,0.6420652,-2,2,-1.30103,1.30103
897,0.6458915,-2,2,-1.30103,1.30103
899,0.649752,-2,2,-1.30103,1.30103
901,0.6420652,-2,2,-1.30103,1.30103
903,0.6401645,-2,2,-1.30103,1.30103
905,0.634512,-2,2,-1.30103,1.30103
907,0.6307842,-2,2,-1.30103,1.30103
909,0.634512,-2,2,-1.30103,1.30103
911,0.634512,-2,2,-1.30103,1.30103
913,0.634512,-2,2,-1.30103,1.30103
915,0.6307842,-2,2,-1.30103,1.30103
917,0.623423,-2,2,-1.30103,1.30103
919,0.6126102,-2,2,-1.30103,1.30103
921,0.6126102,-2,2,-1.30103,1.30103
923,0.6161847,-2,2,-1.30103,1.30103
925,0.6126102,-2,2,-1.30103,1.30103
927,0.6126102,-2,2,-1.30103,1.30103
929,0.6161847,-2,2,-1.30103,1.30103
931,0.6197888,-2,2,-1.30103,1.30103
933,0.6197888,-2,2,-1.30103,1.30103
935,0.6161847,-2,2,-1.30103,1.30103
937,0.60206,-2,2,-1.30103,1.30103
939,0.60206,-2,2,-1.30103,1.30103
941,0.60206,-2,2,-1.30103,1.30103
943,0.60206,-2,2,-1.30103,1.30103
945,0.60206,-2,2,-1.30103,1.30103
947,0.60206,-2,2,-1.30103,1.30103
949,0.5951663,-2,2,-1.30103,1.30103
951,0.59176,-2,2,-1.30103,1.30103
953,0.5934598,-2,2,-1.30103,1.30103
955,0.5850267,-2,2,-1.30103,1.30103
957,0.5816987,-2,2,-1.30103,1.30103
959,0.5783961,-2,2,-1.30103,1.30103
961,0.5751184,-2,2,-1.30103,1.30103
963,0.5883803,-2,2,-1.30103,1.30103
965,0.5883803,-2,2,-1.30103,1.30103
967,0.5850267,-2,2,-1.30103,1.30103
969,0.5850267,-2,2,-1.30103,1.30103
971,0.5900669,-2,2,-1.30103,1.30103
973,0.5951663,-2,2,-1.30103,1.30103
975,0.59176,-2,2,-1.30103,1.30103
977,0.5867003,-2,2,-1.30103,1.30103
979,0.5951663,-2,2,-1.30103,1.30103
981,0.60206,-2,2,-1.30103,1.30103
983,0.6038007,-2,2,-1.30103,1.30103
985,0.6090649,-2,2,-1.30103,1.30103
987,0.6055483,-2,2,-1.30103,1.30103
989,0.5985994,-2,2,-1.30103,1.30103
991,0.6055483,-2,2,-1.30103,1.30103
993,0.60206,-2,2,-1.30103,1.30103
995,0.60206,-2,2,-1.30103,1.30103
997,0.607303,-2,2,-1.30103,1.30103
999,0.6108339,-2,2,-1.30103,1.30103
1001,0.6090649,-2,2,-1.30103,1.30103
1003,0.6055483,-2,2,-1.30103,1.30103
1005,0.607303,-2,2,-1.30103,1.30103
1007,0.6055483,-2,2,-1.30103,1.30103
1009,0.6055483,-2,2,-1.30103,1.30103
1011,0.6055483,-2,2,-1.30103,1.30103
1013,0.6055483,-2,2,-1.30103,1.30103
1015,0.6055483,-2,2,-1.30103,1.30103
1017,0.6055483,-2,2,-1.30103,1.30103
1019,0.6090649,-2,2,-1.30103,1.30103
1021,0.6090649,-2,2,-1.30103,1.30103
1023,0.6055483,-2,2,-1.30103,1.30103
1025,0.6055483,-2,2,-1.30103,1.30103
1027,0.6055483,-2,2,-1.30103,1.30103
1029,0.6055483,-2,2,-1.30103,1.30103
1031,0.6055483,-2,2,-1.30103,1.30103
1033,0.6090649,-2,2,-1.30103,1.30103
1035,0.6108339,-2,2,-1.30103,1.30103
1037,0.60206,-2,2,-1.30103,1.30103
1039,0.60206,-2,2,-1.30103,1.30103
1041,0.60206,-2,2,-1.30103,1.30103
1043,0.60206,-2,2,-1.30103,1.30103
1045,0.5985994,-2,2,-1.30103,1.30103
1047,0.6055483,-2,2,-1.30103,1.30103
1049,0.6055483,-2,2,-1.30103,1.30103
1051,0.60206,-2,2,-1.30103,1.30103
1053,0.5985994,-2,2,-1.30103,1.30103
1055,0.6055483,-2,2,-1.30103,1.30103
1057,0.6038007,-2,2,-1.30103,1.30103
1059,0.5985994,-2,2,-1.30103,1.30103
1061,0.60206,-2,2,-1.30103,1.30103
1063,0.6126102,-2,2,-1.30103,1.30103
1065,0.6055483,-2,2,-1.30103,1.30103
1067,0.6055483,-2,2,-1.30103,1.30103
1069,0.60206,-2,2,-1.30103,1.30103
1071,0.60206,-2,2,-1.30103,1.30103
1073,0.60206,-2,2,-1.30103,1.30103
1075,0.5985994,-2,2,-1.30103,1.30103
1077,0.6003263,-2,2,-1.30103,1.30103
1079,0.6090649,-2,2,-1.30103,1.30103
1081,0.6055483,-2,2,-1.30103,1.30103
1083,0.60206,-2,2,-1.30103,1.30103
1085,0.6003263,-2,2,-1.30103,1.30103
1087,0.5968795,-2,2,-1.30103,1.30103
1089,0.60206,-2,2,-1.30103,1.30103
1091,0.6055483,-2,2,-1.30103,1.30103
1093,0.6003263,-2,2,-1.30103,1.30103
1095,0.5951663,-2,2,-1.30103,1.30103
1097,0.5951663,-2,2,-1.30103,1.30103
1099,0.5985994,-2,2,-1.30103,1.30103
1101,0.5985994,-2,2,-1.30103,1.30103
1103,0.60206,-2,2,-1.30103,1.30103
1105,0.60206,-2,2,-1.30103,1.30103
1107,0.6090649,-2,2,-1.30103,1.30103
1109,0.6161847,-2,2,-1.30103,1.30103
1111,0.6126102,-2,2,-1.30103,1.30103
1113,0.6090649,-2,2,-1.30103,1.30103
1115,0.6161847,-2,2,-1.30103,1.30103
1117,0.6197888,-2,2,-1.30103,1.30103
1119,0.623423,-2,2,-1.30103,1.30103
1121,0.627088,-2,2,-1.30103,1.30103
1123,0.6197888,-2,2,-1.30103,1.30103
1125,0.6197888,-2,2,-1.30103,1.30103
1127,0.6197888,-2,2,-1.30103,1.30103
1129,0.617983,-2,2,-1.30103,1.30103
1131,0.6197888,-2,2,-1.30103,1.30103
1133,0.6161847,-2,2,-1.30103,1.30103
1135,0.617983,-2,2,-1.30103,1.30103
1137,0.617983,-2,2,-1.30103,1.30103
1139,0.6161847,-2,2,-1.30103,1.30103
1141,0.623423,-2,2,-1.30103,1.30103
1143,0.623423,-2,2,-1.30103,1.30103
1145,0.623423,-2,2,-1.30103,1.30103
1147,0.623423,-2,2,-1.30103,1.30103
1149,0.623423,-2,2,-1.30103,1.30103
1151,0.6197888,-2,2,-1.30103,1.30103
1153,0.623423,-2,2,-1.30103,1.30103
1155,0.6161847,-2,2,-1.30103,1.30103
1157,0.6197888,-2,2,-1.30103,1.30103
1159,0.6197888,-2,2,-1.30103,1.30103
1161,0.6252517,-2,2,-1.30103,1.30103
1163,0.6197888,-2,2,-1.30103,1.30103
1165,0.623423,-2,2,-1.30103,1.30103
1167,0.623423,-2,2,-1.30103,1.30103
1169,0.623423,-2,2,-1.30103,1.30103
1171,0.617983,-2,2,-1.30103,1.30103
1173,0.6055483,-2,2,-1.30103,1.30103
1175,0.6143937,-2,2,-1.30103,1.30103
1177,0.6126102,-2,2,-1.30103,1.30103
1179,0.6055483,-2,2,-1.30103,1.30103
1181,0.60206,-2,2,-1.30103,1.30103
1183,0.5951663,-2,2,-1.30103,1.30103
1185,0.59176,-2,2,-1.30103,1.30103
1187,0.5985994,-2,2,-1.30103,1.30103
1189,0.59176,-2,2,-1.30103,1.30103
1191,0.5850267,-2,2,-1.30103,1.30103
1193,0.5850267,-2,2,-1.30103,1.30103
1195,0.5800443,-2,2,-1.30103,1.30103
1197,0.5751184,-2,2,-1.30103,1.30103
1199,0.5850267,-2,2,-1.30103,1.30103
1201,0.5816987,-2,2,-1.30103,1.30103
1203,0.5816987,-2,2,-1.30103,1.30103
1205,0.5800443,-2,2,-1.30103,1.30103
1207,0.5783961,-2,2,-1.30103,1.30103
1209,0.5751184,-2,2,-1.30103,1.30103
1211,0.5883803,-2,2,-1.30103,1.30103
1213,0.5883803,-2,2,-1.30103,1.30103
1215,0.5883803,-2,2,-1.30103,1.30103
1217,0.5883803,-2,2,-1.30103,1.30103
1219,0.5850267,-2,2,-1.30103,1.30103
1221,0.5850267,-2,2,-1.30103,1.30103
1223,0.5816987,-2,2,-1.30103,1.30103
1225,0.5783961,-2,2,-1.30103,1.30103
1227,0.5767542,-2,2,-1.30103,1.30103
1229,0.5767542,-2,2,-1.30103,1.30103
1231,0.5767542,-2,2,-1.30103,1.30103
1233,0.5686362,-2,2,-1.30103,1.30103
1235,0.5751184,-2,2,-1.30103,1.30103
1237,0.5751184,-2,2,-1.30103,1.30103
1239,0.5718652,-2,2,-1.30103,1.30103
1241,0.5718652,-2,2,-1.30103,1.30103
1243,0.5718652,-2,2,-1.30103,1.30103
1245,0.5686362,-2,2,-1.30103,1.30103
1247,0.5686362,-2,2,-1.30103,1.30103
1249,0.5718652,-2,2,-1.30103,1.30103
1251,0.5751184,-2,2,-1.30103,1.30103
1253,0.5686362,-2,2,-1.30103,1.30103
1255,0.5622494,-2,2,-1.30103,1.30103
1257,0.5686362,-2,2,-1.30103,1.30103
1259,0.5686362,-2,2,-1.30103,1.30103
1261,0.5686362,-2,2,-1.30103,1.30103
1263,0.5686362,-2,2,-1.30103,1.30103
1265,0.5622494,-2,2,-1.30103,1.30103
1267,0.5622494,-2,2,-1.30103,1.30103
1269,0.5686362,-2,2,-1.30103,1.30103
1271,0.5686362,-2,2,-1.30103,1.30103
1273,0.5686362,-2,2,-1.30103,1.30103
1275,0.5686362,-2,2,-1.30103,1.30103
1277,0.5622494,-2,2,-1.30103,1.30103
1279,0.5512937,-2,2,-1.30103,1.30103
1281,0.5497509,-2,2,-1.30103,1.30103
1283,0.5497509,-2,2,-1.30103,1.30103
1285,0.5512937,-2,2,-1.30103,1.30103
1287,0.5559552,-2,2,-1.30103,1.30103
1289,0.5497509,-2,2,-1.30103,1.30103
1291,0.5451552,-2,2,-1.30103,1.30103
1293,0.5497509,-2,2,-1.30103,1.30103
1295,0.5497509,-2,2,-1.30103,1.30103
1297,0.5497509,-2,2,-1.30103,1.30103
1299,0.5512937,-2,2,-1.30103,1.30103
1301,0.5466816,-2,2,-1.30103,1.30103
1303,0.5466816,-2,2,-1.30103,1.30103
1305,0.5590909,-2,2,-1.30103,1.30103
1307,0.552842,-2,2,-1.30103,1.30103
1309,0.5451552,-2,2,-1.30103,1.30103
1311,0.5421181,-2,2,-1.30103,1.30103
1313,0.537602,-2,2,-1.30103,1.30103
1315,0.537602,-2,2,-1.30103,1.30103
1317,0.5391021,-2,2,-1.30103,1.30103
1319,0.5316527,-2,2,-1.30103,1.30103
1321,0.537602,-2,2,-1.30103,1.30103
1323,0.5436339,-2,2,-1.30103,1.30103
1325,0.5436339,-2,2,-1.30103,1.30103
1327,0.5436339,-2,2,-1.30103,1.30103
1329,0.5497509,-2,2,-1.30103,1.30103
1331,0.5466816,-2,2,-1.30103,1.30103
1333,0.5497509,-2,2,-1.30103,1.30103
1335,0.5559552,-2,2,-1.30103,1.30103
1337,0.552842,-2,2,-1.30103,1.30103
1339,0.5497509,-2,2,-1.30103,1.30103
1341,0.5559552,-2,2,-1.30103,1.30103
1343,0.5512937,-2,2,-1.30103,1.30103
1345,0.5512937,-2,2,-1.30103,1.30103
1347,0.5559552,-2,2,-1.30103,1.30103
1349,0.552842,-2,2,-1.30103,1.30103
1351,0.5543958,-2,2,-1.30103,1.30103
1353,0.5543958,-2,2,-1.30103,1.30103
1355,0.5622494,-2,2,-1.30103,1.30103
1357,0.5590909,-2,2,-1.30103,1.30103
1359,0.5590909,-2,2,-1.30103,1.30103
1361,0.5559552,-2,2,-1.30103,1.30103
1363,0.5559552,-2,2,-1.30103,1.30103
1365,0.5559552,-2,2,-1.30103,1.30103
1367,0.5575202,-2,2,-1.30103,1.30103
1369,0.5638373,-2,2,-1.30103,1.30103
1371,0.5638373,-2,2,-1.30103,1.30103
1373,0.5702477,-2,2,-1.30103,1.30103
1375,0.5751184,-2,2,-1.30103,1.30103
1377,0.5686362,-2,2,-1.30103,1.30103
1379,0.5718652,-2,2,-1.30103,1.30103
1381,0.5702477,-2,2,-1.30103,1.30103
1383,0.5622494,-2,2,-1.30103,1.30103
1385,0.5590909,-2,2,-1.30103,1.30103
1387,0.552842,-2,2,-1.30103,1.30103
1389,0.5559552,-2,2,-1.30103,1.30103
1391,0.5543958,-2,2,-1.30103,1.30103
1393,0.552842,-2,2,-1.30103,1.30103
1395,0.552842,-2,2,-1.30103,1.30103
1397,0.5559552,-2,2,-1.30103,1.30103
1399,0.5482135,-2,2,-1.30103,1.30103
1401,0.5497509,-2,2,-1.30103,1.30103
1403,0.5512937,-2,2,-1.30103,1.30103
1405,0.5512937,-2,2,-1.30103,1.30103
1407,0.5512937,-2,2,-1.30103,1.30103
1409,0.5497509,-2,2,-1.30103,1.30103
1411,0.5406075,-2,2,-1.30103,1.30103
1413,0.5466816,-2,2,-1.30103,1.30103
1415,0.5466816,-2,2,-1.30103,1.30103
1417,0.5466816,-2,2,-1.30103,1.30103
1419,0.5482135,-2,2,-1.30103,1.30103
1421,0.5482135,-2,2,-1.30103,1.30103
1423,0.5436339,-2,2,-1.30103,1.30103
1425,0.5406075,-2,2,-1.30103,1.30103
1427,0.5436339,-2,2,-1.30103,1.30103
1429,0.5451552,-2,2,-1.30103,1.30103
1431,0.5451552,-2,2,-1.30103,1.30103
1433,0.552842,-2,2,-1.30103,1.30103
1435,0.5497509,-2,2,-1.30103,1.30103
1437,0.5466816,-2,2,-1.30103,1.30103
1439,0.5436339,-2,2,-1.30103,1.30103
1441,0.5436339,-2,2,-1.30103,1.30103
1443,0.5482135,-2,2,-1.30103,1.30103
1445,0.5482135,-2,2,-1.30103,1.30103
1447,0.5559552,-2,2,-1.30103,1.30103
1449,0.5559552,-2,2,-1.30103,1.30103
1451,0.5575202,-2,2,-1.30103,1.30103
1453,0.5512937,-2,2,-1.30103,1.30103
1455,0.5436339,-2,2,-1.30103,1.30103
1457,0.5436339,-2,2,-1.30103,1.30103
1459,0.537602,-2,2,-1.30103,1.30103
1461,0.5346171,-2,2,-1.30103,1.30103
1463,0.5346171,-2,2,-1.30103,1.30103
1465,0.5287083,-2,2,-1.30103,1.30103
1467,0.5287083,-2,2,-1.30103,1.30103
1469,0.5316527,-2,2,-1.30103,1.30103
1471,0.5257837,-2,2,-1.30103,1.30103
1473,0.5257837,-2,2,-1.30103,1.30103
1475,0.5272436,-2,2,-1.30103,1.30103
1477,0.5199931,-2,2,-1.30103,1.30103
1479,0.5316527,-2,2,-1.30103,1.30103
1481,0.5346171,-2,2,-1.30103,1.30103
1483,0.5257837,-2,2,-1.30103,1.30103
1485,0.5272436,-2,2,-1.30103,1.30103
1487,0.536107,-2,2,-1.30103,1.30103
1489,0.5272436,-2,2,-1.30103,1.30103
1491,0.5287083,-2,2,-1.30103,1.30103
1493,0.5406075,-2,2,-1.30103,1.30103
1495,0.5346171,-2,2,-1.30103,1.30103
1497,0.5436339,-2,2,-1.30103,1.30103
1499,0.552842,-2,2,-1.30103,1.30103
1501,0.552842,-2,2,-1.30103,1.30103
1503,0.5466816,-2,2,-1.30103,1.30103
1505,0.5559552,-2,2,-1.30103,1.30103
1507,0.5436339,-2,2,-1.30103,1.30103
1509,0.5406075,-2,2,-1.30103,1.30103
1511,0.5466816,-2,2,-1.30103,1.30103
1513,0.5436339,-2,2,-1.30103,1.30103
1515,0.5391021,-2,2,-1.30103,1.30103
1517,0.5436339,-2,2,-1.30103,1.30103
1519,0.5436339,-2,2,-1.30103,1.30103
1521,0.5346171,-2,2,-1.30103,1.30103
1523,0.537602,-2,2,-1.30103,1.30103
1525,0.537602,-2,2,-1.30103,1.30103
1527,0.5406075,-2,2,-1.30103,1.30103
1529,0.5406075,-2,2,-1.30103,1.30103
1531,0.5316527,-2,2,-1.30103,1.30103
1533,0.537602,-2,2,-1.30103,1.30103
1535,0.536107,-2,2,-1.30103,1.30103
1537,0.5346171,-2,2,-1.30103,1.30103
1539,0.5406075,-2,2,-1.30103,1.30103
1541,0.5406075,-2,2,-1.30103,1.30103
1543,0.5346171,-2,2,-1.30103,1.30103
1545,0.5436339,-2,2,-1.30103,1.30103
1547,0.5436339,-2,2,-1.30103,1.30103
1549,0.537602,-2,2,-1.30103,1.30103
1551,0.5406075,-2,2,-1.30103,1.30103
1553,0.5406075,-2,2,-1.30103,1.30103
1555,0.5436339,-2,2,-1.30103,1.30103
1557,0.5436339,-2,2,-1.30103,1.30103
1559,0.5436339,-2,2,-1.30103,1.30103
1561,0.5421181,-2,2,-1.30103,1.30103
1563,0.5406075,-2,2,-1.30103,1.30103
1565,0.5406075,-2,2,-1.30103,1.30103
1567,0.537602,-2,2,-1.30103,1.30103
1569,0.5391021,-2,2,-1.30103,1.30103
1571,0.537602,-2,2,-1.30103,1.30103
1573,0.5331324,-2,2,-1.30103,1.30103
1575,0.5346171,-2,2,-1.30103,1.30103
1577,0.530178,-2,2,-1.30103,1.30103
1579,0.5287083,-2,2,-1.30103,1.30103
1581,0.5257837,-2,2,-1.30103,1.30103
1583,0.5257837,-2,2,-1.30103,1.30103
1585,0.5228788,-2,2,-1.30103,1.30103
1587,0.5287083,-2,2,-1.30103,1.30103
1589,0.5257837,-2,2,-1.30103,1.30103
1591,0.530178,-2,2,-1.30103,1.30103
1593,0.5346171,-2,2,-1.30103,1.30103
1595,0.536107,-2,2,-1.30103,1.30103
1597,0.5316527,-2,2,-1.30103,1.30103
1599,0.5331324,-2,2,-1.30103,1.30103
1601,0.5287083,-2,2,-1.30103,1.30103
1603,0.5257837,-2,2,-1.30103,1.30103
1605,0.5243288,-2,2,-1.30103,1.30103
1607,0.5272436,-2,2,-1.30103,1.30103
1609,0.5272436,-2,2,-1.30103,1.30103
1611,0.5287083,-2,2,-1.30103,1.30103
1613,0.5316527,-2,2,-1.30103,1.30103
1615,0.5316527,-2,2,-1.30103,1.30103
1617,0.5316527,-2,2,-1.30103,1.30103
1619,0.5287083,-2,2,-1.30103,1.30103
1621,0.5287083,-2,2,-1.30103,1.30103
1623,0.5287083,-2,2,-1.30103,1.30103
1625,0.5316527,-2,2,-1.30103,1.30103
1627,0.5316527,-2,2,-1.30103,1.30103
1629,0.5287083,-2,2,-1.30103,1.30103
1631,0.5331324,-2,2,-1.30103,1.30103
1633,0.5331324,-2,2,-1.30103,1.30103
1635,0.5257837,-2,2,-1.30103,1.30103
1637,0.5287083,-2,2,-1.30103,1.30103
1639,0.5287083,-2,2,-1.30103,1.30103
1641,0.5316527,-2,2,-1.30103,1.30103
1643,0.5316527,-2,2,-1.30103,1.30103
1645,0.5316527,-2,2,-1.30103,1.30103
1647,0.537602,-2,2,-1.30103,1.30103
1649,0.530178,-2,2,-1.30103,1.30103
1651,0.530178,-2,2,-1.30103,1.30103
1653,0.5316527,-2,2,-1.30103,1.30103
1655,0.5346171,-2,2,-1.30103,1.30103
1657,0.5346171,-2,2,-1.30103,1.30103
1659,0.5346171,-2,2,-1.30103,1.30103
1661,0.537602,-2,2,-1.30103,1.30103
1663,0.537602,-2,2,-1.30103,1.30103
1665,0.5436339,-2,2,-1.30103,1.30103
1667,0.5436339,-2,2,-1.30103,1.30103
1669,0.5421181,-2,2,-1.30103,1.30103
1671,0.537602,-2,2,-1.30103,1.30103
1673,0.537602,-2,2,-1.30103,1.30103
1675,0.537602,-2,2,-1.30103,1.30103
1677,0.5346171,-2,2,-1.30103,1.30103
1679,0.5346171,-2,2,-1.30103,1.30103
1681,0.5346171,-2,2,-1.30103,1.30103
1683,0.536107,-2,2,-1.30103,1.30103
1685,0.5346171,-2,2,-1.30103,1.30103
1687,0.5391021,-2,2,-1.30103,1.30103
1689,0.5346171,-2,2,-1.30103,1.30103
1691,0.5331324,-2,2,-1.30103,1.30103
1693,0.5287083,-2,2,-1.30103,1.30103
1695,0.5257837,-2,2,-1.30103,1.30103
1697,0.5171264,-2,2,-1.30103,1.30103
1699,0.5058454,-2,2,-1.30103,1.30103
1701,0.5100415,-2,2,-1.30103,1.30103
1703,0.5171264,-2,2,-1.30103,1.30103
1705,0.5171264,-2,2,-1.30103,1.30103
1707,0.5171264,-2,2,-1.30103,1.30103
1709,0.5171264,-2,2,-1.30103,1.30103
1711,0.5171264,-2,2,-1.30103,1.30103
1713,0.5114493,-2,2,-1.30103,1.30103
1715,0.5171264,-2,2,-1.30103,1.30103
1717,0.5171264,-2,2,-1.30103,1.30103
1719,0.5114493,-2,2,-1.30103,1.30103
1721,0.5100415,-2,2,-1.30103,1.30103
1723,0.5086383,-2,2,-1.30103,1.30103
1725,0.5058454,-2,2,-1.30103,1.30103
1727,0.5058454,-2,2,-1.30103,1.30103
1729,0.5058454,-2,2,-1.30103,1.30103
1731,0.5058454,-2,2,-1.30103,1.30103
1733,0.5003129,-2,2,-1.30103,1.30103
1735,0.5003129,-2,2,-1.30103,1.30103
1737,0.5003129,-2,2,-1.30103,1.30103
1739,0.5030704,-2,2,-1.30103,1.30103
1741,0.4989407,-2,2,-1.30103,1.30103
1743,0.5044557,-2,2,-1.30103,1.30103
1745,0.5086383,-2,2,-1.30103,1.30103
1747,0.5086383,-2,2,-1.30103,1.30103
1749,0.5086383,-2,2,-1.30103,1.30103
1751,0.5114493,-2,2,-1.30103,1.30103
1753,0.5199931,-2,2,-1.30103,1.30103
1755,0.5114493,-2,2,-1.30103,1.30103
1757,0.5058454,-2,2,-1.30103,1.30103
1759,0.5058454,-2,2,-1.30103,1.30103
1761,0.5128616,-2,2,-1.30103,1.30103
1763,0.5100415,-2,2,-1.30103,1.30103
1765,0.5100415,-2,2,-1.30103,1.30103
1767,0.5100415,-2,2,-1.30103,1.30103
1769,0.5100415,-2,2,-1.30103,1.30103
1771,0.5058454,-2,2,-1.30103,1.30103
1773,0.5114493,-2,2,-1.30103,1.30103
1775,0.5086383,-2,2,-1.30103,1.30103
1777,0.5086383,-2,2,-1.30103,1.30103
1779,0.5114493,-2,2,-1.30103,1.30103
1781,0.5142786,-2,2,-1.30103,1.30103
1783,0.5142786,-2,2,-1.30103,1.30103
1785,0.5142786,-2,2,-1.30103,1.30103
1787,0.5086383,-2,2,-1.30103,1.30103
1789,0.5086383,-2,2,-1.30103,1.30103
1791,0.5128616,-2,2,-1.30103,1.30103
1793,0.5030704,-2,2,-1.30103,1.30103
1795,0.4989407,-2,2,-1.30103,1.30103
1797,0.5003129,-2,2,-1.30103,1.30103
1799,0.4975729,-2,2,-1.30103,1.30103
1801,0.4975729,-2,2,-1.30103,1.30103
1803,0.5030704,-2,2,-1.30103,1.30103
1805,0.5114493,-2,2,-1.30103,1.30103
1807,0.5157002,-2,2,-1.30103,1.30103
1809,0.5185574,-2,2,-1.30103,1.30103
1811,0.5157002,-2,2,-1.30103,1.30103
1813,0.5114493,-2,2,-1.30103,1.30103
1815,0.5086383,-2,2,-1.30103,1.30103
1817,0.5058454,-2,2,-1.30103,1.30103
1819,0.5058454,-2,2,-1.30103,1.30103
1821,0.5142786,-2,2,-1.30103,1.30103
1823,0.5171264,-2,2,-1.30103,1.30103
1825,0.5171264,-2,2,-1.30103,1.30103
1827,0.5185574,-2,2,-1.30103,1.30103
1829,0.5243288,-2,2,-1.30103,1.30103
1831,0.5257837,-2,2,-1.30103,1.30103
1833,0.5228788,-2,2,-1.30103,1.30103
1835,0.5228788,-2,2,-1.30103,1.30103
1837,0.5331324,-2,2,-1.30103,1.30103
1839,0.530178,-2,2,-1.30103,1.30103
1841,0.5257837,-2,2,-1.30103,1.30103
1843,0.5257837,-2,2,-1.30103,1.30103
1845,0.5257837,-2,2,-1.30103,1.30103
1847,0.5214335,-2,2,-1.30103,1.30103
1849,0.5228788,-2,2,-1.30103,1.30103
1851,0.5331324,-2,2,-1.30103,1.30103
1853,0.5331324,-2,2,-1.30103,1.30103
1855,0.5316527,-2,2,-1.30103,1.30103
1857,0.537602,-2,2,-1.30103,1.30103
1859,0.5406075,-2,2,-1.30103,1.30103
1861,0.5406075,-2,2,-1.30103,1.30103
1863,0.537602,-2,2,-1.30103,1.30103
1865,0.5346171,-2,2,-1.30103,1.30103
1867,0.5316527,-2,2,-1.30103,1.30103
1869,0.5316527,-2,2,-1.30103,1.30103
1871,0.5287083,-2,2,-1.30103,1.30103
1873,0.5287083,-2,2,-1.30103,1.30103
1875,0.537602,-2,2,-1.30103,1.30103
1877,0.537602,-2,2,-1.30103,1.30103
1879,0.537602,-2,2,-1.30103,1.30103
1881,0.5287083,-2,2,-1.30103,1.30103
1883,0.5287083,-2,2,-1.30103,1.30103
1885,0.5287083,-2,2,-1.30103,1.30103
1887,0.5257837,-2,2,-1.30103,1.30103
1889,0.5257837,-2,2,-1.30103,1.30103
1891,0.5257837,-2,2,-1.30103,1.30103
1893,0.5257837,-2,2,-1.30103,1.30103
1895,0.5272436,-2,2,-1.30103,1.30103
1897,0.5287083,-2,2,-1.30103,1.30103
1899,0.5287083,-2,2,-1.30103,1.30103
1901,0.5257837,-2,2,-1.30103,1.30103
1903,0.5257837,-2,2,-1.30103,1.30103
1905,0.5171264,-2,2,-1.30103,1.30103
1907,0.5086383,-2,2,-1.30103,1.30103
1909,0.5086383,-2,2,-1.30103,1.30103
1911,0.5086383,-2,2,-1.30103,1.30103
1913,0.5086383,-2,2,-1.30103,1.30103
1915,0.5086383,-2,2,-1.30103,1.30103
1917,0.5044557,-2,2,-1.30103,1.30103
1919,0.5044557,-2,2,-1.30103,1.30103
1921,0.5044557,-2,2,-1.30103,1.30103
1923,0.5072396,-2,2,-1.30103,1.30103
1925,0.5030704,-2,2,-1.30103,1.30103
1927,0.5030704,-2,2,-1.30103,1.30103
1929,0.5003129,-2,2,-1.30103,1.30103
1931,0.5030704,-2,2,-1.30103,1.30103
1933,0.5072396,-2,2,-1.30103,1.30103
1935,0.5058454,-2,2,-1.30103,1.30103
1937,0.5086383,-2,2,-1.30103,1.30103
1939,0.5072396,-2,2,-1.30103,1.30103
1941,0.5086383,-2,2,-1.30103,1.30103
1943,0.5003129,-2,2,-1.30103,1.30103
1945,0.5003129,-2,2,-1.30103,1.30103
1947,0.4921441,-2,2,-1.30103,1.30103
1949,0.49485,-2,2,-1.30103,1.30103
1951,0.49485,-2,2,-1.30103,1.30103
1953,0.4921441,-2,2,-1.30103,1.30103
1955,0.4867824,-2,2,-1.30103,1.30103
1957,0.489455,-2,2,-1.30103,1.30103
1959,0.489455,-2,2,-1.30103,1.30103
1961,0.4867824,-2,2,-1.30103,1.30103
1963,0.4841262,-2,2,-1.30103,1.30103
1965,0.4841262,-2,2,-1.30103,1.30103
1967,0.489455,-2,2,-1.30103,1.30103
1969,0.489455,-2,2,-1.30103,1.30103
1971,0.4921441,-2,2,-1.30103,1.30103
1973,0.49485,-2,2,-1.30103,1.30103
1975,0.4921441,-2,2,-1.30103,1.30103
1977,0.49485,-2,2,-1.30103,1.30103
1979,0.489455,-2,2,-1.30103,1.30103
1981,0.489455,-2,2,-1.30103,1.30103
1983,0.4854522,-2,2,-1.30103,1.30103
1985,0.4867824,-2,2,-1.30103,1.30103
1987,0.4854522,-2,2,-1.30103,1.30103
1989,0.489455,-2,2,-1.30103,1.30103
1991,0.4867824,-2,2,-1.30103,1.30103
1993,0.4867824,-2,2,-1.30103,1.30103
1995,0.4921441,-2,2,-1.30103,1.30103
1997,0.49485,-2,2,-1.30103,1.30103
1999,0.4921441,-2,2,-1.30103,1.30103
2001,0.4975729,-2,2,-1.30103,1.30103
2003,0.4975729,-2,2,-1.30103,1.30103
2005,0.4975729,-2,2,-1.30103,1.30103
2007,0.4907975,-2,2,-1.30103,1.30103
2009,0.4841262,-2,2,-1.30103,1.30103
2011,0.4841262,-2,2,-1.30103,1.30103
2013,0.4867824,-2,2,-1.30103,1.30103
2015,0.489455,-2,2,-1.30103,1.30103
2017,0.489455,-2,2,-1.30103,1.30103
2019,0.4921441,-2,2,-1.30103,1.30103
2021,0.4921441,-2,2,-1.30103,1.30103
2023,0.4867824,-2,2,-1.30103,1.30103
2025,0.4867824,-2,2,-1.30103,1.30103
2027,0.4867824,-2,2,-1.30103,1.30103
2029,0.4867824,-2,2,-1.30103,1.30103
2031,0.4814861,-2,2,-1.30103,1.30103
2033,0.4814861,-2,2,-1.30103,1.30103
2035,0.4814861,-2,2,-1.30103,1.30103
2037,0.480172,-2,2,-1.30103,1.30103
2039,0.4814861,-2,2,-1.30103,1.30103
2041,0.4814861,-2,2,-1.30103,1.30103
2043,0.4867824,-2,2,-1.30103,1.30103
2045,0.4867824,-2,2,-1.30103,1.30103
2047,0.4867824,-2,2,-1.30103,1.30103
2049,0.4907975,-2,2,-1.30103,1.30103
2051,0.4854522,-2,2,-1.30103,1.30103
2053,0.4867824,-2,2,-1.30103,1.30103
2055,0.4867824,-2,2,-1.30103,1.30103
2057,0.4828041,-2,2,-1.30103,1.30103
2059,0.4828041,-2,2,-1.30103,1.30103
2061,0.4788619,-2,2,-1.30103,1.30103
2063,0.4881167,-2,2,-1.30103,1.30103
2065,0.4881167,-2,2,-1.30103,1.30103
2067,0.4881167,-2,2,-1.30103,1.30103
2069,0.489455,-2,2,-1.30103,1.30103
2071,0.489455,-2,2,-1.30103,1.30103
2073,0.49485,-2,2,-1.30103,1.30103
2075,0.4921441,-2,2,-1.30103,1.30103
2077,0.4921441,-2,2,-1.30103,1.30103
2079,0.4921441,-2,2,-1.30103,1.30103
2081,0.4867824,-2,2,-1.30103,1.30103
2083,0.4867824,-2,2,-1.30103,1.30103
2085,0.489455,-2,2,-1.30103,1.30103
2087,0.4854522,-2,2,-1.30103,1.30103
2089,0.4854522,-2,2,-1.30103,1.30103
2091,0.4867824,-2,2,-1.30103,1.30103
2093,0.493495,-2,2,-1.30103,1.30103
2095,0.4921441,-2,2,-1.30103,1.30103
2097,0.493495,-2,2,-1.30103,1.30103
2099,0.49485,-2,2,-1.30103,1.30103
2101,0.4975729,-2,2,-1.30103,1.30103
2103,0.5030704,-2,2,-1.30103,1.30103
2105,0.5030704,-2,2,-1.30103,1.30103
2107,0.5030704,-2,2,-1.30103,1.30103
2109,0.5030704,-2,2,-1.30103,1.30103
2111,0.5114493,-2,2,-1.30103,1.30103
2113,0.5114493,-2,2,-1.30103,1.30103
2115,0.5142786,-2,2,-1.30103,1.30103
2117,0.5142786,-2,2,-1.30103,1.30103
2119,0.5142786,-2,2,-1.30103,1.30103
2121,0.5199931,-2,2,-1.30103,1.30103
2123,0.5199931,-2,2,-1.30103,1.30103
2125,0.5199931,-2,2,-1.30103,1.30103
2127,0.5243288,-2,2,-1.30103,1.30103
2129,0.5243288,-2,2,-1.30103,1.30103
2131,0.5243288,-2,2,-1.30103,1.30103
2133,0.5199931,-2,2,-1.30103,1.30103
2135,0.5199931,-2,2,-1.30103,1.30103
2137,0.5199931,-2,2,-1.30103,1.30103
2139,0.5171264,-2,2,-1.30103,1.30103
2141,0.5199931,-2,2,-1.30103,1.30103
2143,0.5199931,-2,2,-1.30103,1.30103
2145,0.5199931,-2,2,-1.30103,1.30103
2147,0.5199931,-2,2,-1.30103,1.30103
2149,0.5214335,-2,2,-1.30103,1.30103
2151,-0.4023048,-2,2,-1.30103,1.30103
2153,-0.4012095,-2,2,-1.30103,1.30103
2155,-0.4012095,-2,2,-1.30103,1.30103
2157,-0.3990271,-2,2,-1.30103,1.30103
2159,-0.4045038,-2,2,-1.30103,1.30103
2161,-0.4023048,-2,2,-1.30103,1.30103
2163,-0.4034029,-2,2,-1.30103,1.30103
2165,-0.39794,-2,2,-1.30103,1.30103
2167,-0.3872162,-2,2,-1.30103,1.30103
2169,-0.391474,-2,2,-1.30103,1.30103
2171,-0.3882767,-2,2,-1.30103,1.30103
2173,-0.377786,-2,2,-1.30103,1.30103
2175,-0.3861582,-2,2,-1.30103,1.30103
2177,-0.3904056,-2,2,-1.30103,1.30103
2179,-0.38405,-2,2,-1.30103,1.30103
2181,-0.3757179,-2,2,-1.30103,1.30103
2183,-0.3757179,-2,2,-1.30103,1.30103
2185,-0.3685562,-2,2,-1.30103,1.30103
2187,-0.3675427,-2,2,-1.30103,1.30103
2189,-0.3716111,-2,2,-1.30103,1.30103
2191,-0.3625103,-2,2,-1.30103,1.30103
2193,-0.3635121,-2,2,-1.30103,1.30103
2195,-0.3695721,-2,2,-1.30103,1.30103
2197,-0.3695721,-2,2,-1.30103,1.30103
2199,-0.3736596,-2,2,-1.30103,1.30103
2201,-0.3736596,-2,2,-1.30103,1.30103
2203,-0.3705904,-2,2,-1.30103,1.30103
2205,-0.3788237,-2,2,-1.30103,1.30103
2207,-0.3861582,-2,2,-1.30103,1.30103
2209,-0.3861582,-2,2,-1.30103,1.30103
2211,-0.3936186,-2,2,-1.30103,1.30103
2213,-0.4001169,-2,2,-1.30103,1.30103
2215,-0.391474,-2,2,-1.30103,1.30103
2217,-0.3936186,-2,2,-1.30103,1.30103
2219,-0.4034029,-2,2,-1.30103,1.30103
2221,-0.4034029,-2,2,-1.30103,1.30103
2223,-0.4134127,-2,2,-1.30103,1.30103
2225,-0.4213608,-2,2,-1.30103,1.30103
2227,-0.4213608,-2,2,-1.30103,1.30103
2229,-0.4248122,-2,2,-1.30103,1.30103
2231,-0.4271284,-2,2,-1.30103,1.30103
2233,-0.4168012,-2,2,-1.30103,1.30103
2235,-0.4294571,-2,2,-1.30103,1.30103
2237,-0.4341522,-2,2,-1.30103,1.30103
2239,-0.4259687,-2,2,-1.30103,1.30103
2241,-0.4236586,-2,2,-1.30103,1.30103
2243,-0.4329736,-2,2,-1.30103,1.30103
2245,-0.4317983,-2,2,-1.30103,1.30103
2247,-0.4317983,-2,2,-1.30103,1.30103
2249,-0.4424928,-2,2,-1.30103,1.30103
2251,-0.419075,-2,2,-1.30103,1.30103
2253,-0.4156688,-2,2,-1.30103,1.30103
2255,-0.419075,-2,2,-1.30103,1.30103
2257,-0.419075,-2,2,-1.30103,1.30103
2259,-0.4225082,-2,2,-1.30103,1.30103
2261,-0.4225082,-2,2,-1.30103,1.30103
2263,-0.4179366,-2,2,-1.30103,1.30103
2265,-0.4271284,-2,2,-1.30103,1.30103
2267,-0.4271284,-2,2,-1.30103,1.30103
2269,-0.4202164,-2,2,-1.30103,1.30103
2271,-0.4145393,-2,2,-1.30103,1.30103
2273,-0.4145393,-2,2,-1.30103,1.30103
2275,-0.4078232,-2,2,-1.30103,1.30103
2277,-0.4202164,-2,2,-1.30103,1.30103
2279,-0.4259687,-2,2,-1.30103,1.30103
2281,-0.4259687,-2,2,-1.30103,1.30103
2283,-0.419075,-2,2,-1.30103,1.30103
2285,-0.4248122,-2,2,-1.30103,1.30103
2287,-0.412289,-2,2,-1.30103,1.30103
2289,-0.4089354,-2,2,-1.30103,1.30103
2291,-0.4145393,-2,2,-1.30103,1.30103
2293,-0.4001169,-2,2,-1.30103,1.30103
2295,-0.3957739,-2,2,-1.30103,1.30103
2297,-0.3990271,-2,2,-1.30103,1.30103
2299,-0.3968556,-2,2,-1.30103,1.30103
2301,-0.3990271,-2,2,-1.30103,1.30103
2303,-0.4067139,-2,2,-1.30103,1.30103
2305,-0.4023048,-2,2,-1.30103,1.30103
2307,-0.4001169,-2,2,-1.30103,1.30103
2309,-0.3957739,-2,2,-1.30103,1.30103
2311,-0.3872162,-2,2,-1.30103,1.30103
2313,-0.391474,-2,2,-1.30103,1.30103
2315,-0.394695,-2,2,-1.30103,1.30103
2317,-0.3893398,-2,2,-1.30103,1.30103
2319,-0.377786,-2,2,-1.30103,1.30103
2321,-0.3872162,-2,2,-1.30103,1.30103
2323,-0.3809067,-2,2,-1.30103,1.30103
2325,-0.3861582,-2,2,-1.30103,1.30103
2327,-0.3872162,-2,2,-1.30103,1.30103
2329,-0.3809067,-2,2,-1.30103,1.30103
2331,-0.3716111,-2,2,-1.30103,1.30103
2333,-0.3809067,-2,2,-1.30103,1.30103
2335,-0.3809067,-2,2,-1.30103,1.30103
2337,-0.3767507,-2,2,-1.30103,1.30103
2339,-0.3809067,-2,2,-1.30103,1.30103
2341,-0.3788237,-2,2,-1.30103,1.30103
2343,-0.3893398,-2,2,-1.30103,1.30103
2345,-0.3893398,-2,2,-1.30103,1.30103
2347,-0.3893398,-2,2,-1.30103,1.30103
2349,-0.3904056,-2,2,-1.30103,1.30103
2351,0.5287083,-2,2,-1.30103,1.30103
2353,0.5287083,-2,2,-1.30103,1.30103
2355,0.5316527,-2,2,-1.30103,1.30103
2357,0.5316527,-2,2,-1.30103,1.30103
2359,0.5331324,-2,2,-1.30103,1.30103
2361,0.5346171,-2,2,-1.30103,1.30103
2363,0.5346171,-2,2,-1.30103,1.30103
2365,0.5316527,-2,2,-1.30103,1.30103
2367,0.530178,-2,2,-1.30103,1.30103
2369,0.530178,-2,2,-1.30103,1.30103
2371,0.5316527,-2,2,-1.30103,1.30103
2373,0.5287083,-2,2,-1.30103,1.30103
2375,0.530178,-2,2,-1.30103,1.30103
2377,0.5316527,-2,2,-1.30103,1.30103
2379,0.530178,-2,2,-1.30103,1.30103
2381,0.5287083,-2,2,-1.30103,1.30103
2383,0.5243288,-2,2,-1.30103,1.30103
2385,0.5257837,-2,2,-1.30103,1.30103
2387,0.5257837,-2,2,-1.30103,1.30103
2389,0.5257837,-2,2,-1.30103,1.30103
2391,0.5199931,-2,2,-1.30103,1.30103
2393,0.5199931,-2,2,-1.30103,1.30103
2395,0.5272436,-2,2,-1.30103,1.30103
2397,0.5272436,-2,2,-1.30103,1.30103
2399,0.5272436,-2,2,-1.30103,1.30103
2401,0.5316527,-2,2,-1.30103,1.30103
2403,0.530178,-2,2,-1.30103,1.30103
2405,0.530178,-2,2,-1.30103,1.30103
2407,0.530178,-2,2,-1.30103,1.30103
2409,0.5316527,-2,2,-1.30103,1.30103
2411,0.5316527,-2,2,-1.30103,1.30103
2413,0.5346171,-2,2,-1.30103,1.30103
2415,0.5391021,-2,2,-1.30103,1.30103
2417,0.5316527,-2,2,-1.30103,1.30103
2419,0.5316527,-2,2,-1.30103,1.30103
2421,0.5346171,-2,2,-1.30103,1.30103
2423,0.5346171,-2,2,-1.30103,1.30103
2425,0.5346171,-2,2,-1.30103,1.30103
2427,0.5346171,-2,2,-1.30103,1.30103
2429,0.537602,-2,2,-1.30103,1.30103
2431,0.5406075,-2,2,-1.30103,1.30103
2433,0.5391021,-2,2,-1.30103,1.30103
2435,0.5391021,-2,2,-1.30103,1.30103
2437,0.5421181,-2,2,-1.30103,1.30103
2439,0.537602,-2,2,-1.30103,1.30103
2441,0.537602,-2,2,-1.30103,1.30103
2443,0.537602,-2,2,-1.30103,1.30103
2445,0.537602,-2,2,-1.30103,1.30103
2447,0.5436339,-2,2,-1.30103,1.30103
2449,0.5436339,-2,2,-1.30103,1.30103
2451,0.5391021,-2,2,-1.30103,1.30103
2453,0.5346171,-2,2,-1.30103,1.30103
2455,0.5316527,-2,2,-1.30103,1.30103
2457,0.5316527,-2,2,-1.30103,1.30103
2459,0.5316527,-2,2,-1.30103,1.30103
2461,0.5316527,-2,2,-1.30103,1.30103
2463,0.530178,-2,2,-1.30103,1.30103
2465,0.5272436,-2,2,-1.30103,1.30103
2467,0.5257837,-2,2,-1.30103,1.30103
2469,0.5228788,-2,2,-1.30103,1.30103
2471,0.5228788,-2,2,-1.30103,1.30103
2473,0.5214335,-2,2,-1.30103,1.30103
2475,0.5114493,-2,2,-1.30103,1.30103
2477,0.5114493,-2,2,-1.30103,1.30103
2479,0.5086383,-2,2,-1.30103,1.30103
2481,0.5086383,-2,2,-1.30103,1.30103
2483,0.5030704,-2,2,-1.30103,1.30103
2485,0.5086383,-2,2,-1.30103,1.30103
2487,0.5030704,-2,2,-1.30103,1.30103
2489,0.5058454,-2,2,-1.30103,1.30103
2491,0.5086383,-2,2,-1.30103,1.30103
2493,0.5058454,-2,2,-1.30103,1.30103
2495,0.5003129,-2,2,-1.30103,1.30103
2497,0.5016894,-2,2,-1.30103,1.30103
2499,0.5044557,-2,2,-1.30103,1.30103
2501,0.5044557,-2,2,-1.30103,1.30103
2503,0.5003129,-2,2,-1.30103,1.30103
2505,0.5044557,-2,2,-1.30103,1.30103
2507,0.5030704,-2,2,-1.30103,1.30103
2509,0.4975729,-2,2,-1.30103,1.30103
2511,0.5003129,-2,2,-1.30103,1.30103
2513,0.49485,-2,2,-1.30103,1.30103
2515,0.4975729,-2,2,-1.30103,1.30103
2517,0.5044557,-2,2,-1.30103,1.30103
2519,0.5003129,-2,2,-1.30103,1.30103
2521,0.49485,-2,2,-1.30103,1.30103
2523,0.49485,-2,2,-1.30103,1.30103
2525,0.49485,-2,2,-1.30103,1.30103
2527,0.49485,-2,2,-1.30103,1.30103
2529,0.4921441,-2,2,-1.30103,1.30103
2531,0.4921441,-2,2,-1.30103,1.30103
2533,0.4867824,-2,2,-1.30103,1.30103
2535,0.4921441,-2,2,-1.30103,1.30103
2537,0.4921441,-2,2,-1.30103,1.30103
2539,0.4854522,-2,2,-1.30103,1.30103
2541,0.4867824,-2,2,-1.30103,1.30103
2543,0.4921441,-2,2,-1.30103,1.30103
2545,0.489455,-2,2,-1.30103,1.30103
2547,0.489455,-2,2,-1.30103,1.30103
2549,0.493495,-2,2,-1.30103,1.30103
2551,0.4975729,-2,2,-1.30103,1.30103
2553,0.5003129,-2,2,-1.30103,1.30103
2555,0.5030704,-2,2,-1.30103,1.30103
2557,0.4989407,-2,2,-1.30103,1.30103
2559,0.49485,-2,2,-1.30103,1.30103
2561,0.49485,-2,2,-1.30103,1.30103
2563,0.4921441,-2,2,-1.30103,1.30103
2565,0.4921441,-2,2,-1.30103,1.30103
2567,0.4989407,-2,2,-1.30103,1.30103
2569,0.4989407,-2,2,-1.30103,1.30103
2571,0.4962093,-2,2,-1.30103,1.30103
2573,0.4962093,-2,2,-1.30103,1.30103
2575,0.4881167,-2,2,-1.30103,1.30103
2577,0.4867824,-2,2,-1.30103,1.30103
2579,0.4867824,-2,2,-1.30103,1.30103
2581,0.4814861,-2,2,-1.30103,1.30103
2583,0.480172,-2,2,-1.30103,1.30103
2585,0.4762535,-2,2,-1.30103,1.30103
2587,0.4762535,-2,2,-1.30103,1.30103
2589,0.4762535,-2,2,-1.30103,1.30103
2591,0.4762535,-2,2,-1.30103,1.30103
2593,0.4814861,-2,2,-1.30103,1.30103
2595,0.4749552,-2,2,-1.30103,1.30103
2597,0.4749552,-2,2,-1.30103,1.30103
2599,0.4736607,-2,2,-1.30103,1.30103
2601,0.4685211,-2,2,-1.30103,1.30103
2603,0.4685211,-2,2,-1.30103,1.30103
2605,0.4647059,-2,2,-1.30103,1.30103
2607,0.4685211,-2,2,-1.30103,1.30103
2609,0.4685211,-2,2,-1.30103,1.30103
2611,0.4647059,-2,2,-1.30103,1.30103
2613,0.4647059,-2,2,-1.30103,1.30103
2615,0.4685211,-2,2,-1.30103,1.30103
2617,0.4685211,-2,2,-1.30103,1.30103
2619,0.4698003,-2,2,-1.30103,1.30103
2621,0.4736607,-2,2,-1.30103,1.30103
2623,0.4736607,-2,2,-1.30103,1.30103
2625,0.4788619,-2,2,-1.30103,1.30103
2627,0.4814861,-2,2,-1.30103,1.30103
2629,0.4788619,-2,2,-1.30103,1.30103
2631,0.4775558,-2,2,-1.30103,1.30103
2633,0.4736607,-2,2,-1.30103,1.30103
2635,0.4775558,-2,2,-1.30103,1.30103
2637,0.4814861,-2,2,-1.30103,1.30103
2639,0.4841262,-2,2,-1.30103,1.30103
2641,0.4814861,-2,2,-1.30103,1.30103
2643,0.4775558,-2,2,-1.30103,1.30103
2645,0.4788619,-2,2,-1.30103,1.30103
2647,0.4736607,-2,2,-1.30103,1.30103
2649,0.4762535,-2,2,-1.30103,1.30103
2651,0.4814861,-2,2,-1.30103,1.30103
2653,0.4814861,-2,2,-1.30103,1.30103
2655,0.4841262,-2,2,-1.30103,1.30103
2657,0.489455,-2,2,-1.30103,1.30103
2659,0.4907975,-2,2,-1.30103,1.30103
2661,0.4841262,-2,2,-1.30103,1.30103
2663,0.4921441,-2,2,-1.30103,1.30103
2665,0.4921441,-2,2,-1.30103,1.30103
2667,0.4921441,-2,2,-1.30103,1.30103
2669,0.4921441,-2,2,-1.30103,1.30103
2671,0.4921441,-2,2,-1.30103,1.30103
2673,0.4921441,-2,2,-1.30103,1.30103
2675,0.4921441,-2,2,-1.30103,1.30103
2677,0.4867824,-2,2,-1.30103,1.30103
2679,0.4867824,-2,2,-1.30103,1.30103
2681,0.4867824,-2,2,-1.30103,1.30103
2683,0.4975729,-2,2,-1.30103,1.30103
2685,0.4989407,-2,2,-1.30103,1.30103
2687,0.4989407,-2,2,-1.30103,1.30103
2689,0.493495,-2,2,-1.30103,1.30103
2691,0.4975729,-2,2,-1.30103,1.30103
2693,0.5003129,-2,2,-1.30103,1.30103
2695,0.5003129,-2,2,-1.30103,1.30103
2697,0.4975729,-2,2,-1.30103,1.30103
2699,0.4989407,-2,2,-1.30103,1.30103
2701,0.4975729,-2,2,-1.30103,1.30103
2703,0.4975729,-2,2,-1.30103,1.30103
2705,0.4975729,-2,2,-1.30103,1.30103
2707,0.4921441,-2,2,-1.30103,1.30103
2709,0.4921441,-2,2,-1.30103,1.30103
2711,0.4921441,-2,2,-1.30103,1.30103
2713,0.4867824,-2,2,-1.30103,1.30103
2715,0.4881167,-2,2,-1.30103,1.30103
2717,0.4881167,-2,2,-1.30103,1.30103
2719,0.4814861,-2,2,-1.30103,1.30103
2721,0.4867824,-2,2,-1.30103,1.30103
2723,0.4867824,-2,2,-1.30103,1.30103
2725,0.4854522,-2,2,-1.30103,1.30103
2727,0.4841262,-2,2,-1.30103,1.30103
2729,0.4854522,-2,2,-1.30103,1.30103
2731,0.4828041,-2,2,-1.30103,1.30103
2733,0.4841262,-2,2,-1.30103,1.30103
2735,0.4841262,-2,2,-1.30103,1.30103
2737,0.4788619,-2,2,-1.30103,1.30103
2739,0.4788619,-2,2,-1.30103,1.30103
2741,0.4788619,-2,2,-1.30103,1.30103
2743,0.4814861,-2,2,-1.30103,1.30103
2745,0.4841262,-2,2,-1.30103,1.30103
2747,0.4788619,-2,2,-1.30103,1.30103
2749,0.4762535,-2,2,-1.30103,1.30103
2751,0.4736607,-2,2,-1.30103,1.30103
2753,0.4762535,-2,2,-1.30103,1.30103
2755,0.4762535,-2,2,-1.30103,1.30103
2757,0.4685211,-2,2,-1.30103,1.30103
2759,0.4749552,-2,2,-1.30103,1.30103
2761,0.4723701,-2,2,-1.30103,1.30103
2763,0.4736607,-2,2,-1.30103,1.30103
2765,0.4762535,-2,2,-1.30103,1.30103
2767,0.4685211,-2,2,-1.30103,1.30103
2769,0.4685211,-2,2,-1.30103,1.30103
2771,0.4685211,-2,2,-1.30103,1.30103
2773,0.4685211,-2,2,-1.30103,1.30103
2775,0.4762535,-2,2,-1.30103,1.30103
2777,0.4788619,-2,2,-1.30103,1.30103
2779,0.4788619,-2,2,-1.30103,1.30103
2781,0.4788619,-2,2,-1.30103,1.30103
2783,0.4788619,-2,2,-1.30103,1.30103
2785,0.4775558,-2,2,-1.30103,1.30103
2787,0.4775558,-2,2,-1.30103,1.30103
2789,0.4788619,-2,2,-1.30103,1.30103
2791,0.4814861,-2,2,-1.30103,1.30103
2793,0.4867824,-2,2,-1.30103,1.30103
2795,0.4881167,-2,2,-1.30103,1.30103
2797,0.4921441,-2,2,-1.30103,1.30103
2799,0.49485,-2,2,-1.30103,1.30103
2801,0.4962093,-2,2,-1.30103,1.30103
2803,0.4975729,-2,2,-1.30103,1.30103
2805,0.5003129,-2,2,-1.30103,1.30103
2807,0.5003129,-2,2,-1.30103,1.30103
2809,0.5003129,-2,2,-1.30103,1.30103
2811,0.5030704,-2,2,-1.30103,1.30103
2813,0.5003129,-2,2,-1.30103,1.30103
2815,0.5030704,-2,2,-1.30103,1.30103
2817,0.5003129,-2,2,-1.30103,1.30103
2819,0.5003129,-2,2,-1.30103,1.30103
2821,0.5003129,-2,2,-1.30103,1.30103
2823,0.493495,-2,2,-1.30103,1.30103
2825,0.4841262,-2,2,-1.30103,1.30103
2827,0.4841262,-2,2,-1.30103,1.30103
2829,0.480172,-2,2,-1.30103,1.30103
2831,0.4788619,-2,2,-1.30103,1.30103
2833,0.4788619,-2,2,-1.30103,1.30103
2835,0.4775558,-2,2,-1.30103,1.30103
2837,0.4736607,-2,2,-1.30103,1.30103
2839,0.4672456,-2,2,-1.30103,1.30103
2841,0.4672456,-2,2,-1.30103,1.30103
2843,0.4659739,-2,2,-1.30103,1.30103
2845,0.4685211,-2,2,-1.30103,1.30103
2847,0.4749552,-2,2,-1.30103,1.30103
2849,0.4710833,-2,2,-1.30103,1.30103
2851,0.4723701,-2,2,-1.30103,1.30103
2853,0.4762535,-2,2,-1.30103,1.30103
2855,0.4762535,-2,2,-1.30103,1.30103
2857,0.4814861,-2,2,-1.30103,1.30103
2859,0.4814861,-2,2,-1.30103,1.30103
2861,0.4814861,-2,2,-1.30103,1.30103
2863,0.4814861,-2,2,-1.30103,1.30103
2865,0.4762535,-2,2,-1.30103,1.30103
2867,0.4788619,-2,2,-1.30103,1.30103
2869,0.4814861,-2,2,-1.30103,1.30103
2871,0.4814861,-2,2,-1.30103,1.30103
2873,0.4907975,-2,2,-1.30103,1.30103
2875,0.49485,-2,2,-1.30103,1.30103
2877,0.49485,-2,2,-1.30103,1.30103
2879,0.49485,-2,2,-1.30103,1.30103
2881,0.493495,-2,2,-1.30103,1.30103
2883,0.5003129,-2,2,-1.30103,1.30103
2885,0.4881167,-2,2,-1.30103,1.30103
2887,0.489455,-2,2,-1.30103,1.30103
2889,0.4989407,-2,2,-1.30103,1.30103
2891,0.4975729,-2,2,-1.30103,1.30103
2893,0.4854522,-2,2,-1.30103,1.30103
2895,0.4854522,-2,2,-1.30103,1.30103
2897,0.4854522,-2,2,-1.30103,1.30103
2899,0.489455,-2,2,-1.30103,1.30103
2901,0.4814861,-2,2,-1.30103,1.30103
2903,0.4814861,-2,2,-1.30103,1.30103
2905,0.4814861,-2,2,-1.30103,1.30103
2907,0.4814861,-2,2,-1.30103,1.30103
2909,0.4814861,-2,2,-1.30103,1.30103
2911,0.4867824,-2,2,-1.30103,1.30103
2913,0.489455,-2,2,-1.30103,1.30103
2915,0.489455,-2,2,-1.30103,1.30103
2917,0.489455,-2,2,-1.30103,1.30103
2919,0.4921441,-2,2,-1.30103,1.30103
2921,0.4867824,-2,2,-1.30103,1.30103
2923,0.4867824,-2,2,-1.30103,1.30103
2925,0.4867824,-2,2,-1.30103,1.30103
2927,0.4867824,-2,2,-1.30103,1.30103
2929,0.489455,-2,2,-1.30103,1.30103
2931,0.4867824,-2,2,-1.30103,1.30103
2933,0.4867824,-2,2,-1.30103,1.30103
2935,0.4867824,-2,2,-1.30103,1.30103
2937,0.4867824,-2,2,-1.30103,1.30103
2939,0.4867824,-2,2,-1.30103,1.30103
2941,0.4867824,-2,2,-1.30103,1.30103
2943,0.4788619,-2,2,-1.30103,1.30103
2945,0.4775558,-2,2,-1.30103,1.30103
2947,0.4788619,-2,2,-1.30103,1.30103
2949,0.4788619,-2,2,-1.30103,1.30103
2951,0.4788619,-2,2,-1.30103,1.30103
2953,0.4762535,-2,2,-1.30103,1.30103
2955,0.4762535,-2,2,-1.30103,1.30103
2957,0.4762535,-2,2,-1.30103,1.30103
2959,0.4762535,-2,2,-1.30103,1.30103
2961,0.4762535,-2,2,-1.30103,1.30103
2963,0.4723701,-2,2,-1.30103,1.30103
2965,0.4814861,-2,2,-1.30103,1.30103
2967,0.4814861,-2,2,-1.30103,1.30103
2969,0.4762535,-2,2,-1.30103,1.30103
2971,0.4775558,-2,2,-1.30103,1.30103
2973,0.4775558,-2,2,-1.30103,1.30103
2975,0.4710833,-2,2,-1.30103,1.30103
2977,0.4685211,-2,2,-1.30103,1.30103
2979,0.4659739,-2,2,-1.30103,1.30103
2981,0.4672456,-2,2,-1.30103,1.30103
2983,0.4710833,-2,2,-1.30103,1.30103
2985,0.4723701,-2,2,-1.30103,1.30103
2987,0.4723701,-2,2,-1.30103,1.30103
2989,0.4723701,-2,2,-1.30103,1.30103
2991,0.4685211,-2,2,-1.30103,1.30103
2993,0.4710833,-2,2,-1.30103,1.30103
2995,0.4659739,-2,2,-1.30103,1.30103
2997,0.4634416,-2,2,-1.30103,1.30103
2999,0.4634416,-2,2,-1.30103,1.30103
3001,0.4609239,-2,2,-1.30103,1.30103
3003,0.4609239,-2,2,-1.30103,1.30103
3005,0.4621809,-2,2,-1.30103,1.30103
3007,0.4609239,-2,2,-1.30103,1.30103
3009,0.4647059,-2,2,-1.30103,1.30103
3011,0.4647059,-2,2,-1.30103,1.30103
3013,0.4634416,-2,2,-1.30103,1.30103
3015,0.4609239,-2,2,-1.30103,1.30103
3017,0.4609239,-2,2,-1.30103,1.30103
3019,0.4621809,-2,2,-1.30103,1.30103
3021,0.4634416,-2,2,-1.30103,1.30103
3023,0.4634416,-2,2,-1.30103,1.30103
3025,0.4685211,-2,2,-1.30103,1.30103
3027,0.4685211,-2,2,-1.30103,1.30103
3029,0.4723701,-2,2,-1.30103,1.30103
3031,0.4723701,-2,2,-1.30103,1.30103
3033,0.4723701,-2,2,-1.30103,1.30103
3035,0.4775558,-2,2,-1.30103,1.30103
3037,0.4762535,-2,2,-1.30103,1.30103
3039,0.4762535,-2,2,-1.30103,1.30103
3041,0.4762535,-2,2,-1.30103,1.30103
3043,0.4775558,-2,2,-1.30103,1.30103
3045,0.4710833,-2,2,-1.30103,1.30103
3047,0.4762535,-2,2,-1.30103,1.30103
3049,0.4723701,-2,2,-1.30103,1.30103
3051,0.4710833,-2,2,-1.30103,1.30103
3053,0.4609239,-2,2,-1.30103,1.30103
3055,0.4509967,-2,2,-1.30103,1.30103
3057,0.4584208,-2,2,-1.30103,1.30103
3059,0.44855,-2,2,-1.30103,1.30103
3061,0.446117,-2,2,-1.30103,1.30103
3063,0.4473318,-2,2,-1.30103,1.30103
3065,0.4509967,-2,2,-1.30103,1.30103
3067,0.4509967,-2,2,-1.30103,1.30103
3069,0.4509967,-2,2,-1.30103,1.30103
3071,0.44855,-2,2,-1.30103,1.30103
3073,0.4436975,-2,2,-1.30103,1.30103
3075,0.4412914,-2,2,-1.30103,1.30103
3077,0.446117,-2,2,-1.30103,1.30103
3079,0.4473318,-2,2,-1.30103,1.30103
3081,0.4509967,-2,2,-1.30103,1.30103
3083,0.4534573,-2,2,-1.30103,1.30103
3085,0.4473318,-2,2,-1.30103,1.30103
3087,0.4509967,-2,2,-1.30103,1.30103
3089,0.4473318,-2,2,-1.30103,1.30103
3091,0.4436975,-2,2,-1.30103,1.30103
3093,0.4449055,-2,2,-1.30103,1.30103
3095,0.4449055,-2,2,-1.30103,1.30103
3097,0.4449055,-2,2,-1.30103,1.30103
3099,0.446117,-2,2,-1.30103,1.30103
3101,0.4436975,-2,2,-1.30103,1.30103
3103,0.4412914,-2,2,-1.30103,1.30103
3105,0.4412914,-2,2,-1.30103,1.30103
3107,0.4436975,-2,2,-1.30103,1.30103
3109,0.4424928,-2,2,-1.30103,1.30103
3111,0.4424928,-2,2,-1.30103,1.30103
3113,0.446117,-2,2,-1.30103,1.30103
3115,0.4412914,-2,2,-1.30103,1.30103
3117,0.4436975,-2,2,-1.30103,1.30103
3119,0.44855,-2,2,-1.30103,1.30103
3121,0.446117,-2,2,-1.30103,1.30103
3123,0.44855,-2,2,-1.30103,1.30103
3125,0.44855,-2,2,-1.30103,1.30103
3127,0.44855,-2,2,-1.30103,1.30103
3129,0.4534573,-2,2,-1.30103,1.30103
3131,0.455932,-2,2,-1.30103,1.30103
3133,0.455932,-2,2,-1.30103,1.30103
3135,0.4584208,-2,2,-1.30103,1.30103
3137,0.4609239,-2,2,-1.30103,1.30103
3139,0.4621809,-2,2,-1.30103,1.30103
3141,0.4647059,-2,2,-1.30103,1.30103
3143,0.4659739,-2,2,-1.30103,1.30103
3145,0.4659739,-2,2,-1.30103,1.30103
3147,0.4659739,-2,2,-1.30103,1.30103
3149,0.4659739,-2,2,-1.30103,1.30103
3151,0.4647059,-2,2,-1.30103,1.30103
3153,0.4659739,-2,2,-1.30103,1.30103
3155,0.4685211,-2,2,-1.30103,1.30103
3157,0.4672456,-2,2,-1.30103,1.30103
3159,0.4710833,-2,2,-1.30103,1.30103
3161,0.4749552,-2,2,-1.30103,1.30103
3163,0.4736607,-2,2,-1.30103,1.30103
3165,0.4710833,-2,2,-1.30103,1.30103
3167,0.4710833,-2,2,-1.30103,1.30103
3169,0.4685211,-2,2,-1.30103,1.30103
3171,0.4685211,-2,2,-1.30103,1.30103
3173,0.4685211,-2,2,-1.30103,1.30103
3175,0.4685211,-2,2,-1.30103,1.30103
3177,0.4685211,-2,2,-1.30103,1.30103
3179,0.4710833,-2,2,-1.30103,1.30103
3181,0.4685211,-2,2,-1.30103,1.30103
3183,0.4685211,-2,2,-1.30103,1.30103
3185,0.4698003,-2,2,-1.30103,1.30103
3187,0.4685211,-2,2,-1.30103,1.30103
3189,0.4723701,-2,2,-1.30103,1.30103
3191,0.4749552,-2,2,-1.30103,1.30103
3193,0.4685211,-2,2,-1.30103,1.30103
3195,0.4710833,-2,2,-1.30103,1.30103
3197,0.4736607,-2,2,-1.30103,1.30103
3199,0.4685211,-2,2,-1.30103,1.30103
3201,0.4736607,-2,2,-1.30103,1.30103
3203,0.4762535,-2,2,-1.30103,1.30103
3205,0.4736607,-2,2,-1.30103,1.30103
3207,0.4762535,-2,2,-1.30103,1.30103
3209,0.4814861,-2,2,-1.30103,1.30103
3211,0.4775558,-2,2,-1.30103,1.30103
3213,0.4788619,-2,2,-1.30103,1.30103
3215,0.4775558,-2,2,-1.30103,1.30103
3217,0.4775558,-2,2,-1.30103,1.30103
3219,0.4788619,-2,2,-1.30103,1.30103
3221,0.480172,-2,2,-1.30103,1.30103
3223,0.480172,-2,2,-1.30103,1.30103
3225,0.480172,-2,2,-1.30103,1.30103
3227,0.4814861,-2,2,-1.30103,1.30103
3229,0.4788619,-2,2,-1.30103,1.30103
3231,0.4788619,-2,2,-1.30103,1.30103
3233,0.4775558,-2,2,-1.30103,1.30103
3235,0.4814861,-2,2,-1.30103,1.30103
3237,0.4841262,-2,2,-1.30103,1.30103
3239,0.4841262,-2,2,-1.30103,1.30103
3241,0.4841262,-2,2,-1.30103,1.30103
3243,0.4841262,-2,2,-1.30103,1.30103
3245,0.4841262,-2,2,-1.30103,1.30103
3247,0.4828041,-2,2,-1.30103,1.30103
3249,0.480172,-2,2,-1.30103,1.30103
3251,0.4828041,-2,2,-1.30103,1.30103
3253,0.4841262,-2,2,-1.30103,1.30103
3255,0.4841262,-2,2,-1.30103,1.30103
3257,0.4814861,-2,2,-1.30103,1.30103
3259,0.4788619,-2,2,-1.30103,1.30103
3261,0.4867824,-2,2,-1.30103,1.30103
3263,0.4867824,-2,2,-1.30103,1.30103
3265,0.4867824,-2,2,-1.30103,1.30103
3267,0.4867824,-2,2,-1.30103,1.30103
3269,0.4841262,-2,2,-1.30103,1.30103
3271,0.4841262,-2,2,-1.30103,1.30103
3273,0.4841262,-2,2,-1.30103,1.30103
3275,0.4841262,-2,2,-1.30103,1.30103
3277,0.4841262,-2,2,-1.30103,1.30103
3279,0.4841262,-2,2,-1.30103,1.30103
3281,0.4762535,-2,2,-1.30103,1.30103
3283,0.4814861,-2,2,-1.30103,1.30103
3285,0.4841262,-2,2,-1.30103,1.30103
3287,0.4788619,-2,2,-1.30103,1.30103
3289,0.480172,-2,2,-1.30103,1.30103
3291,0.4788619,-2,2,-1.30103,1.30103
3293,0.4788619,-2,2,-1.30103,1.30103
3295,0.4814861,-2,2,-1.30103,1.30103
3297,0.4867824,-2,2,-1.30103,1.30103
3299,0.4841262,-2,2,-1.30103,1.30103
3301,0.4854522,-2,2,-1.30103,1.30103
3303,0.4814861,-2,2,-1.30103,1.30103
3305,0.4814861,-2,2,-1.30103,1.30103
3307,0.4841262,-2,2,-1.30103,1.30103
3309,0.4814861,-2,2,-1.30103,1.30103
3311,0.4814861,-2,2,-1.30103,1.30103
3313,0.4841262,-2,2,-1.30103,1.30103
3315,0.4814861,-2,2,-1.30103,1.30103
3317,0.4841262,-2,2,-1.30103,1.30103
3319,0.4841262,-2,2,-1.30103,1.30103
3321,0.489455,-2,2,-1.30103,1.30103
3323,0.4854522,-2,2,-1.30103,1.30103
3325,0.4867824,-2,2,-1.30103,1.30103
3327,0.4867824,-2,2,-1.30103,1.30103
3329,0.49485,-2,2,-1.30103,1.30103
3331,0.4921441,-2,2,-1.30103,1.30103
3333,0.493495,-2,2,-1.30103,1.30103
3335,0.4921441,-2,2,-1.30103,1.30103
3337,0.4921441,-2,2,-1.30103,1.30103
3339,0.489455,-2,2,-1.30103,1.30103
3341,0.4867824,-2,2,-1.30103,1.30103
3343,0.4867824,-2,2,-1.30103,1.30103
3345,0.4854522,-2,2,-1.30103,1.30103
3347,0.4854522,-2,2,-1.30103,1.30103
3349,0.4867824,-2,2,-1.30103,1.30103
3351,0.489455,-2,2,-1.30103,1.30103
3353,0.4881167,-2,2,-1.30103,1.30103
3355,0.4921441,-2,2,-1.30103,1.30103
3357,0.4975729,-2,2,-1.30103,1.30103
3359,0.493495,-2,2,-1.30103,1.30103
3361,0.4989407,-2,2,-1.30103,1.30103
3363,0.5003129,-2,2,-1.30103,1.30103
3365,0.4921441,-2,2,-1.30103,1.30103
3367,0.49485,-2,2,-1.30103,1.30103
3369,0.493495,-2,2,-1.30103,1.30103
3371,0.493495,-2,2,-1.30103,1.30103
3373,0.4962093,-2,2,-1.30103,1.30103
3375,0.4962093,-2,2,-1.30103,1.30103
3377,0.4962093,-2,2,-1.30103,1.30103
3379,0.5030704,-2,2,-1.30103,1.30103
3381,0.5003129,-2,2,-1.30103,1.30103
3383,0.5003129,-2,2,-1.30103,1.30103
3385,0.5030704,-2,2,-1.30103,1.30103
3387,0.5030704,-2,2,-1.30103,1.30103
3389,0.5003129,-2,2,-1.30103,1.30103
3391,0.5003129,-2,2,-1.30103,1.30103
3393,0.5003129,-2,2,-1.30103,1.30103
3395,0.5003129,-2,2,-1.30103,1.30103
3397,0.5058454,-2,2,-1.30103,1.30103
3399,-0.4294571,-2,2,-1.30103,1.30103
3401,-0.4341522,-2,2,-1.30103,1.30103
3403,-0.4282912,-2,2,-1.30103,1.30103
3405,-0.4294571,-2,2,-1.30103,1.30103
3407,-0.4306261,-2,2,-1.30103,1.30103
3409,-0.4294571,-2,2,-1.30103,1.30103
3411,-0.4353339,-2,2,-1.30103,1.30103
3413,-0.4341522,-2,2,-1.30103,1.30103
3415,-0.4225082,-2,2,-1.30103,1.30103
3417,-0.4236586,-2,2,-1.30103,1.30103
3419,-0.4156688,-2,2,-1.30103,1.30103
3421,-0.4179366,-2,2,-1.30103,1.30103
3423,-0.4317983,-2,2,-1.30103,1.30103
3425,-0.4341522,-2,2,-1.30103,1.30103
3427,-0.4248122,-2,2,-1.30103,1.30103
3429,-0.4306261,-2,2,-1.30103,1.30103
3431,-0.4213608,-2,2,-1.30103,1.30103
3433,-0.4202164,-2,2,-1.30103,1.30103
3435,-0.4294571,-2,2,-1.30103,1.30103
3437,-0.4202164,-2,2,-1.30103,1.30103
3439,-0.4248122,-2,2,-1.30103,1.30103
3441,-0.4248122,-2,2,-1.30103,1.30103
3443,-0.4259687,-2,2,-1.30103,1.30103
3445,-0.4259687,-2,2,-1.30103,1.30103
3447,-0.4259687,-2,2,-1.30103,1.30103
3449,-0.4225082,-2,2,-1.30103,1.30103
3451,-0.4294571,-2,2,-1.30103,1.30103
3453,-0.4306261,-2,2,-1.30103,1.30103
3455,-0.4202164,-2,2,-1.30103,1.30103
3457,-0.4202164,-2,2,-1.30103,1.30103
3459,-0.4259687,-2,2,-1.30103,1.30103
3461,-0.4225082,-2,2,-1.30103,1.30103
3463,-0.4213608,-2,2,-1.30103,1.30103
3465,-0.4179366,-2,2,-1.30103,1.30103
3467,-0.4156688,-2,2,-1.30103,1.30103
3469,-0.4134127,-2,2,-1.30103,1.30103
3471,-0.4134127,-2,2,-1.30103,1.30103
3473,-0.4134127,-2,2,-1.30103,1.30103
3475,-0.4145393,-2,2,-1.30103,1.30103
3477,-0.4145393,-2,2,-1.30103,1.30103
3479,-0.4100504,-2,2,-1.30103,1.30103
3481,-0.4023048,-2,2,-1.30103,1.30103
3483,-0.4111683,-2,2,-1.30103,1.30103
3485,-0.4111683,-2,2,-1.30103,1.30103
3487,-0.419075,-2,2,-1.30103,1.30103
3489,-0.4213608,-2,2,-1.30103,1.30103
3491,-0.4145393,-2,2,-1.30103,1.30103
3493,-0.419075,-2,2,-1.30103,1.30103
3495,-0.4225082,-2,2,-1.30103,1.30103
3497,-0.4213608,-2,2,-1.30103,1.30103
3499,-0.4213608,-2,2,-1.30103,1.30103
3501,-0.4225082,-2,2,-1.30103,1.30103
3503,-0.419075,-2,2,-1.30103,1.30103
3505,-0.419075,-2,2,-1.30103,1.30103
3507,-0.4202164,-2,2,-1.30103,1.30103
3509,-0.4179366,-2,2,-1.30103,1.30103
3511,-0.4168012,-2,2,-1.30103,1.30103
3513,-0.4156688,-2,2,-1.30103,1.30103
3515,-0.4089354,-2,2,-1.30103,1.30103
3517,-0.4225082,-2,2,-1.30103,1.30103
3519,-0.4134127,-2,2,-1.30103,1.30103
3521,-0.412289,-2,2,-1.30103,1.30103
3523,-0.4236586,-2,2,-1.30103,1.30103
3525,-0.4294571,-2,2,-1.30103,1.30103
3527,-0.4294571,-2,2,-1.30103,1.30103
3529,-0.4400934,-2,2,-1.30103,1.30103
3531,-0.4317983,-2,2,-1.30103,1.30103
3533,-0.4271284,-2,2,-1.30103,1.30103
3535,-0.4329736,-2,2,-1.30103,1.30103
3537,-0.4329736,-2,2,-1.30103,1.30103
3539,-0.4329736,-2,2,-1.30103,1.30103
3541,-0.4329736,-2,2,-1.30103,1.30103
3543,-0.4213608,-2,2,-1.30103,1.30103
3545,-0.4145393,-2,2,-1.30103,1.30103
3547,-0.4168012,-2,2,-1.30103,1.30103
3549,-0.419075,-2,2,-1.30103,1.30103
3551,-0.4145393,-2,2,-1.30103,1.30103
3553,-0.419075,-2,2,-1.30103,1.30103
3555,-0.4202164,-2,2,-1.30103,1.30103
3557,-0.4202164,-2,2,-1.30103,1.30103
3559,-0.4306261,-2,2,-1.30103,1.30103
3561,-0.4353339,-2,2,-1.30103,1.30103
3563,-0.4271284,-2,2,-1.30103,1.30103
3565,-0.4317983,-2,2,-1.30103,1.30103
3567,-0.4271284,-2,2,-1.30103,1.30103
3569,-0.4306261,-2,2,-1.30103,1.30103
3571,-0.4317983,-2,2,-1.30103,1.30103
3573,-0.4353339,-2,2,-1.30103,1.30103
3575,-0.4317983,-2,2,-1.30103,1.30103
3577,-0.4317983,-2,2,-1.30103,1.30103
3579,-0.4377071,-2,2,-1.30103,1.30103
3581,-0.4377071,-2,2,-1.30103,1.30103
3583,-0.446117,-2,2,-1.30103,1.30103
3585,-0.4449055,-2,2,-1.30103,1.30103
3587,-0.44855,-2,2,-1.30103,1.30103
3589,-0.4596705,-2,2,-1.30103,1.30103
3591,-0.4609239,-2,2,-1.30103,1.30103
3593,-0.4584208,-2,2,-1.30103,1.30103
3595,-0.4634416,-2,2,-1.30103,1.30103
3597,-0.4659739,-2,2,-1.30103,1.30103
3599,0.4788619,-2,2,-1.30103,1.30103
3601,0.4788619,-2,2,-1.30103,1.30103
3603,0.4788619,-2,2,-1.30103,1.30103
3605,0.4762535,-2,2,-1.30103,1.30103
3607,0.4736607,-2,2,-1.30103,1.30103
3609,0.4736607,-2,2,-1.30103,1.30103
3611,0.4762535,-2,2,-1.30103,1.30103
3613,0.4762535,-2,2,-1.30103,1.30103
3615,0.4659739,-2,2,-1.30103,1.30103
3617,0.4659739,-2,2,-1.30103,1.30103
3619,0.4609239,-2,2,-1.30103,1.30103
3621,0.4609239,-2,2,-1.30103,1.30103
3623,0.4762535,-2,2,-1.30103,1.30103
3625,0.4762535,-2,2,-1.30103,1.30103
3627,0.4762535,-2,2,-1.30103,1.30103
3629,0.4762535,-2,2,-1.30103,1.30103
3631,0.4710833,-2,2,-1.30103,1.30103
3633,0.4788619,-2,2,-1.30103,1.30103
3635,0.4788619,-2,2,-1.30103,1.30103
3637,0.4736607,-2,2,-1.30103,1.30103
3639,0.4775558,-2,2,-1.30103,1.30103
3641,0.4841262,-2,2,-1.30103,1.30103
3643,0.4841262,-2,2,-1.30103,1.30103
3645,0.489455,-2,2,-1.30103,1.30103
3647,0.4921441,-2,2,-1.30103,1.30103
3649,0.4867824,-2,2,-1.30103,1.30103
3651,0.4867824,-2,2,-1.30103,1.30103
3653,0.489455,-2,2,-1.30103,1.30103
3655,0.4854522,-2,2,-1.30103,1.30103
3657,0.489455,-2,2,-1.30103,1.30103
3659,0.489455,-2,2,-1.30103,1.30103
3661,0.4867824,-2,2,-1.30103,1.30103
3663,0.489455,-2,2,-1.30103,1.30103
3665,0.4841262,-2,2,-1.30103,1.30103
3667,0.4841262,-2,2,-1.30103,1.30103
3669,0.4841262,-2,2,-1.30103,1.30103
3671,0.4854522,-2,2,-1.30103,1.30103
3673,0.4867824,-2,2,-1.30103,1.30103
3675,0.489455,-2,2,-1.30103,1.30103
3677,0.489455,-2,2,-1.30103,1.30103
3679,0.4867824,-2,2,-1.30103,1.30103
3681,0.4828041,-2,2,-1.30103,1.30103
3683,0.4762535,-2,2,-1.30103,1.30103
3685,0.4762535,-2,2,-1.30103,1.30103
3687,0.4762535,-2,2,-1.30103,1.30103
3689,0.4749552,-2,2,-1.30103,1.30103
3691,0.4749552,-2,2,-1.30103,1.30103
3693,0.4723701,-2,2,-1.30103,1.30103
3695,0.4775558,-2,2,-1.30103,1.30103
3697,0.4775558,-2,2,-1.30103,1.30103
3699,0.4841262,-2,2,-1.30103,1.30103
3701,0.4814861,-2,2,-1.30103,1.30103
3703,0.4814861,-2,2,-1.30103,1.30103
3705,0.4841262,-2,2,-1.30103,1.30103
3707,0.4841262,-2,2,-1.30103,1.30103
3709,0.4841262,-2,2,-1.30103,1.30103
3711,0.4841262,-2,2,-1.30103,1.30103
3713,0.489455,-2,2,-1.30103,1.30103
3715,0.4841262,-2,2,-1.30103,1.30103
3717,0.4788619,-2,2,-1.30103,1.30103
3719,0.4788619,-2,2,-1.30103,1.30103
3721,0.4788619,-2,2,-1.30103,1.30103
3723,0.4736607,-2,2,-1.30103,1.30103
3725,0.4762535,-2,2,-1.30103,1.30103
3727,0.4775558,-2,2,-1.30103,1.30103
3729,0.4841262,-2,2,-1.30103,1.30103
3731,0.480172,-2,2,-1.30103,1.30103
3733,0.480172,-2,2,-1.30103,1.30103
3735,0.480172,-2,2,-1.30103,1.30103
3737,0.480172,-2,2,-1.30103,1.30103
3739,0.480172,-2,2,-1.30103,1.30103
3741,0.4814861,-2,2,-1.30103,1.30103
3743,0.4775558,-2,2,-1.30103,1.30103
3745,0.4762535,-2,2,-1.30103,1.30103
3747,0.4749552,-2,2,-1.30103,1.30103
3749,0.4749552,-2,2,-1.30103,1.30103
3751,0.4736607,-2,2,-1.30103,1.30103
3753,0.4698003,-2,2,-1.30103,1.30103
3755,0.4698003,-2,2,-1.30103,1.30103
3757,0.4698003,-2,2,-1.30103,1.30103
3759,0.4698003,-2,2,-1.30103,1.30103
3761,0.4685211,-2,2,-1.30103,1.30103
3763,0.4685211,-2,2,-1.30103,1.30103
3765,0.4659739,-2,2,-1.30103,1.30103
3767,0.4659739,-2,2,-1.30103,1.30103
3769,0.4672456,-2,2,-1.30103,1.30103
3771,0.4723701,-2,2,-1.30103,1.30103
3773,0.4698003,-2,2,-1.30103,1.30103
3775,0.4698003,-2,2,-1.30103,1.30103
3777,0.4749552,-2,2,-1.30103,1.30103
3779,0.4736607,-2,2,-1.30103,1.30103
3781,0.4736607,-2,2,-1.30103,1.30103
3783,0.4762535,-2,2,-1.30103,1.30103
3785,0.4762535,-2,2,-1.30103,1.30103
3787,0.4814861,-2,2,-1.30103,1.30103
3789,0.4841262,-2,2,-1.30103,1.30103
3791,0.4854522,-2,2,-1.30103,1.30103
3793,0.4841262,-2,2,-1.30103,1.30103
3795,0.4841262,-2,2,-1.30103,1.30103
3797,0.4841262,-2,2,-1.30103,1.30103
3799,0.4841262,-2,2,-1.30103,1.30103
3801,0.4867824,-2,2,-1.30103,1.30103
3803,0.4907975,-2,2,-1.30103,1.30103
3805,0.4907975,-2,2,-1.30103,1.30103
3807,0.4854522,-2,2,-1.30103,1.30103
3809,0.4867824,-2,2,-1.30103,1.30103
3811,0.4867824,-2,2,-1.30103,1.30103
3813,0.489455,-2,2,-1.30103,1.30103
3815,0.489455,-2,2,-1.30103,1.30103
3817,0.489455,-2,2,-1.30103,1.30103
3819,0.4921441,-2,2,-1.30103,1.30103
3821,0.4921441,-2,2,-1.30103,1.30103
3823,0.4921441,-2,2,-1.30103,1.30103
3825,0.489455,-2,2,-1.30103,1.30103
3827,0.489455,-2,2,-1.30103,1.30103
3829,0.489455,-2,2,-1.30103,1.30103
3831,0.4854522,-2,2,-1.30103,1.30103
3833,0.4814861,-2,2,-1.30103,1.30103
3835,0.4814861,-2,2,-1.30103,1.30103
3837,0.480172,-2,2,-1.30103,1.30103
3839,0.4762535,-2,2,-1.30103,1.30103
3841,0.4814861,-2,2,-1.30103,1.30103
3843,0.480172,-2,2,-1.30103,1.30103
3845,0.4762535,-2,2,-1.30103,1.30103
3847,0.4749552,-2,2,-1.30103,1.30103
3849,0.4762535,-2,2,-1.30103,1.30103
3851,0.4762535,-2,2,-1.30103,1.30103
3853,0.4762535,-2,2,-1.30103,1.30103
3855,0.4749552,-2,2,-1.30103,1.30103
3857,0.4710833,-2,2,-1.30103,1.30103
3859,0.4685211,-2,2,-1.30103,1.30103
3861,0.4710833,-2,2,-1.30103,1.30103
3863,0.4672456,-2,2,-1.30103,1.30103
3865,0.4685211,-2,2,-1.30103,1.30103
3867,0.4634416,-2,2,-1.30103,1.30103
3869,0.4634416,-2,2,-1.30103,1.30103
3871,0.4634416,-2,2,-1.30103,1.30103
3873,0.4584208,-2,2,-1.30103,1.30103
3875,0.4571746,-2,2,-1.30103,1.30103
3877,0.4571746,-2,2,-1.30103,1.30103
3879,0.4584208,-2,2,-1.30103,1.30103
3881,0.4621809,-2,2,-1.30103,1.30103
3883,0.4621809,-2,2,-1.30103,1.30103
3885,0.4672456,-2,2,-1.30103,1.30103
3887,0.4710833,-2,2,-1.30103,1.30103
3889,0.4710833,-2,2,-1.30103,1.30103
3891,0.4710833,-2,2,-1.30103,1.30103
3893,0.4698003,-2,2,-1.30103,1.30103
3895,0.4762535,-2,2,-1.30103,1.30103
3897,0.4762535,-2,2,-1.30103,1.30103
3899,0.4710833,-2,2,-1.30103,1.30103
3901,0.4710833,-2,2,-1.30103,1.30103
3903,0.4762535,-2,2,-1.30103,1.30103
3905,0.4762535,-2,2,-1.30103,1.30103
3907,-0.4814861,-2,2,-1.30103,1.30103
3909,-0.4841262,-2,2,-1.30103,1.30103
3911,-0.4881167,-2,2,-1.30103,1.30103
3913,-0.4881167,-2,2,-1.30103,1.30103
3915,-0.4881167,-2,2,-1.30103,1.30103
3917,-0.4828041,-2,2,-1.30103,1.30103
3919,-0.4672456,-2,2,-1.30103,1.30103
3921,-0.4736607,-2,2,-1.30103,1.30103
3923,-0.4736607,-2,2,-1.30103,1.30103
3925,-0.4775558,-2,2,-1.30103,1.30103
3927,-0.4775558,-2,2,-1.30103,1.30103
3929,-0.4788619,-2,2,-1.30103,1.30103
3931,-0.4788619,-2,2,-1.30103,1.30103
3933,-0.4609239,-2,2,-1.30103,1.30103
3935,-0.4596705,-2,2,-1.30103,1.30103
3937,-0.4596705,-2,2,-1.30103,1.30103
3939,-0.4546929,-2,2,-1.30103,1.30103
3941,-0.4546929,-2,2,-1.30103,1.30103
3943,-0.4546929,-2,2,-1.30103,1.30103
3945,-0.4609239,-2,2,-1.30103,1.30103
3947,-0.4647059,-2,2,-1.30103,1.30103
3949,-0.4647059,-2,2,-1.30103,1.30103
3951,-0.4509967,-2,2,-1.30103,1.30103
3953,-0.4509967,-2,2,-1.30103,1.30103
3955,-0.4509967,-2,2,-1.30103,1.30103
3957,-0.4424928,-2,2,-1.30103,1.30103
3959,-0.4377071,-2,2,-1.30103,1.30103
3961,-0.4377071,-2,2,-1.30103,1.30103
3963,-0.4353339,-2,2,-1.30103,1.30103
3965,-0.4341522,-2,2,-1.30103,1.30103
3967,-0.4341522,-2,2,-1.30103,1.30103
3969,-0.4329736,-2,2,-1.30103,1.30103
3971,-0.4365189,-2,2,-1.30103,1.30103
3973,-0.4365189,-2,2,-1.30103,1.30103
3975,-0.4377071,-2,2,-1.30103,1.30103
3977,-0.4424928,-2,2,-1.30103,1.30103
3979,-0.4436975,-2,2,-1.30103,1.30103
3981,-0.4329736,-2,2,-1.30103,1.30103
3983,-0.4329736,-2,2,-1.30103,1.30103
3985,-0.4329736,-2,2,-1.30103,1.30103
3987,-0.4329736,-2,2,-1.30103,1.30103
3989,-0.4365189,-2,2,-1.30103,1.30103
3991,-0.4329736,-2,2,-1.30103,1.30103
3993,-0.4282912,-2,2,-1.30103,1.30103
3995,-0.4271284,-2,2,-1.30103,1.30103
3997,-0.4271284,-2,2,-1.30103,1.30103
3999,-0.4156688,-2,2,-1.30103,1.30103
4001,-0.4225082,-2,2,-1.30103,1.30103
4003,-0.4225082,-2,2,-1.30103,1.30103
4005,-0.4225082,-2,2,-1.30103,1.30103
4007,-0.4225082,-2,2,-1.30103,1.30103
4009,-0.4179366,-2,2,-1.30103,1.30103
4011,-0.4156688,-2,2,-1.30103,1.30103
4013,-0.4259687,-2,2,-1.30103,1.30103
4015,-0.4259687,-2,2,-1.30103,1.30103
4017,-0.4248122,-2,2,-1.30103,1.30103
4019,-0.419075,-2,2,-1.30103,1.30103
4021,-0.4213608,-2,2,-1.30103,1.30103
4023,-0.4213608,-2,2,-1.30103,1.30103
4025,-0.4236586,-2,2,-1.30103,1.30103
4027,-0.4236586,-2,2,-1.30103,1.30103
4029,-0.4168012,-2,2,-1.30103,1.30103
4031,-0.4179366,-2,2,-1.30103,1.30103
4033,-0.4179366,-2,2,-1.30103,1.30103
4035,-0.4111683,-2,2,-1.30103,1.30103
4037,-0.4089354,-2,2,-1.30103,1.30103
4039,-0.4089354,-2,2,-1.30103,1.30103
4041,-0.4168012,-2,2,-1.30103,1.30103
4043,-0.4202164,-2,2,-1.30103,1.30103
4045,-0.4202164,-2,2,-1.30103,1.30103
4047,-0.4202164,-2,2,-1.30103,1.30103
4049,-0.4259687,-2,2,-1.30103,1.30103
4051,-0.4259687,-2,2,-1.30103,1.30103
4053,-0.4271284,-2,2,-1.30103,1.30103
4055,-0.4248122,-2,2,-1.30103,1.30103
4057,-0.4248122,-2,2,-1.30103,1.30103
4059,-0.4202164,-2,2,-1.30103,1.30103
4061,-0.4168012,-2,2,-1.30103,1.30103
4063,-0.4168012,-2,2,-1.30103,1.30103
4065,-0.4179366,-2,2,-1.30103,1.30103
4067,-0.4156688,-2,2,-1.30103,1.30103
4069,-0.4156688,-2,2,-1.30103,1.30103
4071,-0.4078232,-2,2,-1.30103,1.30103
4073,-0.4001169,-2,2,-1.30103,1.30103
4075,-0.4001169,-2,2,-1.30103,1.30103
4077,-0.4056075,-2,2,-1.30103,1.30103
4079,-0.4067139,-2,2,-1.30103,1.30103
4081,-0.4067139,-2,2,-1.30103,1.30103
4083,-0.4056075,-2,2,-1.30103,1.30103
4085,-0.3957739,-2,2,-1.30103,1.30103
4087,-0.39794,-2,2,-1.30103,1.30103
4089,-0.4045038,-2,2,-1.30103,1.30103
4091,-0.39794,-2,2,-1.30103,1.30103
4093,-0.39794,-2,2,-1.30103,1.30103
4095,-0.3968556,-2,2,-1.30103,1.30103
4097,-0.4034029,-2,2,-1.30103,1.30103
4099,-0.4012095,-2,2,-1.30103,1.30103
4101,-0.4067139,-2,2,-1.30103,1.30103
4103,-0.4156688,-2,2,-1.30103,1.30103
4105,-0.4156688,-2,2,-1.30103,1.30103
4107,0.5114493,-2,2,-1.30103,1.30103
4109,0.5100415,-2,2,-1.30103,1.30103
4111,0.5100415,-2,2,-1.30103,1.30103
4113,0.5114493,-2,2,-1.30103,1.30103
4115,0.5114493,-2,2,-1.30103,1.30103
4117,0.5100415,-2,2,-1.30103,1.30103
4119,0.5058454,-2,2,-1.30103,1.30103
4121,0.5058454,-2,2,-1.30103,1.30103
4123,0.5058454,-2,2,-1.30103,1.30103
4125,0.5058454,-2,2,-1.30103,1.30103
4127,0.5100415,-2,2,-1.30103,1.30103
4129,0.5100415,-2,2,-1.30103,1.30103
4131,0.5072396,-2,2,-1.30103,1.30103
4133,0.5030704,-2,2,-1.30103,1.30103
4135,0.4989407,-2,2,-1.30103,1.30103
4137,0.4962093,-2,2,-1.30103,1.30103
4139,0.49485,-2,2,-1.30103,1.30103
4141,0.49485,-2,2,-1.30103,1.30103
4143,0.5003129,-2,2,-1.30103,1.30103
4145,0.5003129,-2,2,-1.30103,1.30103
4147,0.5003129,-2,2,-1.30103,1.30103
4149,0.4975729,-2,2,-1.30103,1.30103
4151,0.4962093,-2,2,-1.30103,1.30103
4153,0.4962093,-2,2,-1.30103,1.30103
4155,0.4989407,-2,2,-1.30103,1.30103
4157,0.5030704,-2,2,-1.30103,1.30103
4159,0.4989407,-2,2,-1.30103,1.30103
4161,-0.4306261,-2,2,-1.30103,1.30103
4163,-0.4271284,-2,2,-1.30103,1.30103
4165,-0.4271284,-2,2,-1.30103,1.30103
4167,-0.4294571,-2,2,-1.30103,1.30103
4169,-0.4282912,-2,2,-1.30103,1.30103
4171,-0.4282912,-2,2,-1.30103,1.30103
4173,-0.4271284,-2,2,-1.30103,1.30103
4175,-0.4248122,-2,2,-1.30103,1.30103
4177,-0.4248122,-2,2,-1.30103,1.30103
4179,-0.4259687,-2,2,-1.30103,1.30103
4181,-0.4317983,-2,2,-1.30103,1.30103
4183,-0.4317983,-2,2,-1.30103,1.30103
4185,-0.4353339,-2,2,-1.30103,1.30103
4187,-0.4377071,-2,2,-1.30103,1.30103
4189,-0.44855,-2,2,-1.30103,1.30103
4191,-0.4534573,-2,2,-1.30103,1.30103
4193,-0.4546929,-2,2,-1.30103,1.30103
4195,-0.455932,-2,2,-1.30103,1.30103
4197,-0.4534573,-2,2,-1.30103,1.30103
4199,-0.4571746,-2,2,-1.30103,1.30103
4201,-0.4571746,-2,2,-1.30103,1.30103
4203,-0.4571746,-2,2,-1.30103,1.30103
4205,-0.4571746,-2,2,-1.30103,1.30103
4207,-0.4571746,-2,2,-1.30103,1.30103
4209,-0.4522253,-2,2,-1.30103,1.30103
4211,-0.4522253,-2,2,-1.30103,1.30103
4213,-0.4522253,-2,2,-1.30103,1.30103
4215,-0.4497716,-2,2,-1.30103,1.30103
4217,-0.4400934,-2,2,-1.30103,1.30103
4219,-0.4400934,-2,2,-1.30103,1.30103
4221,-0.446117,-2,2,-1.30103,1.30103
4223,-0.4317983,-2,2,-1.30103,1.30103
4225,-0.4306261,-2,2,-1.30103,1.30103
4227,-0.4365189,-2,2,-1.30103,1.30103
4229,-0.4377071,-2,2,-1.30103,1.30103
4231,-0.4377071,-2,2,-1.30103,1.30103
4233,-0.4259687,-2,2,-1.30103,1.30103
4235,-0.4282912,-2,2,-1.30103,1.30103
4237,-0.4282912,-2,2,-1.30103,1.30103
4239,-0.4248122,-2,2,-1.30103,1.30103
4241,-0.4236586,-2,2,-1.30103,1.30103
4243,-0.4179366,-2,2,-1.30103,1.30103
4245,-0.4100504,-2,2,-1.30103,1.30103
4247,-0.4067139,-2,2,-1.30103,1.30103
4249,-0.4056075,-2,2,-1.30103,1.30103
4251,-0.412289,-2,2,-1.30103,1.30103
4253,-0.4134127,-2,2,-1.30103,1.30103
4255,-0.4134127,-2,2,-1.30103,1.30103
4257,-0.4156688,-2,2,-1.30103,1.30103
4259,-0.4168012,-2,2,-1.30103,1.30103
4261,-0.4168012,-2,2,-1.30103,1.30103
4263,-0.4236586,-2,2,-1.30103,1.30103
4265,-0.4259687,-2,2,-1.30103,1.30103
4267,-0.4259687,-2,2,-1.30103,1.30103
4269,-0.4294571,-2,2,-1.30103,1.30103
4271,-0.4341522,-2,2,-1.30103,1.30103
4273,-0.4353339,-2,2,-1.30103,1.30103
4275,-0.44855,-2,2,-1.30103,1.30103
4277,-0.4449055,-2,2,-1.30103,1.30103
4279,-0.4449055,-2,2,-1.30103,1.30103
4281,-0.4412914,-2,2,-1.30103,1.30103
4283,-0.446117,-2,2,-1.30103,1.30103
4285,-0.4400934,-2,2,-1.30103,1.30103
4287,-0.4609239,-2,2,-1.30103,1.30103
4289,-0.4609239,-2,2,-1.30103,1.30103
4291,-0.4609239,-2,2,-1.30103,1.30103
4293,-0.4710833,-2,2,-1.30103,1.30103
4295,-0.4634416,-2,2,-1.30103,1.30103
4297,-0.4634416,-2,2,-1.30103,1.30103
4299,-0.4698003,-2,2,-1.30103,1.30103
4301,-0.4710833,-2,2,-1.30103,1.30103
4303,-0.4723701,-2,2,-1.30103,1.30103
4305,-0.4609239,-2,2,-1.30103,1.30103
4307,-0.4621809,-2,2,-1.30103,1.30103
4309,-0.4621809,-2,2,-1.30103,1.30103
4311,-0.4634416,-2,2,-1.30103,1.30103
4313,-0.4584208,-2,2,-1.30103,1.30103
4315,-0.4522253,-2,2,-1.30103,1.30103
4317,-0.4509967,-2,2,-1.30103,1.30103
4319,-0.4497716,-2,2,-1.30103,1.30103
4321,-0.4497716,-2,2,-1.30103,1.30103
4323,-0.4497716,-2,2,-1.30103,1.30103
4325,-0.4509967,-2,2,-1.30103,1.30103
4327,-0.4509967,-2,2,-1.30103,1.30103
4329,-0.4509967,-2,2,-1.30103,1.30103
4331,-0.4497716,-2,2,-1.30103,1.30103
4333,-0.4497716,-2,2,-1.30103,1.30103
4335,-0.4571746,-2,2,-1.30103,1.30103
4337,-0.4596705,-2,2,-1.30103,1.30103
4339,-0.4609239,-2,2,-1.30103,1.30103
4341,-0.4634416,-2,2,-1.30103,1.30103
4343,-0.4736607,-2,2,-1.30103,1.30103
4345,-0.4736607,-2,2,-1.30103,1.30103
4347,-0.4749552,-2,2,-1.30103,1.30103
4349,-0.4685211,-2,2,-1.30103,1.30103
4351,-0.4685211,-2,2,-1.30103,1.30103
4353,-0.4828041,-2,2,-1.30103,1.30103
4355,-0.4841262,-2,2,-1.30103,1.30103
4357,-0.4854522,-2,2,-1.30103,1.30103
4359,-0.480172,-2,2,-1.30103,1.30103
4361,0.4749552,-2,2,-1.30103,1.30103
4363,0.4685211,-2,2,-1.30103,1.30103
4365,0.4736607,-2,2,-1.30103,1.30103
4367,0.4762535,-2,2,-1.30103,1.30103
4369,0.4762535,-2,2,-1.30103,1.30103
4371,0.4710833,-2,2,-1.30103,1.30103
4373,0.4710833,-2,2,-1.30103,1.30103
4375,0.4685211,-2,2,-1.30103,1.30103
4377,0.4710833,-2,2,-1.30103,1.30103
4379,0.4685211,-2,2,-1.30103,1.30103
4381,0.4685211,-2,2,-1.30103,1.30103
4383,0.4685211,-2,2,-1.30103,1.30103
4385,0.4685211,-2,2,-1.30103,1.30103
4387,0.4685211,-2,2,-1.30103,1.30103
4389,0.4698003,-2,2,-1.30103,1.30103
4391,0.4736607,-2,2,-1.30103,1.30103
4393,0.4854522,-2,2,-1.30103,1.30103
4395,0.4921441,-2,2,-1.30103,1.30103
4397,0.4907975,-2,2,-1.30103,1.30103
4399,0.4907975,-2,2,-1.30103,1.30103
4401,0.493495,-2,2,-1.30103,1.30103
4403,0.493495,-2,2,-1.30103,1.30103
4405,0.493495,-2,2,-1.30103,1.30103
4407,0.4921441,-2,2,-1.30103,1.30103
4409,0.4921441,-2,2,-1.30103,1.30103
4411,0.4921441,-2,2,-1.30103,1.30103
4413,0.489455,-2,2,-1.30103,1.30103
4415,0.4921441,-2,2,-1.30103,1.30103
4417,0.4921441,-2,2,-1.30103,1.30103
4419,0.489455,-2,2,-1.30103,1.30103
4421,0.4921441,-2,2,-1.30103,1.30103
4423,0.4921441,-2,2,-1.30103,1.30103
4425,0.480172,-2,2,-1.30103,1.30103
4427,0.4814861,-2,2,-1.30103,1.30103
4429,0.4814861,-2,2,-1.30103,1.30103
4431,0.4788619,-2,2,-1.30103,1.30103
4433,0.4736607,-2,2,-1.30103,1.30103
4435,0.4710833,-2,2,-1.30103,1.30103
4437,0.4710833,-2,2,-1.30103,1.30103
4439,0.4698003,-2,2,-1.30103,1.30103
4441,0.4698003,-2,2,-1.30103,1.30103
4443,0.4659739,-2,2,-1.30103,1.30103
4445,0.4609239,-2,2,-1.30103,1.30103
4447,0.4685211,-2,2,-1.30103,1.30103
4449,0.4659739,-2,2,-1.30103,1.30103
4451,0.4672456,-2,2,-1.30103,1.30103
4453,0.4672456,-2,2,-1.30103,1.30103
4455,0.4647059,-2,2,-1.30103,1.30103
4457,0.4659739,-2,2,-1.30103,1.30103
4459,0.4659739,-2,2,-1.30103,1.30103
4461,0.4647059,-2,2,-1.30103,1.30103
4463,0.4685211,-2,2,-1.30103,1.30103
4465,0.4685211,-2,2,-1.30103,1.30103
4467,0.4736607,-2,2,-1.30103,1.30103
4469,0.4736607,-2,2,-1.30103,1.30103
4471,0.4736607,-2,2,-1.30103,1.30103
4473,0.4736607,-2,2,-1.30103,1.30103
4475,0.4775558,-2,2,-1.30103,1.30103
4477,0.4775558,-2,2,-1.30103,1.30103
4479,0.4814861,-2,2,-1.30103,1.30103
4481,0.4788619,-2,2,-1.30103,1.30103
4483,0.4788619,-2,2,-1.30103,1.30103
4485,0.4775558,-2,2,-1.30103,1.30103
4487,0.4775558,-2,2,-1.30103,1.30103
4489,0.4775558,-2,2,-1.30103,1.30103
4491,0.4762535,-2,2,-1.30103,1.30103
4493,0.4788619,-2,2,-1.30103,1.30103
4495,0.4775558,-2,2,-1.30103,1.30103
4497,0.4723701,-2,2,-1.30103,1.30103
4499,0.4736607,-2,2,-1.30103,1.30103
4501,0.4736607,-2,2,-1.30103,1.30103
4503,0.4736607,-2,2,-1.30103,1.30103
4505,0.4685211,-2,2,-1.30103,1.30103
4507,0.4685211,-2,2,-1.30103,1.30103
4509,0.4685211,-2,2,-1.30103,1.30103
4511,0.4685211,-2,2,-1.30103,1.30103
4513,0.4685211,-2,2,-1.30103,1.30103
4515,0.4647059,-2,2,-1.30103,1.30103
4517,0.4584208,-2,2,-1.30103,1.30103
4519,0.4571746,-2,2,-1.30103,1.30103
4521,0.4634416,-2,2,-1.30103,1.30103
4523,0.4621809,-2,2,-1.30103,1.30103
4525,0.4621809,-2,2,-1.30103,1.30103
4527,0.4634416,-2,2,-1.30103,1.30103
4529,0.4609239,-2,2,-1.30103,1.30103
4531,0.4609239,-2,2,-1.30103,1.30103
4533,0.4659739,-2,2,-1.30103,1.30103
4535,0.4685211,-2,2,-1.30103,1.30103
4537,0.4685211,-2,2,-1.30103,1.30103
4539,0.4685211,-2,2,-1.30103,1.30103
4541,0.4710833,-2,2,-1.30103,1.30103
4543,0.4710833,-2,2,-1.30103,1.30103
4545,0.4685211,-2,2,-1.30103,1.30103
4547,0.4685211,-2,2,-1.30103,1.30103
4549,0.4685211,-2,2,-1.30103,1.30103
4551,0.4659739,-2,2,-1.30103,1.30103
4553,0.4672456,-2,2,-1.30103,1.30103
4555,0.4672456,-2,2,-1.30103,1.30103
4557,0.4672456,-2,2,-1.30103,1.30103
4559,0.4685211,-2,2,-1.30103,1.30103
4561,0.4685211,-2,2,-1.30103,1.30103
4563,0.4710833,-2,2,-1.30103,1.30103
4565,0.4723701,-2,2,-1.30103,1.30103
4567,0.4762535,-2,2,-1.30103,1.30103
4569,0.4736607,-2,2,-1.30103,1.30103
4571,0.4814861,-2,2,-1.30103,1.30103
4573,0.4814861,-2,2,-1.30103,1.30103
4575,0.4841262,-2,2,-1.30103,1.30103
4577,0.4841262,-2,2,-1.30103,1.30103
4579,0.4841262,-2,2,-1.30103,1.30103
4581,0.4881167,-2,2,-1.30103,1.30103
4583,0.489455,-2,2,-1.30103,1.30103
4585,0.489455,-2,2,-1.30103,1.30103
4587,0.4867824,-2,2,-1.30103,1.30103
4589,0.4841262,-2,2,-1.30103,1.30103
4591,0.4841262,-2,2,-1.30103,1.30103
4593,0.4736607,-2,2,-1.30103,1.30103
4595,0.4659739,-2,2,-1.30103,1.30103
4597,0.4659739,-2,2,-1.30103,1.30103
4599,0.4710833,-2,2,-1.30103,1.30103
4601,0.4710833,-2,2,-1.30103,1.30103
4603,0.4736607,-2,2,-1.30103,1.30103
4605,0.4736607,-2,2,-1.30103,1.30103
4607,0.4710833,-2,2,-1.30103,1.30103
4609,0.4710833,-2,2,-1.30103,1.30103
4611,0.4710833,-2,2,-1.30103,1.30103
4613,0.4685211,-2,2,-1.30103,1.30103
4615,0.4685211,-2,2,-1.30103,1.30103
4617,0.4609239,-2,2,-1.30103,1.30103
4619,0.4659739,-2,2,-1.30103,1.30103
4621,0.4659739,-2,2,-1.30103,1.30103
4623,0.4659739,-2,2,-1.30103,1.30103
4625,0.4685211,-2,2,-1.30103,1.30103
4627,0.4685211,-2,2,-1.30103,1.30103
4629,0.4710833,-2,2,-1.30103,1.30103
4631,0.4710833,-2,2,-1.30103,1.30103
4633,0.4685211,-2,2,-1.30103,1.30103
4635,0.4723701,-2,2,-1.30103,1.30103
4637,0.4723701,-2,2,-1.30103,1.30103
4639,0.4723701,-2,2,-1.30103,1.30103
4641,0.4723701,-2,2,-1.30103,1.30103
4643,0.4736607,-2,2,-1.30103,1.30103
4645,0.4749552,-2,2,-1.30103,1.30103
4647,0.4698003,-2,2,-1.30103,1.30103
4649,0.4672456,-2,2,-1.30103,1.30103
4651,0.4672456,-2,2,-1.30103,1.30103
4653,0.4672456,-2,2,-1.30103,1.30103
4655,0.4672456,-2,2,-1.30103,1.30103
4657,0.4685211,-2,2,-1.30103,1.30103
4659,0.4672456,-2,2,-1.30103,1.30103
4661,0.4723701,-2,2,-1.30103,1.30103
4663,0.4723701,-2,2,-1.30103,1.30103
4665,0.4672456,-2,2,-1.30103,1.30103
4667,0.4659739,-2,2,-1.30103,1.30103
4669,0.4659739,-2,2,-1.30103,1.30103
4671,0.4710833,-2,2,-1.30103,1.30103
4673,0.4710833,-2,2,-1.30103,1.30103
4675,0.4710833,-2,2,-1.30103,1.30103
4677,0.4710833,-2,2,-1.30103,1.30103
4679,0.4710833,-2,2,-1.30103,1.30103
4681,0.4647059,-2,2,-1.30103,1.30103
4683,0.4659739,-2,2,-1.30103,1.30103
4685,0.4659739,-2,2,-1.30103,1.30103
4687,0.4685211,-2,2,-1.30103,1.30103
4689,0.4710833,-2,2,-1.30103,1.30103
4691,0.4710833,-2,2,-1.30103,1.30103
4693,0.4710833,-2,2,-1.30103,1.30103
4695,0.4710833,-2,2,-1.30103,1.30103
4697,0.4710833,-2,2,-1.30103,1.30103
4699,0.4710833,-2,2,-1.30103,1.30103
4701,0.4672456,-2,2,-1.30103,1.30103
4703,0.4723701,-2,2,-1.30103,1.30103
4705,0.4723701,-2,2,-1.30103,1.30103
4707,0.4736607,-2,2,-1.30103,1.30103
4709,0.4749552,-2,2,-1.30103,1.30103
4711,0.4736607,-2,2,-1.30103,1.30103
4713,0.4710833,-2,2,-1.30103,1.30103
4715,0.4762535,-2,2,-1.30103,1.30103
4717,0.4762535,-2,2,-1.30103,1.30103
4719,0.4814861,-2,2,-1.30103,1.30103
4721,0.4788619,-2,2,-1.30103,1.30103
4723,0.4788619,-2,2,-1.30103,1.30103
4725,0.4788619,-2,2,-1.30103,1.30103
4727,0.4775558,-2,2,-1.30103,1.30103
4729,0.4775558,-2,2,-1.30103,1.30103
4731,0.4814861,-2,2,-1.30103,1.30103
4733,0.4775558,-2,2,-1.30103,1.30103
4735,0.4775558,-2,2,-1.30103,1.30103
4737,0.4736607,-2,2,-1.30103,1.30103
4739,0.4736607,-2,2,-1.30103,1.30103
4741,0.4736607,-2,2,-1.30103,1.30103
4743,0.4710833,-2,2,-1.30103,1.30103
4745,0.4710833,-2,2,-1.30103,1.30103
4747,0.4710833,-2,2,-1.30103,1.30103
4749,0.4710833,-2,2,-1.30103,1.30103
4751,0.4698003,-2,2,-1.30103,1.30103
4753,0.4698003,-2,2,-1.30103,1.30103
4755,0.4685211,-2,2,-1.30103,1.30103
4757,0.4710833,-2,2,-1.30103,1.30103
4759,0.4710833,-2,2,-1.30103,1.30103
4761,0.4762535,-2,2,-1.30103,1.30103
4763,0.4788619,-2,2,-1.30103,1.30103
4765,0.4736607,-2,2,-1.30103,1.30103
4767,0.4736607,-2,2,-1.30103,1.30103
4769,0.4685211,-2,2,-1.30103,1.30103
4771,0.4659739,-2,2,-1.30103,1.30103
4773,0.4634416,-2,2,-1.30103,1.30103
4775,0.4584208,-2,2,-1.30103,1.30103
4777,0.4584208,-2,2,-1.30103,1.30103
4779,0.455932,-2,2,-1.30103,1.30103
4781,0.4509967,-2,2,-1.30103,1.30103
4783,0.4509967,-2,2,-1.30103,1.30103
4785,0.4436975,-2,2,-1.30103,1.30103
4787,0.4473318,-2,2,-1.30103,1.30103
4789,0.4473318,-2,2,-1.30103,1.30103
4791,0.4509967,-2,2,-1.30103,1.30103
4793,0.446117,-2,2,-1.30103,1.30103
4795,0.446117,-2,2,-1.30103,1.30103
4797,0.4509967,-2,2,-1.30103,1.30103
4799,0.4473318,-2,2,-1.30103,1.30103
4801,0.4473318,-2,2,-1.30103,1.30103
4803,0.4436975,-2,2,-1.30103,1.30103
4805,0.4449055,-2,2,-1.30103,1.30103
4807,0.4449055,-2,2,-1.30103,1.30103
4809,0.446117,-2,2,-1.30103,1.30103
4811,0.44855,-2,2,-1.30103,1.30103
4813,0.44855,-2,2,-1.30103,1.30103
4815,0.44855,-2,2,-1.30103,1.30103
4817,0.4522253,-2,2,-1.30103,1.30103
4819,0.4509967,-2,2,-1.30103,1.30103
4821,0.455932,-2,2,-1.30103,1.30103
4823,0.4534573,-2,2,-1.30103,1.30103
4825,0.4546929,-2,2,-1.30103,1.30103
4827,0.4546929,-2,2,-1.30103,1.30103
4829,0.4509967,-2,2,-1.30103,1.30103
4831,0.4509967,-2,2,-1.30103,1.30103
4833,0.4534573,-2,2,-1.30103,1.30103
4835,0.455932,-2,2,-1.30103,1.30103
4837,0.455932,-2,2,-1.30103,1.30103
4839,0.455932,-2,2,-1.30103,1.30103
4841,0.4621809,-2,2,-1.30103,1.30103
4843,0.4659739,-2,2,-1.30103,1.30103
4845,0.4659739,-2,2,-1.30103,1.30103
4847,0.4710833,-2,2,-1.30103,1.30103
4849,0.4710833,-2,2,-1.30103,1.30103
4851,0.4762535,-2,2,-1.30103,1.30103
4853,0.4788619,-2,2,-1.30103,1.30103
4855,0.4775558,-2,2,-1.30103,1.30103
4857,0.4762535,-2,2,-1.30103,1.30103
4859,0.4762535,-2,2,-1.30103,1.30103
4861,0.4762535,-2,2,-1.30103,1.30103
4863,0.4736607,-2,2,-1.30103,1.30103
4865,0.4736607,-2,2,-1.30103,1.30103
4867,0.4814861,-2,2,-1.30103,1.30103
4869,0.4867824,-2,2,-1.30103,1.30103
4871,0.4828041,-2,2,-1.30103,1.30103
4873,0.4828041,-2,2,-1.30103,1.30103
4875,0.489455,-2,2,-1.30103,1.30103
4877,0.4841262,-2,2,-1.30103,1.30103
4879,0.4828041,-2,2,-1.30103,1.30103
4881,0.4828041,-2,2,-1.30103,1.30103
4883,0.4841262,-2,2,-1.30103,1.30103
4885,0.4841262,-2,2,-1.30103,1.30103
4887,0.4841262,-2,2,-1.30103,1.30103
4889,0.480172,-2,2,-1.30103,1.30103
4891,0.480172,-2,2,-1.30103,1.30103
4893,0.480172,-2,2,-1.30103,1.30103
4895,0.4762535,-2,2,-1.30103,1.30103
4897,0.4762535,-2,2,-1.30103,1.30103
4899,0.4762535,-2,2,-1.30103,1.30103
4901,0.4775558,-2,2,-1.30103,1.30103
4903,0.4775558,-2,2,-1.30103,1.30103
4905,0.4788619,-2,2,-1.30103,1.30103
4907,0.4814861,-2,2,-1.30103,1.30103
4909,0.480172,-2,2,-1.30103,1.30103
4911,0.4814861,-2,2,-1.30103,1.30103
4913,0.4841262,-2,2,-1.30103,1.30103
4915,0.4814861,-2,2,-1.30103,1.30103
4917,0.4788619,-2,2,-1.30103,1.30103
4919,0.4723701,-2,2,-1.30103,1.30103
4921,0.4723701,-2,2,-1.30103,1.30103
4923,0.4672456,-2,2,-1.30103,1.30103
4925,0.4685211,-2,2,-1.30103,1.30103
4927,0.4698003,-2,2,-1.30103,1.30103
4929,0.4710833,-2,2,-1.30103,1.30103
4931,0.4723701,-2,2,-1.30103,1.30103
4933,0.4723701,-2,2,-1.30103,1.30103
4935,0.4723701,-2,2,-1.30103,1.30103
4937,0.4723701,-2,2,-1.30103,1.30103
4939,0.4736607,-2,2,-1.30103,1.30103
4941,0.4736607,-2,2,-1.30103,1.30103
4943,0.4736607,-2,2,-1.30103,1.30103
4945,0.4736607,-2,2,-1.30103,1.30103
4947,0.4736607,-2,2,-1.30103,1.30103
4949,0.4736607,-2,2,-1.30103,1.30103
4951,0.4788619,-2,2,-1.30103,1.30103
4953,0.4788619,-2,2,-1.30103,1.30103
4955,0.4814861,-2,2,-1.30103,1.30103
4957,0.4841262,-2,2,-1.30103,1.30103
4959,0.489455,-2,2,-1.30103,1.30103
4961,0.4841262,-2,2,-1.30103,1.30103
4963,0.4921441,-2,2,-1.30103,1.30103
4965,0.4975729,-2,2,-1.30103,1.30103
4967,0.4921441,-2,2,-1.30103,1.30103
4969,0.4975729,-2,2,-1.30103,1.30103
4971,0.4975729,-2,2,-1.30103,1.30103
4973,0.4962093,-2,2,-1.30103,1.30103
4975,0.5030704,-2,2,-1.30103,1.30103
4977,0.5086383,-2,2,-1.30103,1.30103
4979,0.5086383,-2,2,-1.30103,1.30103
4981,0.5114493,-2,2,-1.30103,1.30103
4983,0.5142786,-2,2,-1.30103,1.30103
4985,0.5142786,-2,2,-1.30103,1.30103
4987,0.5157002,-2,2,-1.30103,1.30103
4989,0.5086383,-2,2,-1.30103,1.30103
4991,0.5058454,-2,2,-1.30103,1.30103
4993,0.5072396,-2,2,-1.30103,1.30103
4995,0.5072396,-2,2,-1.30103,1.30103
4997,0.5030704,-2,2,-1.30103,1.30103
4999,0.5114493,-2,2,-1.30103,1.30103
5001,0.5114493,-2,2,-1.30103,1.30103
5003,0.5086383,-2,2,-1.30103,1.30103
5005,0.5128616,-2,2,-1.30103,1.30103
5007,0.5128616,-2,2,-1.30103,1.30103
5009,0.5128616,-2,2,-1.30103,1.30103
5011,0.5142786,-2,2,-1.30103,1.30103
5013,0.5086383,-2,2,-1.30103,1.30103
5015,0.5114493,-2,2,-1.30103,1.30103
5017,0.5114493,-2,2,-1.30103,1.30103
5019,0.5058454,-2,2,-1.30103,1.30103
5021,0.5003129,-2,2,-1.30103,1.30103
5023,0.5003129,-2,2,-1.30103,1.30103
5025,0.5003129,-2,2,-1.30103,1.30103
5027,0.4975729,-2,2,-1.30103,1.30103
5029,0.5030704,-2,2,-1.30103,1.30103
5031,0.5030704,-2,2,-1.30103,1.30103
5033,0.5072396,-2,2,-1.30103,1.30103
5035,0.5086383,-2,2,-1.30103,1.30103
5037,0.5030704,-2,2,-1.30103,1.30103
5039,0.5030704,-2,2,-1.30103,1.30103
5041,0.5072396,-2,2,-1.30103,1.30103
5043,0.4975729,-2,2,-1.30103,1.30103
5045,0.5003129,-2,2,-1.30103,1.30103
5047,0.5044557,-2,2,-1.30103,1.30103
5049,0.5016894,-2,2,-1.30103,1.30103
5051,0.5030704,-2,2,-1.30103,1.30103
5053,0.5044557,-2,2,-1.30103,1.30103
5055,0.5016894,-2,2,-1.30103,1.30103
5057,0.5044557,-2,2,-1.30103,1.30103
5059,0.5086383,-2,2,-1.30103,1.30103
5061,0.5086383,-2,2,-1.30103,1.30103
5063,0.5142786,-2,2,-1.30103,1.30103
5065,0.5171264,-2,2,-1.30103,1.30103
5067,0.5171264,-2,2,-1.30103,1.30103
5069,0.5086383,-2,2,-1.30103,1.30103
5071,0.5114493,-2,2,-1.30103,1.30103
5073,0.5114493,-2,2,-1.30103,1.30103
5075,0.5030704,-2,2,-1.30103,1.30103
5077,0.5030704,-2,2,-1.30103,1.30103
5079,0.5114493,-2,2,-1.30103,1.30103
5081,0.5171264,-2,2,-1.30103,1.30103
5083,0.5199931,-2,2,-1.30103,1.30103
5085,0.5185574,-2,2,-1.30103,1.30103
5087,0.5142786,-2,2,-1.30103,1.30103
5089,0.5171264,-2,2,-1.30103,1.30103
5091,0.5157002,-2,2,-1.30103,1.30103
5093,0.5185574,-2,2,-1.30103,1.30103
5095,0.5199931,-2,2,-1.30103,1.30103
5097,0.5199931,-2,2,-1.30103,1.30103
5099,0.5185574,-2,2,-1.30103,1.30103
5101,0.5199931,-2,2,-1.30103,1.30103
5103,0.5171264,-2,2,-1.30103,1.30103
5105,0.5171264,-2,2,-1.30103,1.30103
5107,0.5171264,-2,2,-1.30103,1.30103
5109,0.5142786,-2,2,-1.30103,1.30103
5111,0.5142786,-2,2,-1.30103,1.30103
5113,0.5142786,-2,2,-1.30103,1.30103
5115,0.5086383,-2,2,-1.30103,1.30103
5117,0.5058454,-2,2,-1.30103,1.30103
5119,0.5058454,-2,2,-1.30103,1.30103
5121,0.5058454,-2,2,-1.30103,1.30103
5123,0.5086383,-2,2,-1.30103,1.30103
5125,0.5114493,-2,2,-1.30103,1.30103
5127,0.5086383,-2,2,-1.30103,1.30103
5129,0.5058454,-2,2,-1.30103,1.30103
5131,0.5086383,-2,2,-1.30103,1.30103
5133,0.5058454,-2,2,-1.30103,1.30103
5135,0.5086383,-2,2,-1.30103,1.30103
5137,0.5086383,-2,2,-1.30103,1.30103
5139,0.5086383,-2,2,-1.30103,1.30103
5141,0.5114493,-2,2,-1.30103,1.30103
5143,0.5086383,-2,2,-1.30103,1.30103
5145,0.5086383,-2,2,-1.30103,1.30103
5147,0.5086383,-2,2,-1.30103,1.30103
5149,0.5086383,-2,2,-1.30103,1.30103
5151,0.5030704,-2,2,-1.30103,1.30103
5153,0.5030704,-2,2,-1.30103,1.30103
5155,0.5030704,-2,2,-1.30103,1.30103
5157,0.4975729,-2,2,-1.30103,1.30103
5159,0.5016894,-2,2,-1.30103,1.30103
5161,0.5003129,-2,2,-1.30103,1.30103
5163,0.493495,-2,2,-1.30103,1.30103
5165,0.4962093,-2,2,-1.30103,1.30103
5167,0.4962093,-2,2,-1.30103,1.30103
5169,0.4921441,-2,2,-1.30103,1.30103
5171,0.4921441,-2,2,-1.30103,1.30103
5173,0.4962093,-2,2,-1.30103,1.30103
5175,0.489455,-2,2,-1.30103,1.30103
5177,0.493495,-2,2,-1.30103,1.30103
5179,0.489455,-2,2,-1.30103,1.30103
5181,0.4854522,-2,2,-1.30103,1.30103
5183,0.4854522,-2,2,-1.30103,1.30103
5185,0.4841262,-2,2,-1.30103,1.30103
5187,0.4841262,-2,2,-1.30103,1.30103
5189,0.4841262,-2,2,-1.30103,1.30103
5191,0.4867824,-2,2,-1.30103,1.30103
5193,0.4881167,-2,2,-1.30103,1.30103
5195,0.4867824,-2,2,-1.30103,1.30103
5197,0.4841262,-2,2,-1.30103,1.30103
5199,0.4841262,-2,2,-1.30103,1.30103
5201,0.4788619,-2,2,-1.30103,1.30103
5203,0.4788619,-2,2,-1.30103,1.30103
5205,0.4788619,-2,2,-1.30103,1.30103
5207,0.4788619,-2,2,-1.30103,1.30103
5209,0.4788619,-2,2,-1.30103,1.30103
5211,0.4788619,-2,2,-1.30103,1.30103
5213,0.4775558,-2,2,-1.30103,1.30103
5215,0.4788619,-2,2,-1.30103,1.30103
5217,0.4814861,-2,2,-1.30103,1.30103
5219,0.4867824,-2,2,-1.30103,1.30103
5221,0.4921441,-2,2,-1.30103,1.30103
5223,0.4921441,-2,2,-1.30103,1.30103
5225,0.4907975,-2,2,-1.30103,1.30103
5227,0.49485,-2,2,-1.30103,1.30103
5229,0.49485,-2,2,-1.30103,1.30103
5231,0.4921441,-2,2,-1.30103,1.30103
5233,0.49485,-2,2,-1.30103,1.30103
5235,0.49485,-2,2,-1.30103,1.30103
5237,0.4921441,-2,2,-1.30103,1.30103
5239,0.4907975,-2,2,-1.30103,1.30103
5241,0.4921441,-2,2,-1.30103,1.30103
5243,0.4921441,-2,2,-1.30103,1.30103
5245,0.489455,-2,2,-1.30103,1.30103
5247,0.489455,-2,2,-1.30103,1.30103
5249,0.489455,-2,2,-1.30103,1.30103
5251,0.4867824,-2,2,-1.30103,1.30103
5253,0.4867824,-2,2,-1.30103,1.30103
5255,0.4841262,-2,2,-1.30103,1.30103
5257,0.4788619,-2,2,-1.30103,1.30103
5259,0.4762535,-2,2,-1.30103,1.30103
5261,0.4814861,-2,2,-1.30103,1.30103
5263,0.4788619,-2,2,-1.30103,1.30103
5265,0.4749552,-2,2,-1.30103,1.30103
5267,0.4762535,-2,2,-1.30103,1.30103
5269,0.4749552,-2,2,-1.30103,1.30103
5271,0.4762535,-2,2,-1.30103,1.30103
5273,0.4775558,-2,2,-1.30103,1.30103
5275,0.4814861,-2,2,-1.30103,1.30103
5277,0.480172,-2,2,-1.30103,1.30103
5279,0.4685211,-2,2,-1.30103,1.30103
5281,0.4659739,-2,2,-1.30103,1.30103
5283,0.4659739,-2,2,-1.30103,1.30103
5285,0.4659739,-2,2,-1.30103,1.30103
5287,0.4659739,-2,2,-1.30103,1.30103
5289,0.4659739,-2,2,-1.30103,1.30103
5291,0.4647059,-2,2,-1.30103,1.30103
5293,0.4659739,-2,2,-1.30103,1.30103
5295,0.4634416,-2,2,-1.30103,1.30103
5297,0.4621809,-2,2,-1.30103,1.30103
5299,0.4596705,-2,2,-1.30103,1.30103
5301,0.4596705,-2,2,-1.30103,1.30103
5303,0.4609239,-2,2,-1.30103,1.30103
5305,0.4571746,-2,2,-1.30103,1.30103
5307,0.4609239,-2,2,-1.30103,1.30103
5309,0.4647059,-2,2,-1.30103,1.30103
5311,0.4634416,-2,2,-1.30103,1.30103
5313,0.4634416,-2,2,-1.30103,1.30103
5315,0.4672456,-2,2,-1.30103,1.30103
5317,0.4762535,-2,2,-1.30103,1.30103
5319,0.4749552,-2,2,-1.30103,1.30103
5321,0.4736607,-2,2,-1.30103,1.30103
5323,0.4736607,-2,2,-1.30103,1.30103
5325,0.4736607,-2,2,-1.30103,1.30103
5327,0.4685211,-2,2,-1.30103,1.30103
5329,0.4736607,-2,2,-1.30103,1.30103
5331,0.4788619,-2,2,-1.30103,1.30103
5333,0.4814861,-2,2,-1.30103,1.30103
5335,0.4841262,-2,2,-1.30103,1.30103
5337,0.4841262,-2,2,-1.30103,1.30103
5339,0.4841262,-2,2,-1.30103,1.30103
5341,0.4867824,-2,2,-1.30103,1.30103
5343,0.4867824,-2,2,-1.30103,1.30103
5345,0.4881167,-2,2,-1.30103,1.30103
5347,0.4867824,-2,2,-1.30103,1.30103
5349,0.4867824,-2,2,-1.30103,1.30103
5351,0.4881167,-2,2,-1.30103,1.30103
5353,0.4907975,-2,2,-1.30103,1.30103
5355,0.493495,-2,2,-1.30103,1.30103
5357,0.489455,-2,2,-1.30103,1.30103
5359,0.4867824,-2,2,-1.30103,1.30103
5361,0.489455,-2,2,-1.30103,1.30103
5363,0.4867824,-2,2,-1.30103,1.30103
5365,0.4841262,-2,2,-1.30103,1.30103
5367,0.493495,-2,2,-1.30103,1.30103
5369,0.5003129,-2,2,-1.30103,1.30103
5371,0.5003129,-2,2,-1.30103,1.30103
5373,0.5003129,-2,2,-1.30103,1.30103
5375,0.4975729,-2,2,-1.30103,1.30103
5377,0.493495,-2,2,-1.30103,1.30103
5379,0.49485,-2,2,-1.30103,1.30103
5381,0.4962093,-2,2,-1.30103,1.30103
5383,0.4975729,-2,2,-1.30103,1.30103
5385,0.5003129,-2,2,-1.30103,1.30103
5387,0.5030704,-2,2,-1.30103,1.30103
5389,0.5086383,-2,2,-1.30103,1.30103
5391,0.5171264,-2,2,-1.30103,1.30103
5393,0.5142786,-2,2,-1.30103,1.30103
5395,0.5114493,-2,2,-1.30103,1.30103
5397,0.5157002,-2,2,-1.30103,1.30103
5399,0.5228788,-2,2,-1.30103,1.30103
5401,0.5257837,-2,2,-1.30103,1.30103
5403,0.5257837,-2,2,-1.30103,1.30103
5405,0.5228788,-2,2,-1.30103,1.30103
5407,0.5199931,-2,2,-1.30103,1.30103
5409,0.5228788,-2,2,-1.30103,1.30103
5411,0.5243288,-2,2,-1.30103,1.30103
5413,0.5243288,-2,2,-1.30103,1.30103
5415,0.5316527,-2,2,-1.30103,1.30103
5417,0.5257837,-2,2,-1.30103,1.30103
5419,0.5228788,-2,2,-1.30103,1.30103
5421,0.5272436,-2,2,-1.30103,1.30103
5423,0.5287083,-2,2,-1.30103,1.30103
5425,0.5287083,-2,2,-1.30103,1.30103
5427,0.5257837,-2,2,-1.30103,1.30103
5429,0.5272436,-2,2,-1.30103,1.30103
5431,0.5272436,-2,2,-1.30103,1.30103
5433,0.5272436,-2,2,-1.30103,1.30103
5435,0.5287083,-2,2,-1.30103,1.30103
5437,0.5257837,-2,2,-1.30103,1.30103
5439,0.5316527,-2,2,-1.30103,1.30103
5441,0.5346171,-2,2,-1.30103,1.30103
5443,0.5316527,-2,2,-1.30103,1.30103
5445,0.5316527,-2,2,-1.30103,1.30103
5447,0.5316527,-2,2,-1.30103,1.30103
5449,0.5272436,-2,2,-1.30103,1.30103
5451,0.5272436,-2,2,-1.30103,1.30103
5453,0.5287083,-2,2,-1.30103,1.30103
5455,0.5287083,-2,2,-1.30103,1.30103
5457,0.5346171,-2,2,-1.30103,1.30103
5459,0.5346171,-2,2,-1.30103,1.30103
5461,0.5287083,-2,2,-1.30103,1.30103
5463,0.5287083,-2,2,-1.30103,1.30103
5465,0.5316527,-2,2,-1.30103,1.30103
5467,0.5287083,-2,2,-1.30103,1.30103
5469,0.5316527,-2,2,-1.30103,1.30103
5471,0.5346171,-2,2,-1.30103,1.30103
5473,0.5331324,-2,2,-1.30103,1.30103
5475,0.537602,-2,2,-1.30103,1.30103
5477,0.537602,-2,2,-1.30103,1.30103
5479,0.5406075,-2,2,-1.30103,1.30103
5481,0.5421181,-2,2,-1.30103,1.30103
5483,0.5436339,-2,2,-1.30103,1.30103
5485,0.5436339,-2,2,-1.30103,1.30103
5487,0.5436339,-2,2,-1.30103,1.30103
5489,0.552842,-2,2,-1.30103,1.30103
5491,0.5543958,-2,2,-1.30103,1.30103
5493,0.5543958,-2,2,-1.30103,1.30103
5495,0.5622494,-2,2,-1.30103,1.30103
5497,0.5670307,-2,2,-1.30103,1.30103
5499,0.5686362,-2,2,-1.30103,1.30103
5501,0.5686362,-2,2,-1.30103,1.30103
5503,0.5670307,-2,2,-1.30103,1.30103
5505,0.5686362,-2,2,-1.30103,1.30103
5507,0.5670307,-2,2,-1.30103,1.30103
5509,0.5686362,-2,2,-1.30103,1.30103
5511,0.5686362,-2,2,-1.30103,1.30103
5513,0.5718652,-2,2,-1.30103,1.30103
5515,0.5702477,-2,2,-1.30103,1.30103
5517,0.5718652,-2,2,-1.30103,1.30103
5519,0.5670307,-2,2,-1.30103,1.30103
5521,0.5686362,-2,2,-1.30103,1.30103
5523,0.5686362,-2,2,-1.30103,1.30103
5525,0.5654311,-2,2,-1.30103,1.30103
5527,0.5702477,-2,2,-1.30103,1.30103
5529,0.5702477,-2,2,-1.30103,1.30103
5531,0.5622494,-2,2,-1.30103,1.30103
5533,0.5622494,-2,2,-1.30103,1.30103
5535,0.5654311,-2,2,-1.30103,1.30103
5537,0.5654311,-2,2,-1.30103,1.30103
5539,0.5686362,-2,2,-1.30103,1.30103
5541,0.5686362,-2,2,-1.30103,1.30103
5543,0.5686362,-2,2,-1.30103,1.30103
5545,0.5686362,-2,2,-1.30103,1.30103
5547,0.5686362,-2,2,-1.30103,1.30103
5549,0.5686362,-2,2,-1.30103,1.30103
5551,0.5718652,-2,2,-1.30103,1.30103
5553,0.5686362,-2,2,-1.30103,1.30103
5555,0.5686362,-2,2,-1.30103,1.30103
5557,0.5686362,-2,2,-1.30103,1.30103
5559,0.5702477,-2,2,-1.30103,1.30103
5561,0.5686362,-2,2,-1.30103,1.30103
5563,0.5734887,-2,2,-1.30103,1.30103
5565,0.5686362,-2,2,-1.30103,1.30103
5567,0.5702477,-2,2,-1.30103,1.30103
5569,0.5622494,-2,2,-1.30103,1.30103
5571,0.5590909,-2,2,-1.30103,1.30103
5573,0.5590909,-2,2,-1.30103,1.30103
5575,0.5638373,-2,2,-1.30103,1.30103
5577,0.5638373,-2,2,-1.30103,1.30103
5579,0.5638373,-2,2,-1.30103,1.30103
5581,-0.3400838,-2,2,-1.30103,1.30103
5583,-0.3429441,-2,2,-1.30103,1.30103
5585,-0.333482,-2,2,-1.30103,1.30103
5587,-0.334419,-2,2,-1.30103,1.30103
5589,-0.333482,-2,2,-1.30103,1.30103
5591,-0.3535963,-2,2,-1.30103,1.30103
5593,-0.3535963,-2,2,-1.30103,1.30103
5595,-0.3595186,-2,2,-1.30103,1.30103
5597,-0.3585259,-2,2,-1.30103,1.30103
5599,-0.3645163,-2,2,-1.30103,1.30103
5601,-0.3788237,-2,2,-1.30103,1.30103
5603,-0.3788237,-2,2,-1.30103,1.30103
5605,-0.3757179,-2,2,-1.30103,1.30103
5607,-0.3757179,-2,2,-1.30103,1.30103
5609,-0.3809067,-2,2,-1.30103,1.30103
5611,-0.3736596,-2,2,-1.30103,1.30103
5613,-0.377786,-2,2,-1.30103,1.30103
5615,-0.38405,-2,2,-1.30103,1.30103
5617,-0.3861582,-2,2,-1.30103,1.30103
5619,-0.3861582,-2,2,-1.30103,1.30103
5621,-0.3893398,-2,2,-1.30103,1.30103
5623,-0.3882767,-2,2,-1.30103,1.30103
5625,-0.3957739,-2,2,-1.30103,1.30103
5627,-0.394695,-2,2,-1.30103,1.30103
5629,-0.3851028,-2,2,-1.30103,1.30103
5631,-0.3861582,-2,2,-1.30103,1.30103
5633,-0.3861582,-2,2,-1.30103,1.30103
5635,-0.3798639,-2,2,-1.30103,1.30103
5637,-0.3861582,-2,2,-1.30103,1.30103
5639,-0.391474,-2,2,-1.30103,1.30103
5641,-0.391474,-2,2,-1.30103,1.30103
5643,-0.3957739,-2,2,-1.30103,1.30103
5645,-0.3957739,-2,2,-1.30103,1.30103
5647,-0.38405,-2,2,-1.30103,1.30103
5649,-0.3819519,-2,2,-1.30103,1.30103
5651,-0.3675427,-2,2,-1.30103,1.30103
5653,-0.3675427,-2,2,-1.30103,1.30103
5655,-0.3675427,-2,2,-1.30103,1.30103
5657,-0.3705904,-2,2,-1.30103,1.30103
5659,-0.3685562,-2,2,-1.30103,1.30103
5661,-0.3675427,-2,2,-1.30103,1.30103
5663,-0.3665316,-2,2,-1.30103,1.30103
5665,-0.3645163,-2,2,-1.30103,1.30103
5667,-0.3585259,-2,2,-1.30103,1.30103
5669,-0.3555614,-2,2,-1.30103,1.30103
5671,-0.3535963,-2,2,-1.30103,1.30103
5673,-0.3565473,-2,2,-1.30103,1.30103
5675,-0.352617,-2,2,-1.30103,1.30103
5677,-0.35164,-2,2,-1.30103,1.30103
5679,-0.3565473,-2,2,-1.30103,1.30103
5681,-0.3477537,-2,2,-1.30103,1.30103
5683,-0.3467875,-2,2,-1.30103,1.30103
5685,-0.3458235,-2,2,-1.30103,1.30103
5687,-0.348722,-2,2,-1.30103,1.30103
5689,-0.3545777,-2,2,-1.30103,1.30103
5691,-0.3555614,-2,2,-1.30103,1.30103
5693,-0.3565473,-2,2,-1.30103,1.30103
5695,-0.3545777,-2,2,-1.30103,1.30103
5697,-0.352617,-2,2,-1.30103,1.30103
5699,-0.348722,-2,2,-1.30103,1.30103
5701,-0.3467875,-2,2,-1.30103,1.30103
5703,-0.3467875,-2,2,-1.30103,1.30103
5705,-0.3477537,-2,2,-1.30103,1.30103
5707,-0.3496925,-2,2,-1.30103,1.30103
5709,-0.3477537,-2,2,-1.30103,1.30103
5711,-0.3458235,-2,2,-1.30103,1.30103
5713,-0.3477537,-2,2,-1.30103,1.30103
5715,-0.3496925,-2,2,-1.30103,1.30103
5717,-0.3535963,-2,2,-1.30103,1.30103
5719,-0.3535963,-2,2,-1.30103,1.30103
5721,-0.3545777,-2,2,-1.30103,1.30103
5723,-0.3496925,-2,2,-1.30103,1.30103
5725,-0.3477537,-2,2,-1.30103,1.30103
5727,-0.3467875,-2,2,-1.30103,1.30103
5729,-0.3545777,-2,2,-1.30103,1.30103
5731,-0.3565473,-2,2,-1.30103,1.30103
5733,-0.3585259,-2,2,-1.30103,1.30103
5735,-0.3545777,-2,2,-1.30103,1.30103
5737,-0.3595186,-2,2,-1.30103,1.30103
5739,-0.3585259,-2,2,-1.30103,1.30103
5741,-0.3545777,-2,2,-1.30103,1.30103
5743,-0.3625103,-2,2,-1.30103,1.30103
5745,-0.3605135,-2,2,-1.30103,1.30103
5747,-0.3635121,-2,2,-1.30103,1.30103
5749,-0.3535963,-2,2,-1.30103,1.30103
5751,-0.3535963,-2,2,-1.30103,1.30103
5753,-0.35164,-2,2,-1.30103,1.30103
5755,-0.3506652,-2,2,-1.30103,1.30103
5757,-0.3496925,-2,2,-1.30103,1.30103
5759,-0.35164,-2,2,-1.30103,1.30103
5761,-0.348722,-2,2,-1.30103,1.30103
5763,-0.3506652,-2,2,-1.30103,1.30103
5765,-0.3506652,-2,2,-1.30103,1.30103
5767,-0.3467875,-2,2,-1.30103,1.30103
5769,-0.3439018,-2,2,-1.30103,1.30103
5771,-0.335358,-2,2,-1.30103,1.30103
5773,-0.3242217,-2,2,-1.30103,1.30103
5775,-0.3242217,-2,2,-1.30103,1.30103
5777,-0.3279021,-2,2,-1.30103,1.30103
5779,-0.3279021,-2,2,-1.30103,1.30103
5781,0.5816987,-2,2,-1.30103,1.30103
5783,0.5850267,-2,2,-1.30103,1.30103
5785,0.5767542,-2,2,-1.30103,1.30103
5787,0.5783961,-2,2,-1.30103,1.30103
5789,0.5783961,-2,2,-1.30103,1.30103
5791,0.5800443,-2,2,-1.30103,1.30103
5793,0.5816987,-2,2,-1.30103,1.30103
5795,0.5833595,-2,2,-1.30103,1.30103
5797,0.5883803,-2,2,-1.30103,1.30103
5799,0.59176,-2,2,-1.30103,1.30103
5801,0.59176,-2,2,-1.30103,1.30103
5803,0.59176,-2,2,-1.30103,1.30103
5805,0.59176,-2,2,-1.30103,1.30103
5807,0.5934598,-2,2,-1.30103,1.30103
5809,0.5985994,-2,2,-1.30103,1.30103
5811,0.6003263,-2,2,-1.30103,1.30103
5813,0.5968795,-2,2,-1.30103,1.30103
5815,0.5951663,-2,2,-1.30103,1.30103
5817,0.5985994,-2,2,-1.30103,1.30103
5819,0.6003263,-2,2,-1.30103,1.30103
5821,0.6090649,-2,2,-1.30103,1.30103
5823,0.607303,-2,2,-1.30103,1.30103
5825,0.6108339,-2,2,-1.30103,1.30103
5827,0.6126102,-2,2,-1.30103,1.30103
5829,0.6161847,-2,2,-1.30103,1.30103
5831,0.6090649,-2,2,-1.30103,1.30103
5833,0.6090649,-2,2,-1.30103,1.30103
5835,0.607303,-2,2,-1.30103,1.30103
5837,0.6055483,-2,2,-1.30103,1.30103
5839,0.6055483,-2,2,-1.30103,1.30103
5841,0.6143937,-2,2,-1.30103,1.30103
5843,0.6197888,-2,2,-1.30103,1.30103
5845,0.627088,-2,2,-1.30103,1.30103
5847,0.6289321,-2,2,-1.30103,1.30103
5849,0.623423,-2,2,-1.30103,1.30103
5851,0.623423,-2,2,-1.30103,1.30103
5853,0.627088,-2,2,-1.30103,1.30103
5855,0.627088,-2,2,-1.30103,1.30103
5857,0.6307842,-2,2,-1.30103,1.30103
5859,0.6307842,-2,2,-1.30103,1.30103
5861,0.6307842,-2,2,-1.30103,1.30103
5863,0.6307842,-2,2,-1.30103,1.30103
5865,0.6307842,-2,2,-1.30103,1.30103
5867,0.623423,-2,2,-1.30103,1.30103
5869,0.623423,-2,2,-1.30103,1.30103
5871,0.6216021,-2,2,-1.30103,1.30103
5873,0.6197888,-2,2,-1.30103,1.30103
5875,0.6197888,-2,2,-1.30103,1.30103
5877,0.6161847,-2,2,-1.30103,1.30103
5879,0.6143937,-2,2,-1.30103,1.30103
5881,0.60206,-2,2,-1.30103,1.30103
5883,0.60206,-2,2,-1.30103,1.30103
5885,0.6003263,-2,2,-1.30103,1.30103
5887,0.6003263,-2,2,-1.30103,1.30103
5889,0.6003263,-2,2,-1.30103,1.30103
5891,0.607303,-2,2,-1.30103,1.30103
5893,0.6055483,-2,2,-1.30103,1.30103
5895,0.607303,-2,2,-1.30103,1.30103
5897,0.6055483,-2,2,-1.30103,1.30103
5899,0.60206,-2,2,-1.30103,1.30103
5901,0.60206,-2,2,-1.30103,1.30103
5903,0.60206,-2,2,-1.30103,1.30103
5905,0.60206,-2,2,-1.30103,1.30103
5907,0.5985994,-2,2,-1.30103,1.30103
5909,0.6038007,-2,2,-1.30103,1.30103
5911,0.60206,-2,2,-1.30103,1.30103
5913,0.60206,-2,2,-1.30103,1.30103
5915,0.5985994,-2,2,-1.30103,1.30103
5917,0.6090649,-2,2,-1.30103,1.30103
5919,0.607303,-2,2,-1.30103,1.30103
5921,0.6090649,-2,2,-1.30103,1.30103
5923,0.6055483,-2,2,-1.30103,1.30103
5925,0.60206,-2,2,-1.30103,1.30103
5927,0.6055483,-2,2,-1.30103,1.30103
5929,0.6038007,-2,2,-1.30103,1.30103
5931,0.6055483,-2,2,-1.30103,1.30103
5933,0.6055483,-2,2,-1.30103,1.30103
5935,0.5985994,-2,2,-1.30103,1.30103
5937,0.5985994,-2,2,-1.30103,1.30103
5939,0.5985994,-2,2,-1.30103,1.30103
5941,0.5951663,-2,2,-1.30103,1.30103
5943,0.6003263,-2,2,-1.30103,1.30103
5945,0.60206,-2,2,-1.30103,1.30103
5947,0.60206,-2,2,-1.30103,1.30103
5949,0.60206,-2,2,-1.30103,1.30103
5951,0.59176,-2,2,-1.30103,1.30103
5953,0.5883803,-2,2,-1.30103,1.30103
5955,0.5883803,-2,2,-1.30103,1.30103
5957,0.5900669,-2,2,-1.30103,1.30103
5959,0.5900669,-2,2,-1.30103,1.30103
5961,0.5883803,-2,2,-1.30103,1.30103
5963,0.5833595,-2,2,-1.30103,1.30103
5965,0.5816987,-2,2,-1.30103,1.30103
5967,0.5783961,-2,2,-1.30103,1.30103
5969,0.5816987,-2,2,-1.30103,1.30103
5971,0.5734887,-2,2,-1.30103,1.30103
5973,0.5718652,-2,2,-1.30103,1.30103
5975,0.5718652,-2,2,-1.30103,1.30103
5977,0.5767542,-2,2,-1.30103,1.30103
5979,0.5751184,-2,2,-1.30103,1.30103
5981,0.5751184,-2,2,-1.30103,1.30103
5983,0.5767542,-2,2,-1.30103,1.30103
5985,0.5767542,-2,2,-1.30103,1.30103
5987,0.5751184,-2,2,-1.30103,1.30103
5989,0.5751184,-2,2,-1.30103,1.30103
5991,0.5751184,-2,2,-1.30103,1.30103
5993,0.5718652,-2,2,-1.30103,1.30103
5995,0.5686362,-2,2,-1.30103,1.30103
5997,0.5670307,-2,2,-1.30103,1.30103
5999,0.5606673,-2,2,-1.30103,1.30103
6001,0.5622494,-2,2,-1.30103,1.30103
6003,0.5654311,-2,2,-1.30103,1.30103
6005,0.5670307,-2,2,-1.30103,1.30103
6007,0.5734887,-2,2,-1.30103,1.30103
6009,0.5734887,-2,2,-1.30103,1.30103
6011,0.5751184,-2,2,-1.30103,1.30103
6013,0.5800443,-2,2,-1.30103,1.30103
6015,0.5783961,-2,2,-1.30103,1.30103
6017,0.5767542,-2,2,-1.30103,1.30103
6019,0.5816987,-2,2,-1.30103,1.30103
6021,0.5800443,-2,2,-1.30103,1.30103
6023,0.5718652,-2,2,-1.30103,1.30103
6025,0.5686362,-2,2,-1.30103,1.30103
6027,0.5686362,-2,2,-1.30103,1.30103
6029,0.5718652,-2,2,-1.30103,1.30103
6031,0.5767542,-2,2,-1.30103,1.30103
6033,0.5734887,-2,2,-1.30103,1.30103
6035,0.5734887,-2,2,-1.30103,1.30103
6037,0.5751184,-2,2,-1.30103,1.30103
6039,0.5734887,-2,2,-1.30103,1.30103
6041,0.5622494,-2,2,-1.30103,1.30103
6043,0.552842,-2,2,-1.30103,1.30103
6045,0.5497509,-2,2,-1.30103,1.30103
6047,0.5436339,-2,2,-1.30103,1.30103
6049,0.5406075,-2,2,-1.30103,1.30103
6051,0.5391021,-2,2,-1.30103,1.30103
6053,0.5391021,-2,2,-1.30103,1.30103
6055,0.5331324,-2,2,-1.30103,1.30103
6057,0.5287083,-2,2,-1.30103,1.30103
6059,0.5228788,-2,2,-1.30103,1.30103
6061,0.5199931,-2,2,-1.30103,1.30103
6063,0.5199931,-2,2,-1.30103,1.30103
6065,0.5128616,-2,2,-1.30103,1.30103
6067,0.5142786,-2,2,-1.30103,1.30103
6069,0.5086383,-2,2,-1.30103,1.30103
6071,0.5058454,-2,2,-1.30103,1.30103
6073,0.5100415,-2,2,-1.30103,1.30103
6075,0.5100415,-2,2,-1.30103,1.30103
6077,0.5142786,-2,2,-1.30103,1.30103
6079,0.5171264,-2,2,-1.30103,1.30103
6081,0.5171264,-2,2,-1.30103,1.30103
6083,0.5171264,-2,2,-1.30103,1.30103
6085,0.5243288,-2,2,-1.30103,1.30103
6087,0.5243288,-2,2,-1.30103,1.30103
6089,0.5214335,-2,2,-1.30103,1.30103
6091,0.5114493,-2,2,-1.30103,1.30103
6093,0.5114493,-2,2,-1.30103,1.30103
6095,0.5142786,-2,2,-1.30103,1.30103
6097,0.5086383,-2,2,-1.30103,1.30103
6099,0.5086383,-2,2,-1.30103,1.30103
6101,0.5058454,-2,2,-1.30103,1.30103
6103,0.5044557,-2,2,-1.30103,1.30103
6105,0.5044557,-2,2,-1.30103,1.30103
6107,0.5058454,-2,2,-1.30103,1.30103
6109,0.5058454,-2,2,-1.30103,1.30103
6111,0.5114493,-2,2,-1.30103,1.30103
6113,0.5142786,-2,2,-1.30103,1.30103
6115,0.5142786,-2,2,-1.30103,1.30103
6117,0.5142786,-2,2,-1.30103,1.30103
6119,0.5114493,-2,2,-1.30103,1.30103
6121,0.5086383,-2,2,-1.30103,1.30103
6123,0.5114493,-2,2,-1.30103,1.30103
6125,0.5128616,-2,2,-1.30103,1.30103
6127,0.5142786,-2,2,-1.30103,1.30103
6129,0.5142786,-2,2,-1.30103,1.30103
6131,0.5086383,-2,2,-1.30103,1.30103
6133,0.5114493,-2,2,-1.30103,1.30103
6135,0.5128616,-2,2,-1.30103,1.30103
6137,0.5199931,-2,2,-1.30103,1.30103
6139,0.5228788,-2,2,-1.30103,1.30103
6141,0.5228788,-2,2,-1.30103,1.30103
6143,0.5199931,-2,2,-1.30103,1.30103
6145,0.5157002,-2,2,-1.30103,1.30103
6147,0.5157002,-2,2,-1.30103,1.30103
6149,0.5199931,-2,2,-1.30103,1.30103
6151,0.5257837,-2,2,-1.30103,1.30103
6153,0.5272436,-2,2,-1.30103,1.30103
6155,0.5316527,-2,2,-1.30103,1.30103
6157,0.5346171,-2,2,-1.30103,1.30103
6159,0.5346171,-2,2,-1.30103,1.30103
6161,0.530178,-2,2,-1.30103,1.30103
6163,0.536107,-2,2,-1.30103,1.30103
6165,0.537602,-2,2,-1.30103,1.30103
6167,0.5421181,-2,2,-1.30103,1.30103
6169,0.5436339,-2,2,-1.30103,1.30103
6171,0.5436339,-2,2,-1.30103,1.30103
6173,0.552842,-2,2,-1.30103,1.30103
6175,0.5497509,-2,2,-1.30103,1.30103
6177,0.5512937,-2,2,-1.30103,1.30103
6179,0.5512937,-2,2,-1.30103,1.30103
6181,0.5466816,-2,2,-1.30103,1.30103
6183,0.5406075,-2,2,-1.30103,1.30103
6185,0.5316527,-2,2,-1.30103,1.30103
6187,0.5316527,-2,2,-1.30103,1.30103
6189,0.537602,-2,2,-1.30103,1.30103
6191,0.5391021,-2,2,-1.30103,1.30103
6193,0.5436339,-2,2,-1.30103,1.30103
6195,0.5512937,-2,2,-1.30103,1.30103
6197,0.5497509,-2,2,-1.30103,1.30103
6199,0.552842,-2,2,-1.30103,1.30103
6201,0.5590909,-2,2,-1.30103,1.30103
6203,0.5497509,-2,2,-1.30103,1.30103
6205,0.5466816,-2,2,-1.30103,1.30103
6207,0.5466816,-2,2,-1.30103,1.30103
6209,0.5436339,-2,2,-1.30103,1.30103
6211,0.5406075,-2,2,-1.30103,1.30103
6213,0.537602,-2,2,-1.30103,1.30103
6215,0.5346171,-2,2,-1.30103,1.30103
6217,0.5406075,-2,2,-1.30103,1.30103
6219,0.5406075,-2,2,-1.30103,1.30103
6221,0.5331324,-2,2,-1.30103,1.30103
6223,0.5346171,-2,2,-1.30103,1.30103
6225,0.5346171,-2,2,-1.30103,1.30103
6227,0.5316527,-2,2,-1.30103,1.30103
6229,0.530178,-2,2,-1.30103,1.30103
6231,0.5214335,-2,2,-1.30103,1.30103
6233,0.5228788,-2,2,-1.30103,1.30103
6235,0.5316527,-2,2,-1.30103,1.30103
6237,0.5316527,-2,2,-1.30103,1.30103
6239,0.5287083,-2,2,-1.30103,1.30103
6241,0.5287083,-2,2,-1.30103,1.30103
6243,0.5287083,-2,2,-1.30103,1.30103
6245,0.5316527,-2,2,-1.30103,1.30103
6247,0.5316527,-2,2,-1.30103,1.30103
6249,0.5316527,-2,2,-1.30103,1.30103
6251,0.5331324,-2,2,-1.30103,1.30103
6253,0.530178,-2,2,-1.30103,1.30103
6255,0.5346171,-2,2,-1.30103,1.30103
6257,0.5406075,-2,2,-1.30103,1.30103
6259,0.5406075,-2,2,-1.30103,1.30103
6261,0.5406075,-2,2,-1.30103,1.30103
6263,0.5466816,-2,2,-1.30103,1.30103
6265,0.5466816,-2,2,-1.30103,1.30103
6267,0.5466816,-2,2,-1.30103,1.30103
6269,0.5497509,-2,2,-1.30103,1.30103
6271,0.5466816,-2,2,-1.30103,1.30103
6273,0.5512937,-2,2,-1.30103,1.30103
6275,0.5559552,-2,2,-1.30103,1.30103
6277,0.5559552,-2,2,-1.30103,1.30103
6279,0.5575202,-2,2,-1.30103,1.30103
6281,0.5590909,-2,2,-1.30103,1.30103
6283,0.5606673,-2,2,-1.30103,1.30103
6285,0.5606673,-2,2,-1.30103,1.30103
6287,0.5590909,-2,2,-1.30103,1.30103
6289,0.5638373,-2,2,-1.30103,1.30103
6291,0.5638373,-2,2,-1.30103,1.30103
6293,0.5686362,-2,2,-1.30103,1.30103
6295,0.5670307,-2,2,-1.30103,1.30103
6297,0.5670307,-2,2,-1.30103,1.30103
6299,0.5734887,-2,2,-1.30103,1.30103
6301,0.5751184,-2,2,-1.30103,1.30103
6303,0.5751184,-2,2,-1.30103,1.30103
6305,0.5751184,-2,2,-1.30103,1.30103
6307,0.5783961,-2,2,-1.30103,1.30103
6309,0.5783961,-2,2,-1.30103,1.30103
6311,0.5718652,-2,2,-1.30103,1.30103
6313,0.5751184,-2,2,-1.30103,1.30103
6315,0.5734887,-2,2,-1.30103,1.30103
6317,0.5800443,-2,2,-1.30103,1.30103
6319,0.5767542,-2,2,-1.30103,1.30103
6321,0.5767542,-2,2,-1.30103,1.30103
6323,0.5751184,-2,2,-1.30103,1.30103
6325,0.5718652,-2,2,-1.30103,1.30103
6327,0.5718652,-2,2,-1.30103,1.30103
6329,0.5783961,-2,2,-1.30103,1.30103
6331,0.5833595,-2,2,-1.30103,1.30103
6333,0.5833595,-2,2,-1.30103,1.30103
6335,0.5800443,-2,2,-1.30103,1.30103
6337,0.5767542,-2,2,-1.30103,1.30103
6339,0.5767542,-2,2,-1.30103,1.30103
6341,0.5767542,-2,2,-1.30103,1.30103
6343,0.5734887,-2,2,-1.30103,1.30103
6345,0.5718652,-2,2,-1.30103,1.30103
6347,0.5767542,-2,2,-1.30103,1.30103
6349,0.5718652,-2,2,-1.30103,1.30103
6351,0.5718652,-2,2,-1.30103,1.30103
6353,0.5718652,-2,2,-1.30103,1.30103
6355,0.5686362,-2,2,-1.30103,1.30103
6357,0.5686362,-2,2,-1.30103,1.30103
6359,0.5751184,-2,2,-1.30103,1.30103
6361,0.5850267,-2,2,-1.30103,1.30103
6363,0.5850267,-2,2,-1.30103,1.30103
6365,0.5800443,-2,2,-1.30103,1.30103
6367,0.5751184,-2,2,-1.30103,1.30103
6369,0.5751184,-2,2,-1.30103,1.30103
6371,0.5734887,-2,2,-1.30103,1.30103
6373,0.5686362,-2,2,-1.30103,1.30103
6375,0.5686362,-2,2,-1.30103,1.30103
6377,0.5686362,-2,2,-1.30103,1.30103
6379,0.5590909,-2,2,-1.30103,1.30103
6381,0.5606673,-2,2,-1.30103,1.30103
6383,0.5622494,-2,2,-1.30103,1.30103
6385,0.5638373,-2,2,-1.30103,1.30103
6387,0.5638373,-2,2,-1.30103,1.30103
6389,0.5654311,-2,2,-1.30103,1.30103
6391,0.5654311,-2,2,-1.30103,1.30103
6393,0.5654311,-2,2,-1.30103,1.30103
6395,0.5654311,-2,2,-1.30103,1.30103
6397,0.5622494,-2,2,-1.30103,1.30103
6399,0.5622494,-2,2,-1.30103,1.30103
6401,0.5686362,-2,2,-1.30103,1.30103
6403,0.5718652,-2,2,-1.30103,1.30103
6405,0.5718652,-2,2,-1.30103,1.30103
6407,0.5833595,-2,2,-1.30103,1.30103
6409,0.5800443,-2,2,-1.30103,1.30103
6411,0.5783961,-2,2,-1.30103,1.30103
6413,0.5783961,-2,2,-1.30103,1.30103
6415,0.5850267,-2,2,-1.30103,1.30103
6417,0.5850267,-2,2,-1.30103,1.30103
6419,0.5867003,-2,2,-1.30103,1.30103
6421,0.59176,-2,2,-1.30103,1.30103
6423,0.59176,-2,2,-1.30103,1.30103
6425,0.59176,-2,2,-1.30103,1.30103
6427,0.5867003,-2,2,-1.30103,1.30103
6429,0.5867003,-2,2,-1.30103,1.30103
6431,0.5883803,-2,2,-1.30103,1.30103
6433,0.59176,-2,2,-1.30103,1.30103
6435,0.59176,-2,2,-1.30103,1.30103
6437,0.5900669,-2,2,-1.30103,1.30103
6439,0.5985994,-2,2,-1.30103,1.30103
6441,0.5985994,-2,2,-1.30103,1.30103
6443,0.6055483,-2,2,-1.30103,1.30103
6445,0.6055483,-2,2,-1.30103,1.30103
6447,0.6055483,-2,2,-1.30103,1.30103
6449,0.6161847,-2,2,-1.30103,1.30103
6451,0.6161847,-2,2,-1.30103,1.30103
6453,0.6161847,-2,2,-1.30103,1.30103
6455,0.6126102,-2,2,-1.30103,1.30103
6457,0.6090649,-2,2,-1.30103,1.30103
6459,0.607303,-2,2,-1.30103,1.30103
6461,0.6003263,-2,2,-1.30103,1.30103
6463,0.60206,-2,2,-1.30103,1.30103
6465,0.60206,-2,2,-1.30103,1.30103
6467,0.6090649,-2,2,-1.30103,1.30103
6469,0.6090649,-2,2,-1.30103,1.30103
6471,0.6090649,-2,2,-1.30103,1.30103
6473,0.60206,-2,2,-1.30103,1.30103
6475,0.5951663,-2,2,-1.30103,1.30103
6477,0.5968795,-2,2,-1.30103,1.30103
6479,-0.3160529,-2,2,-1.30103,1.30103
6481,-0.3242217,-2,2,-1.30103,1.30103
6483,-0.3242217,-2,2,-1.30103,1.30103
6485,-0.3242217,-2,2,-1.30103,1.30103
6487,-0.3297541,-2,2,-1.30103,1.30103
6489,-0.3279021,-2,2,-1.30103,1.30103
6491,-0.326058,-2,2,-1.30103,1.30103
6493,-0.3297541,-2,2,-1.30103,1.30103
6495,-0.332547,-2,2,-1.30103,1.30103
6497,-0.332547,-2,2,-1.30103,1.30103
6499,-0.332547,-2,2,-1.30103,1.30103
6501,-0.3391345,-2,2,-1.30103,1.30103
6503,-0.3410352,-2,2,-1.30103,1.30103
6505,-0.3439018,-2,2,-1.30103,1.30103
6507,-0.3381873,-2,2,-1.30103,1.30103
6509,-0.3458235,-2,2,-1.30103,1.30103
6511,-0.3458235,-2,2,-1.30103,1.30103
6513,-0.3458235,-2,2,-1.30103,1.30103
6515,-0.3615108,-2,2,-1.30103,1.30103
6517,-0.3716111,-2,2,-1.30103,1.30103
6519,-0.3716111,-2,2,-1.30103,1.30103
6521,-0.3675427,-2,2,-1.30103,1.30103
6523,-0.3585259,-2,2,-1.30103,1.30103
6525,-0.3565473,-2,2,-1.30103,1.30103
6527,-0.3448616,-2,2,-1.30103,1.30103
6529,-0.3535963,-2,2,-1.30103,1.30103
6531,-0.3535963,-2,2,-1.30103,1.30103
6533,-0.3545777,-2,2,-1.30103,1.30103
6535,-0.3555614,-2,2,-1.30103,1.30103
6537,-0.352617,-2,2,-1.30103,1.30103
6539,-0.3506652,-2,2,-1.30103,1.30103
6541,-0.3400838,-2,2,-1.30103,1.30103
6543,-0.3439018,-2,2,-1.30103,1.30103
6545,-0.3439018,-2,2,-1.30103,1.30103
6547,-0.3439018,-2,2,-1.30103,1.30103
6549,-0.3410352,-2,2,-1.30103,1.30103
6551,-0.3400838,-2,2,-1.30103,1.30103
6553,-0.3362991,-2,2,-1.30103,1.30103
6555,-0.334419,-2,2,-1.30103,1.30103
6557,-0.335358,-2,2,-1.30103,1.30103
6559,-0.3362991,-2,2,-1.30103,1.30103
6561,-0.3506652,-2,2,-1.30103,1.30103
6563,-0.3410352,-2,2,-1.30103,1.30103
6565,-0.3372422,-2,2,-1.30103,1.30103
6567,-0.3279021,-2,2,-1.30103,1.30103
6569,-0.3223931,-2,2,-1.30103,1.30103
6571,-0.3233064,-2,2,-1.30103,1.30103
6573,-0.3214816,-2,2,-1.30103,1.30103
6575,-0.3251389,-2,2,-1.30103,1.30103
6577,-0.3196645,-2,2,-1.30103,1.30103
6579,-0.3196645,-2,2,-1.30103,1.30103
6581,-0.312471,-2,2,-1.30103,1.30103
6583,-0.312471,-2,2,-1.30103,1.30103
6585,-0.3106911,-2,2,-1.30103,1.30103
6587,-0.306273,-2,2,-1.30103,1.30103
6589,-0.3151546,-2,2,-1.30103,1.30103
6591,-0.3160529,-2,2,-1.30103,1.30103
6593,-0.3205721,-2,2,-1.30103,1.30103
6595,-0.3214816,-2,2,-1.30103,1.30103
6597,-0.3214816,-2,2,-1.30103,1.30103
6599,-0.3223931,-2,2,-1.30103,1.30103
6601,-0.326058,-2,2,-1.30103,1.30103
6603,-0.326058,-2,2,-1.30103,1.30103
6605,-0.3269791,-2,2,-1.30103,1.30103
6607,-0.334419,-2,2,-1.30103,1.30103
6609,-0.3429441,-2,2,-1.30103,1.30103
6611,-0.3410352,-2,2,-1.30103,1.30103
6613,-0.3429441,-2,2,-1.30103,1.30103
6615,-0.334419,-2,2,-1.30103,1.30103
6617,-0.3391345,-2,2,-1.30103,1.30103
6619,-0.3439018,-2,2,-1.30103,1.30103
6621,-0.3381873,-2,2,-1.30103,1.30103
6623,-0.3410352,-2,2,-1.30103,1.30103
6625,-0.3429441,-2,2,-1.30103,1.30103
6627,-0.3400838,-2,2,-1.30103,1.30103
6629,-0.3372422,-2,2,-1.30103,1.30103
6631,-0.3381873,-2,2,-1.30103,1.30103
6633,-0.3372422,-2,2,-1.30103,1.30103
6635,-0.334419,-2,2,-1.30103,1.30103
6637,-0.3419886,-2,2,-1.30103,1.30103
6639,-0.3372422,-2,2,-1.30103,1.30103
6641,-0.348722,-2,2,-1.30103,1.30103
6643,-0.3555614,-2,2,-1.30103,1.30103
6645,-0.35164,-2,2,-1.30103,1.30103
6647,-0.3565473,-2,2,-1.30103,1.30103
6649,-0.3410352,-2,2,-1.30103,1.30103
6651,-0.3496925,-2,2,-1.30103,1.30103
6653,-0.3496925,-2,2,-1.30103,1.30103
6655,-0.35164,-2,2,-1.30103,1.30103
6657,-0.3439018,-2,2,-1.30103,1.30103
6659,-0.3448616,-2,2,-1.30103,1.30103
6661,-0.335358,-2,2,-1.30103,1.30103
6663,-0.3288271,-2,2,-1.30103,1.30103
6665,-0.334419,-2,2,-1.30103,1.30103
6667,-0.3400838,-2,2,-1.30103,1.30103
6669,-0.334419,-2,2,-1.30103,1.30103
6671,-0.332547,-2,2,-1.30103,1.30103
6673,-0.332547,-2,2,-1.30103,1.30103
6675,-0.3233064,-2,2,-1.30103,1.30103
6677,-0.3178549,-2,2,-1.30103,1.30103
6679,0.5850267,-2,2,-1.30103,1.30103
6681,0.5867003,-2,2,-1.30103,1.30103
6683,0.5867003,-2,2,-1.30103,1.30103
6685,0.5850267,-2,2,-1.30103,1.30103
6687,0.5850267,-2,2,-1.30103,1.30103
6689,0.5883803,-2,2,-1.30103,1.30103
6691,0.5883803,-2,2,-1.30103,1.30103
6693,0.5883803,-2,2,-1.30103,1.30103
6695,0.59176,-2,2,-1.30103,1.30103
6697,0.5883803,-2,2,-1.30103,1.30103
6699,0.5951663,-2,2,-1.30103,1.30103
6701,0.60206,-2,2,-1.30103,1.30103
6703,0.60206,-2,2,-1.30103,1.30103
6705,0.6090649,-2,2,-1.30103,1.30103
6707,0.6090649,-2,2,-1.30103,1.30103
6709,0.6055483,-2,2,-1.30103,1.30103
6711,0.6090649,-2,2,-1.30103,1.30103
6713,0.6108339,-2,2,-1.30103,1.30103
6715,0.6090649,-2,2,-1.30103,1.30103
6717,0.6143937,-2,2,-1.30103,1.30103
6719,0.6143937,-2,2,-1.30103,1.30103
6721,0.6090649,-2,2,-1.30103,1.30103
6723,0.623423,-2,2,-1.30103,1.30103
6725,0.623423,-2,2,-1.30103,1.30103
6727,0.617983,-2,2,-1.30103,1.30103
6729,0.623423,-2,2,-1.30103,1.30103
6731,0.627088,-2,2,-1.30103,1.30103
6733,0.623423,-2,2,-1.30103,1.30103
6735,0.623423,-2,2,-1.30103,1.30103
6737,0.6216021,-2,2,-1.30103,1.30103
6739,0.6161847,-2,2,-1.30103,1.30103
6741,0.6197888,-2,2,-1.30103,1.30103
6743,0.6108339,-2,2,-1.30103,1.30103
6745,0.6090649,-2,2,-1.30103,1.30103
6747,0.6090649,-2,2,-1.30103,1.30103
6749,0.6090649,-2,2,-1.30103,1.30103
6751,0.6055483,-2,2,-1.30103,1.30103
6753,0.6055483,-2,2,-1.30103,1.30103
6755,0.5968795,-2,2,-1.30103,1.30103
6757,0.6055483,-2,2,-1.30103,1.30103
6759,0.6055483,-2,2,-1.30103,1.30103
6761,0.6038007,-2,2,-1.30103,1.30103
6763,0.5951663,-2,2,-1.30103,1.30103
6765,0.5985994,-2,2,-1.30103,1.30103
6767,0.59176,-2,2,-1.30103,1.30103
6769,0.5800443,-2,2,-1.30103,1.30103
6771,0.5783961,-2,2,-1.30103,1.30103
6773,0.5783961,-2,2,-1.30103,1.30103
6775,0.5751184,-2,2,-1.30103,1.30103
6777,0.5751184,-2,2,-1.30103,1.30103
6779,0.5800443,-2,2,-1.30103,1.30103
6781,0.5751184,-2,2,-1.30103,1.30103
6783,0.5751184,-2,2,-1.30103,1.30103
6785,0.5686362,-2,2,-1.30103,1.30103
6787,0.5654311,-2,2,-1.30103,1.30103
6789,0.5654311,-2,2,-1.30103,1.30103
6791,0.5686362,-2,2,-1.30103,1.30103
6793,0.5654311,-2,2,-1.30103,1.30103
6795,0.5718652,-2,2,-1.30103,1.30103
6797,0.5751184,-2,2,-1.30103,1.30103
6799,0.5751184,-2,2,-1.30103,1.30103
6801,0.5751184,-2,2,-1.30103,1.30103
6803,0.5718652,-2,2,-1.30103,1.30103
6805,0.5718652,-2,2,-1.30103,1.30103
6807,0.5718652,-2,2,-1.30103,1.30103
6809,0.5718652,-2,2,-1.30103,1.30103
6811,0.5751184,-2,2,-1.30103,1.30103
6813,0.5751184,-2,2,-1.30103,1.30103
6815,0.5767542,-2,2,-1.30103,1.30103
6817,0.5767542,-2,2,-1.30103,1.30103
6819,0.59176,-2,2,-1.30103,1.30103
6821,0.5883803,-2,2,-1.30103,1.30103
6823,0.5883803,-2,2,-1.30103,1.30103
6825,0.5883803,-2,2,-1.30103,1.30103
6827,0.59176,-2,2,-1.30103,1.30103
6829,0.5900669,-2,2,-1.30103,1.30103
6831,0.59176,-2,2,-1.30103,1.30103
6833,0.5951663,-2,2,-1.30103,1.30103
6835,0.59176,-2,2,-1.30103,1.30103
6837,0.5867003,-2,2,-1.30103,1.30103
6839,0.5850267,-2,2,-1.30103,1.30103
6841,0.5833595,-2,2,-1.30103,1.30103
6843,0.5883803,-2,2,-1.30103,1.30103
6845,0.5883803,-2,2,-1.30103,1.30103
6847,0.5883803,-2,2,-1.30103,1.30103
6849,0.5800443,-2,2,-1.30103,1.30103
6851,0.5734887,-2,2,-1.30103,1.30103
6853,0.5734887,-2,2,-1.30103,1.30103
6855,0.5718652,-2,2,-1.30103,1.30103
6857,0.5686362,-2,2,-1.30103,1.30103
6859,0.5686362,-2,2,-1.30103,1.30103
6861,0.5751184,-2,2,-1.30103,1.30103
6863,0.5686362,-2,2,-1.30103,1.30103
6865,0.5686362,-2,2,-1.30103,1.30103
6867,0.5718652,-2,2,-1.30103,1.30103
6869,0.5702477,-2,2,-1.30103,1.30103
6871,0.5702477,-2,2,-1.30103,1.30103
6873,0.5686362,-2,2,-1.30103,1.30103
6875,0.5654311,-2,2,-1.30103,1.30103
6877,0.5654311,-2,2,-1.30103,1.30103
6879,0.5686362,-2,2,-1.30103,1.30103
6881,0.5751184,-2,2,-1.30103,1.30103
6883,0.5751184,-2,2,-1.30103,1.30103
6885,0.5751184,-2,2,-1.30103,1.30103
6887,0.5816987,-2,2,-1.30103,1.30103
6889,0.5816987,-2,2,-1.30103,1.30103
6891,0.5767542,-2,2,-1.30103,1.30103
6893,0.5686362,-2,2,-1.30103,1.30103
6895,0.5686362,-2,2,-1.30103,1.30103
6897,0.5767542,-2,2,-1.30103,1.30103
6899,0.5718652,-2,2,-1.30103,1.30103
6901,0.5686362,-2,2,-1.30103,1.30103
6903,0.5686362,-2,2,-1.30103,1.30103
6905,0.5654311,-2,2,-1.30103,1.30103
6907,0.5654311,-2,2,-1.30103,1.30103
6909,0.5622494,-2,2,-1.30103,1.30103
6911,0.5590909,-2,2,-1.30103,1.30103
6913,0.5622494,-2,2,-1.30103,1.30103
6915,0.5702477,-2,2,-1.30103,1.30103
6917,0.5654311,-2,2,-1.30103,1.30103
6919,0.5654311,-2,2,-1.30103,1.30103
6921,0.5654311,-2,2,-1.30103,1.30103
6923,0.5622494,-2,2,-1.30103,1.30103
6925,0.5590909,-2,2,-1.30103,1.30103
6927,0.5606673,-2,2,-1.30103,1.30103
6929,0.5559552,-2,2,-1.30103,1.30103
6931,0.5559552,-2,2,-1.30103,1.30103
6933,0.552842,-2,2,-1.30103,1.30103
6935,0.5559552,-2,2,-1.30103,1.30103
6937,0.5559552,-2,2,-1.30103,1.30103
6939,0.5590909,-2,2,-1.30103,1.30103
6941,0.5575202,-2,2,-1.30103,1.30103
6943,0.5575202,-2,2,-1.30103,1.30103
6945,0.5559552,-2,2,-1.30103,1.30103
6947,0.552842,-2,2,-1.30103,1.30103
6949,0.552842,-2,2,-1.30103,1.30103
6951,0.5497509,-2,2,-1.30103,1.30103
6953,0.5497509,-2,2,-1.30103,1.30103
6955,0.5497509,-2,2,-1.30103,1.30103
6957,0.5451552,-2,2,-1.30103,1.30103
6959,0.5436339,-2,2,-1.30103,1.30103
6961,0.5421181,-2,2,-1.30103,1.30103
6963,0.537602,-2,2,-1.30103,1.30103
6965,0.5287083,-2,2,-1.30103,1.30103
6967,0.5272436,-2,2,-1.30103,1.30103
6969,0.5316527,-2,2,-1.30103,1.30103
6971,0.5316527,-2,2,-1.30103,1.30103
6973,0.5287083,-2,2,-1.30103,1.30103
6975,0.5257837,-2,2,-1.30103,1.30103
6977,0.5316527,-2,2,-1.30103,1.30103
6979,0.536107,-2,2,-1.30103,1.30103
6981,0.5287083,-2,2,-1.30103,1.30103
6983,0.530178,-2,2,-1.30103,1.30103
6985,0.5346171,-2,2,-1.30103,1.30103
6987,0.537602,-2,2,-1.30103,1.30103
6989,0.537602,-2,2,-1.30103,1.30103
6991,0.536107,-2,2,-1.30103,1.30103
6993,0.5346171,-2,2,-1.30103,1.30103
6995,0.5346171,-2,2,-1.30103,1.30103
6997,0.5346171,-2,2,-1.30103,1.30103
6999,0.5316527,-2,2,-1.30103,1.30103
7001,0.537602,-2,2,-1.30103,1.30103
7003,0.537602,-2,2,-1.30103,1.30103
7005,0.5406075,-2,2,-1.30103,1.30103
7007,0.5406075,-2,2,-1.30103,1.30103
7009,0.5406075,-2,2,-1.30103,1.30103
7011,0.5421181,-2,2,-1.30103,1.30103
7013,0.5346171,-2,2,-1.30103,1.30103
7015,0.5331324,-2,2,-1.30103,1.30103
7017,0.5287083,-2,2,-1.30103,1.30103
7019,0.5243288,-2,2,-1.30103,1.30103
7021,0.5142786,-2,2,-1.30103,1.30103
7023,0.5157002,-2,2,-1.30103,1.30103
7025,0.5157002,-2,2,-1.30103,1.30103
7027,0.5157002,-2,2,-1.30103,1.30103
7029,0.5142786,-2,2,-1.30103,1.30103
7031,0.5114493,-2,2,-1.30103,1.30103
7033,0.5072396,-2,2,-1.30103,1.30103
7035,0.5086383,-2,2,-1.30103,1.30103
7037,0.5086383,-2,2,-1.30103,1.30103
7039,0.5086383,-2,2,-1.30103,1.30103
7041,0.5114493,-2,2,-1.30103,1.30103
7043,0.5142786,-2,2,-1.30103,1.30103
7045,0.5171264,-2,2,-1.30103,1.30103
7047,0.5128616,-2,2,-1.30103,1.30103
7049,0.5171264,-2,2,-1.30103,1.30103
7051,0.5199931,-2,2,-1.30103,1.30103
7053,0.5243288,-2,2,-1.30103,1.30103
7055,0.5272436,-2,2,-1.30103,1.30103
7057,0.5272436,-2,2,-1.30103,1.30103
7059,0.5199931,-2,2,-1.30103,1.30103
7061,0.5157002,-2,2,-1.30103,1.30103
7063,0.5171264,-2,2,-1.30103,1.30103
7065,0.5142786,-2,2,-1.30103,1.30103
7067,0.5100415,-2,2,-1.30103,1.30103
7069,0.5114493,-2,2,-1.30103,1.30103
7071,0.5086383,-2,2,-1.30103,1.30103
7073,0.5114493,-2,2,-1.30103,1.30103
7075,0.5228788,-2,2,-1.30103,1.30103
7077,0.5185574,-2,2,-1.30103,1.30103
7079,0.5100415,-2,2,-1.30103,1.30103
7081,0.5100415,-2,2,-1.30103,1.30103
7083,0.5003129,-2,2,-1.30103,1.30103
7085,0.5016894,-2,2,-1.30103,1.30103
7087,0.5030704,-2,2,-1.30103,1.30103
7089,0.4962093,-2,2,-1.30103,1.30103
7091,0.49485,-2,2,-1.30103,1.30103
7093,0.4975729,-2,2,-1.30103,1.30103
7095,0.4975729,-2,2,-1.30103,1.30103
7097,0.5003129,-2,2,-1.30103,1.30103
7099,0.4989407,-2,2,-1.30103,1.30103
7101,0.4975729,-2,2,-1.30103,1.30103
7103,0.5003129,-2,2,-1.30103,1.30103
7105,0.5003129,-2,2,-1.30103,1.30103
7107,0.5003129,-2,2,-1.30103,1.30103
7109,0.5003129,-2,2,-1.30103,1.30103
7111,0.5003129,-2,2,-1.30103,1.30103
7113,0.49485,-2,2,-1.30103,1.30103
7115,0.4907975,-2,2,-1.30103,1.30103
7117,0.4921441,-2,2,-1.30103,1.30103
7119,0.4921441,-2,2,-1.30103,1.30103
7121,0.4975729,-2,2,-1.30103,1.30103
7123,0.4975729,-2,2,-1.30103,1.30103
7125,0.5030704,-2,2,-1.30103,1.30103
7127,0.5100415,-2,2,-1.30103,1.30103
7129,0.5100415,-2,2,-1.30103,1.30103
7131,0.5228788,-2,2,-1.30103,1.30103
7133,0.5228788,-2,2,-1.30103,1.30103
7135,0.5228788,-2,2,-1.30103,1.30103
7137,0.5243288,-2,2,-1.30103,1.30103
7139,0.5243288,-2,2,-1.30103,1.30103
7141,0.5243288,-2,2,-1.30103,1.30103
7143,0.5272436,-2,2,-1.30103,1.30103
7145,0.5346171,-2,2,-1.30103,1.30103
7147,0.5346171,-2,2,-1.30103,1.30103
7149,0.5316527,-2,2,-1.30103,1.30103
7151,0.5331324,-2,2,-1.30103,1.30103
7153,0.5331324,-2,2,-1.30103,1.30103
7155,0.5316527,-2,2,-1.30103,1.30103
7157,0.5316527,-2,2,-1.30103,1.30103
7159,0.5316527,-2,2,-1.30103,1.30103
7161,0.5391021,-2,2,-1.30103,1.30103
7163,0.5406075,-2,2,-1.30103,1.30103
7165,0.5406075,-2,2,-1.30103,1.30103
7167,0.5466816,-2,2,-1.30103,1.30103
7169,0.5436339,-2,2,-1.30103,1.30103
7171,0.5436339,-2,2,-1.30103,1.30103
7173,0.5436339,-2,2,-1.30103,1.30103
7175,0.5436339,-2,2,-1.30103,1.30103
7177,0.5436339,-2,2,-1.30103,1.30103
7179,0.537602,-2,2,-1.30103,1.30103
7181,0.537602,-2,2,-1.30103,1.30103
7183,0.5391021,-2,2,-1.30103,1.30103
7185,0.530178,-2,2,-1.30103,1.30103
7187,0.5316527,-2,2,-1.30103,1.30103
7189,0.5346171,-2,2,-1.30103,1.30103
7191,0.5346171,-2,2,-1.30103,1.30103
7193,0.5346171,-2,2,-1.30103,1.30103
7195,0.5346171,-2,2,-1.30103,1.30103
7197,0.537602,-2,2,-1.30103,1.30103
7199,0.5316527,-2,2,-1.30103,1.30103
7201,0.5316527,-2,2,-1.30103,1.30103
7203,0.536107,-2,2,-1.30103,1.30103
7205,0.5316527,-2,2,-1.30103,1.30103
7207,0.5346171,-2,2,-1.30103,1.30103
7209,0.5331324,-2,2,-1.30103,1.30103
7211,0.5331324,-2,2,-1.30103,1.30103
7213,0.5331324,-2,2,-1.30103,1.30103
7215,0.537602,-2,2,-1.30103,1.30103
7217,0.5466816,-2,2,-1.30103,1.30103
7219,0.5466816,-2,2,-1.30103,1.30103
7221,0.5451552,-2,2,-1.30103,1.30103
7223,0.5406075,-2,2,-1.30103,1.30103
7225,0.5406075,-2,2,-1.30103,1.30103
7227,0.5466816,-2,2,-1.30103,1.30103
7229,0.5436339,-2,2,-1.30103,1.30103
7231,0.5436339,-2,2,-1.30103,1.30103
7233,0.5466816,-2,2,-1.30103,1.30103
7235,0.5466816,-2,2,-1.30103,1.30103
7237,0.5466816,-2,2,-1.30103,1.30103
7239,0.5466816,-2,2,-1.30103,1.30103
7241,0.5512937,-2,2,-1.30103,1.30103
7243,0.5512937,-2,2,-1.30103,1.30103
7245,0.5497509,-2,2,-1.30103,1.30103
7247,0.5406075,-2,2,-1.30103,1.30103
7249,0.5406075,-2,2,-1.30103,1.30103
7251,0.5466816,-2,2,-1.30103,1.30103
7253,0.5497509,-2,2,-1.30103,1.30103
7255,0.5497509,-2,2,-1.30103,1.30103
7257,0.5466816,-2,2,-1.30103,1.30103
7259,0.5466816,-2,2,-1.30103,1.30103
7261,0.5466816,-2,2,-1.30103,1.30103
7263,0.552842,-2,2,-1.30103,1.30103
7265,0.552842,-2,2,-1.30103,1.30103
7267,0.5559552,-2,2,-1.30103,1.30103
7269,0.5686362,-2,2,-1.30103,1.30103
7271,0.5654311,-2,2,-1.30103,1.30103
7273,0.5670307,-2,2,-1.30103,1.30103
7275,0.5670307,-2,2,-1.30103,1.30103
7277,0.5622494,-2,2,-1.30103,1.30103
7279,0.5622494,-2,2,-1.30103,1.30103
7281,0.5686362,-2,2,-1.30103,1.30103
7283,0.5718652,-2,2,-1.30103,1.30103
7285,0.5783961,-2,2,-1.30103,1.30103
7287,0.5816987,-2,2,-1.30103,1.30103
7289,0.5783961,-2,2,-1.30103,1.30103
7291,0.5783961,-2,2,-1.30103,1.30103
7293,0.5816987,-2,2,-1.30103,1.30103
7295,0.5816987,-2,2,-1.30103,1.30103
7297,0.5751184,-2,2,-1.30103,1.30103
7299,0.5718652,-2,2,-1.30103,1.30103
7301,0.5767542,-2,2,-1.30103,1.30103
7303,0.5751184,-2,2,-1.30103,1.30103
7305,0.5718652,-2,2,-1.30103,1.30103
7307,0.5751184,-2,2,-1.30103,1.30103
7309,0.5783961,-2,2,-1.30103,1.30103
7311,0.5686362,-2,2,-1.30103,1.30103
7313,0.5702477,-2,2,-1.30103,1.30103
7315,0.5702477,-2,2,-1.30103,1.30103
7317,0.5638373,-2,2,-1.30103,1.30103
7319,0.5686362,-2,2,-1.30103,1.30103
7321,0.5686362,-2,2,-1.30103,1.30103
7323,0.5702477,-2,2,-1.30103,1.30103
7325,0.5654311,-2,2,-1.30103,1.30103
7327,0.5543958,-2,2,-1.30103,1.30103
7329,0.5559552,-2,2,-1.30103,1.30103
7331,0.5559552,-2,2,-1.30103,1.30103
7333,0.5497509,-2,2,-1.30103,1.30103
7335,0.5543958,-2,2,-1.30103,1.30103
7337,0.5497509,-2,2,-1.30103,1.30103
7339,0.5497509,-2,2,-1.30103,1.30103
7341,0.5436339,-2,2,-1.30103,1.30103
7343,0.5421181,-2,2,-1.30103,1.30103
7345,0.5421181,-2,2,-1.30103,1.30103
7347,0.5346171,-2,2,-1.30103,1.30103
7349,0.536107,-2,2,-1.30103,1.30103
7351,0.536107,-2,2,-1.30103,1.30103
7353,0.536107,-2,2,-1.30103,1.30103
7355,0.5406075,-2,2,-1.30103,1.30103
7357,0.5406075,-2,2,-1.30103,1.30103
7359,0.5406075,-2,2,-1.30103,1.30103
7361,0.537602,-2,2,-1.30103,1.30103
7363,0.537602,-2,2,-1.30103,1.30103
7365,0.536107,-2,2,-1.30103,1.30103
7367,0.5287083,-2,2,-1.30103,1.30103
7369,0.5287083,-2,2,-1.30103,1.30103
7371,0.5287083,-2,2,-1.30103,1.30103
7373,0.5287083,-2,2,-1.30103,1.30103
7375,0.5287083,-2,2,-1.30103,1.30103
7377,0.5316527,-2,2,-1.30103,1.30103
7379,0.5257837,-2,2,-1.30103,1.30103
7381,0.5257837,-2,2,-1.30103,1.30103
7383,0.5287083,-2,2,-1.30103,1.30103
7385,0.530178,-2,2,-1.30103,1.30103
7387,0.5391021,-2,2,-1.30103,1.30103
7389,0.5406075,-2,2,-1.30103,1.30103
7391,0.5406075,-2,2,-1.30103,1.30103
7393,0.5406075,-2,2,-1.30103,1.30103
7395,0.5391021,-2,2,-1.30103,1.30103
7397,0.537602,-2,2,-1.30103,1.30103
7399,0.5346171,-2,2,-1.30103,1.30103
7401,0.5421181,-2,2,-1.30103,1.30103
7403,0.5316527,-2,2,-1.30103,1.30103
7405,0.5316527,-2,2,-1.30103,1.30103
7407,0.5346171,-2,2,-1.30103,1.30103
7409,0.537602,-2,2,-1.30103,1.30103
7411,0.537602,-2,2,-1.30103,1.30103
7413,0.537602,-2,2,-1.30103,1.30103
7415,0.537602,-2,2,-1.30103,1.30103
7417,0.537602,-2,2,-1.30103,1.30103
7419,0.5346171,-2,2,-1.30103,1.30103
7421,0.5346171,-2,2,-1.30103,1.30103
7423,0.5346171,-2,2,-1.30103,1.30103
7425,0.5346171,-2,2,-1.30103,1.30103
7427,0.5287083,-2,2,-1.30103,1.30103
7429,0.5287083,-2,2,-1.30103,1.30103
7431,0.5331324,-2,2,-1.30103,1.30103
7433,0.536107,-2,2,-1.30103,1.30103
7435,0.536107,-2,2,-1.30103,1.30103
7437,0.5331324,-2,2,-1.30103,1.30103
7439,0.5316527,-2,2,-1.30103,1.30103
7441,0.5316527,-2,2,-1.30103,1.30103
7443,0.5272436,-2,2,-1.30103,1.30103
7445,0.5228788,-2,2,-1.30103,1.30103
7447,0.5228788,-2,2,-1.30103,1.30103
7449,0.5228788,-2,2,-1.30103,1.30103
7451,0.5157002,-2,2,-1.30103,1.30103
7453,0.5157002,-2,2,-1.30103,1.30103
7455,0.5157002,-2,2,-1.30103,1.30103
7457,0.5142786,-2,2,-1.30103,1.30103
7459,0.5142786,-2,2,-1.30103,1.30103
7461,0.5171264,-2,2,-1.30103,1.30103
7463,0.5171264,-2,2,-1.30103,1.30103
7465,0.5171264,-2,2,-1.30103,1.30103
7467,0.5086383,-2,2,-1.30103,1.30103
7469,0.4975729,-2,2,-1.30103,1.30103
7471,0.4975729,-2,2,-1.30103,1.30103
7473,0.4962093,-2,2,-1.30103,1.30103
7475,0.4962093,-2,2,-1.30103,1.30103
7477,0.4962093,-2,2,-1.30103,1.30103
7479,0.489455,-2,2,-1.30103,1.30103
7481,0.4841262,-2,2,-1.30103,1.30103
7483,0.4841262,-2,2,-1.30103,1.30103
7485,0.4867824,-2,2,-1.30103,1.30103
7487,0.4762535,-2,2,-1.30103,1.30103
7489,0.4762535,-2,2,-1.30103,1.30103
7491,0.4736607,-2,2,-1.30103,1.30103
7493,0.4736607,-2,2,-1.30103,1.30103
7495,0.4736607,-2,2,-1.30103,1.30103
7497,0.4736607,-2,2,-1.30103,1.30103
7499,0.4788619,-2,2,-1.30103,1.30103
7501,0.4788619,-2,2,-1.30103,1.30103
7503,0.4814861,-2,2,-1.30103,1.30103
7505,0.4814861,-2,2,-1.30103,1.30103
7507,0.4814861,-2,2,-1.30103,1.30103
7509,0.4841262,-2,2,-1.30103,1.30103
7511,0.489455,-2,2,-1.30103,1.30103
7513,0.489455,-2,2,-1.30103,1.30103
7515,0.4814861,-2,2,-1.30103,1.30103
7517,0.4828041,-2,2,-1.30103,1.30103
7519,0.4867824,-2,2,-1.30103,1.30103
7521,0.4828041,-2,2,-1.30103,1.30103
7523,0.4762535,-2,2,-1.30103,1.30103
7525,0.4762535,-2,2,-1.30103,1.30103
7527,0.4762535,-2,2,-1.30103,1.30103
7529,0.4775558,-2,2,-1.30103,1.30103
7531,0.4775558,-2,2,-1.30103,1.30103
7533,0.4736607,-2,2,-1.30103,1.30103
7535,0.4736607,-2,2,-1.30103,1.30103
7537,0.4736607,-2,2,-1.30103,1.30103
7539,0.4736607,-2,2,-1.30103,1.30103
7541,0.4788619,-2,2,-1.30103,1.30103
7543,0.4788619,-2,2,-1.30103,1.30103
7545,0.4788619,-2,2,-1.30103,1.30103
7547,0.4841262,-2,2,-1.30103,1.30103
7549,0.4841262,-2,2,-1.30103,1.30103
7551,0.4814861,-2,2,-1.30103,1.30103
7553,0.4867824,-2,2,-1.30103,1.30103
7555,0.489455,-2,2,-1.30103,1.30103
7557,0.493495,-2,2,-1.30103,1.30103
7559,0.493495,-2,2,-1.30103,1.30103
7561,0.493495,-2,2,-1.30103,1.30103
7563,0.4921441,-2,2,-1.30103,1.30103
7565,0.4907975,-2,2,-1.30103,1.30103
7567,0.4907975,-2,2,-1.30103,1.30103
7569,0.4975729,-2,2,-1.30103,1.30103
7571,0.5030704,-2,2,-1.30103,1.30103
7573,0.5030704,-2,2,-1.30103,1.30103
7575,0.5030704,-2,2,-1.30103,1.30103
7577,0.5058454,-2,2,-1.30103,1.30103
7579,0.5100415,-2,2,-1.30103,1.30103
7581,0.5114493,-2,2,-1.30103,1.30103
7583,0.5114493,-2,2,-1.30103,1.30103
7585,0.5114493,-2,2,-1.30103,1.30103
7587,0.5030704,-2,2,-1.30103,1.30103
7589,0.49485,-2,2,-1.30103,1.30103
7591,0.49485,-2,2,-1.30103,1.30103
7593,0.4975729,-2,2,-1.30103,1.30103
7595,0.4975729,-2,2,-1.30103,1.30103
7597,0.5086383,-2,2,-1.30103,1.30103
7599,0.5044557,-2,2,-1.30103,1.30103
7601,0.5003129,-2,2,-1.30103,1.30103
7603,0.5003129,-2,2,-1.30103,1.30103
7605,0.5030704,-2,2,-1.30103,1.30103
7607,0.4975729,-2,2,-1.30103,1.30103
7609,0.4975729,-2,2,-1.30103,1.30103
7611,0.4975729,-2,2,-1.30103,1.30103
7613,0.4975729,-2,2,-1.30103,1.30103
7615,0.4975729,-2,2,-1.30103,1.30103
7617,0.4921441,-2,2,-1.30103,1.30103
7619,0.4881167,-2,2,-1.30103,1.30103
7621,0.4881167,-2,2,-1.30103,1.30103
7623,0.4921441,-2,2,-1.30103,1.30103
7625,0.4921441,-2,2,-1.30103,1.30103
7627,0.4921441,-2,2,-1.30103,1.30103
7629,0.5086383,-2,2,-1.30103,1.30103
7631,0.5003129,-2,2,-1.30103,1.30103
7633,0.5003129,-2,2,-1.30103,1.30103
7635,0.4975729,-2,2,-1.30103,1.30103
7637,0.49485,-2,2,-1.30103,1.30103
7639,0.49485,-2,2,-1.30103,1.30103
7641,0.4975729,-2,2,-1.30103,1.30103
7643,0.49485,-2,2,-1.30103,1.30103
7645,0.5003129,-2,2,-1.30103,1.30103
7647,0.5003129,-2,2,-1.30103,1.30103
7649,0.5003129,-2,2,-1.30103,1.30103
7651,0.5003129,-2,2,-1.30103,1.30103
7653,0.5030704,-2,2,-1.30103,1.30103
7655,0.5030704,-2,2,-1.30103,1.30103
7657,0.5030704,-2,2,-1.30103,1.30103
7659,0.5030704,-2,2,-1.30103,1.30103
7661,0.5030704,-2,2,-1.30103,1.30103
7663,0.5030704,-2,2,-1.30103,1.30103
7665,0.5142786,-2,2,-1.30103,1.30103
7667,0.5157002,-2,2,-1.30103,1.30103
7669,0.5228788,-2,2,-1.30103,1.30103
7671,0.5228788,-2,2,-1.30103,1.30103
7673,0.5199931,-2,2,-1.30103,1.30103
7675,0.5199931,-2,2,-1.30103,1.30103
7677,0.5199931,-2,2,-1.30103,1.30103
7679,0.5257837,-2,2,-1.30103,1.30103
7681,0.5257837,-2,2,-1.30103,1.30103
7683,0.5346171,-2,2,-1.30103,1.30103
7685,0.5287083,-2,2,-1.30103,1.30103
7687,0.5287083,-2,2,-1.30103,1.30103
7689,0.5287083,-2,2,-1.30103,1.30103
7691,0.5287083,-2,2,-1.30103,1.30103
7693,0.5287083,-2,2,-1.30103,1.30103
7695,-0.3968556,-2,2,-1.30103,1.30103
7697,-1.036212,-2,2,-1.30103,1.30103
7699,-1.045758,-2,2,-1.30103,1.30103
7701,-1.060481,-2,2,-1.30103,1.30103
7703,-1.075721,-2,2,-1.30103,1.30103
7705,-1.075721,-2,2,-1.30103,1.30103
7707,-1.075721,-2,2,-1.30103,1.30103
7709,-1.065502,-2,2,-1.30103,1.30103
7711,-1.853872,-2,2,-1.30103,1.30103
7713,-1.823909,-2,2,-1.30103,1.30103
7715,-1.79588,-2,2,-1.30103,1.30103
7717,-1.79588,-2,2,-1.30103,1.30103
7719,-1.823909,-2,2,-1.30103,1.30103
7721,-1.79588,-2,2,-1.30103,1.30103
7723,-1.823909,-2,2,-1.30103,1.30103
7725,-1.823909,-2,2,-1.30103,1.30103
7727,-1.823909,-2,2,-1.30103,1.30103
7729,-1.823909,-2,2,-1.30103,1.30103
7731,-1.823909,-2,2,-1.30103,1.30103
7733,-1.823909,-2,2,-1.30103,1.30103
7735,-1.823909,-2,2,-1.30103,1.30103
7737,-1.886057,-2,2,-1.30103,1.30103
7739,-1.886057,-2,2,-1.30103,1.30103
7741,-1.920819,-2,2,-1.30103,1.30103
7743,-1.920819,-2,2,-1.30103,1.30103
7745,-1.920819,-2,2,-1.30103,1.30103
7747,-1.920819,-2,2,-1.30103,1.30103
7749,-1.853872,-2,2,-1.30103,1.30103
7751,-1.823909,-2,2,-1.30103,1.30103
7753,-1.823909,-2,2,-1.30103,1.30103
7755,-1.886057,-2,2,-1.30103,1.30103
7757,-1.886057,-2,2,-1.30103,1.30103
7759,-2,-2,2,-1.30103,1.30103
7761,-2,-2,2,-1.30103,1.30103
7763,-2,-2,2,-1.30103,1.30103
7765,-1.958607,-2,2,-1.30103,1.30103
7767,-1.958607,-2,2,-1.30103,1.30103
7769,-1.958607,-2,2,-1.30103,1.30103
7771,-1.920819,-2,2,-1.30103,1.30103
7773,-3,-2,2,-1.30103,1.30103
7775,-3,-2,2,-1.30103,1.30103
7777,-3,-2,2,-1.30103,1.30103
7779,-2.69897,-2,2,-1.30103,1.30103
7781,-3,-2,2,-1.30103,1.30103
7783,-3,-2,2,-1.30103,1.30103
7785,-3,-2,2,-1.30103,1.30103
7787,-3,-2,2,-1.30103,1.30103
7789,-3,-2,2,-1.30103,1.30103
7791,-3,-2,2,-1.30103,1.30103
7793,-2.69897,-2,2,-1.30103,1.30103
7795,-2.69897,-2,2,-1.30103,1.30103
7797,-2.69897,-2,2,-1.30103,1.30103
7799,-2.69897,-2,2,-1.30103,1.30103
7801,-2.69897,-2,2,-1.30103,1.30103
7803,-2.69897,-2,2,-1.30103,1.30103
7805,-2.69897,-2,2,-1.30103,1.30103
7807,-2.69897,-2,2,-1.30103,1.30103
7809,-2.69897,-2,2,-1.30103,1.30103
7811,-2.69897,-2,2,-1.30103,1.30103
7813,-2.69897,-2,2,-1.30103,1.30103
7815,-2.69897,-2,2,-1.30103,1.30103
7817,-2.69897,-2,2,-1.30103,1.30103
7819,-2.69897,-2,2,-1.30103,1.30103
7821,-2.69897,-2,2,-1.30103,1.30103
7823,-2.69897,-2,2,-1.30103,1.30103
7825,-2.69897,-2,2,-1.30103,1.30103
7827,-2.69897,-2,2,-1.30103,1.30103
7829,-2.69897,-2,2,-1.30103,1.30103
7831,-2.69897,-2,2,-1.30103,1.30103
7833,-2.69897,-2,2,-1.30103,1.30103
7835,-2.69897,-2,2,-1.30103,1.30103
7837,-2.69897,-2,2,-1.30103,1.30103
7839,-2.69897,-2,2,-1.30103,1.30103
7841,-2.69897,-2,2,-1.30103,1.30103
7843,-2.69897,-2,2,-1.30103,1.30103
7845,-2.69897,-2,2,-1.30103,1.30103
7847,-2.69897,-2,2,-1.30103,1.30103
7849,-2.69897,-2,2,-1.30103,1.30103
7851,-3,-2,2,-1.30103,1.30103
7853,-3,-2,2,-1.30103,1.30103
7855,-3,-2,2,-1.30103,1.30103
7857,-3,-2,2,-1.30103,1.30103
7859,-3,-2,2,-1.30103,1.30103
7861,-3,-2,2,-1.30103,1.30103
7863,-2.69897,-2,2,-1.30103,1.30103
7865,-2.69897,-2,2,-1.30103,1.30103
7867,-2.69897,-2,2,-1.30103,1.30103
7869,-2.69897,-2,2,-1.30103,1.30103
7871,-2.69897,-2,2,-1.30103,1.30103
7873,-2.69897,-2,2,-1.30103,1.30103
7875,-2.69897,-2,2,-1.30103,1.30103
7877,-2.69897,-2,2,-1.30103,1.30103
7879,-2.69897,-2,2,-1.30103,1.30103
7881,-2.69897,-2,2,-1.30103,1.30103
7883,-2.69897,-2,2,-1.30103,1.30103
7885,-2.69897,-2,2,-1.30103,1.30103
7887,-2.69897,-2,2,-1.30103,1.30103
7889,-2.69897,-2,2,-1.30103,1.30103
7891,-2.69897,-2,2,-1.30103,1.30103
7893,-2.69897,-2,2,-1.30103,1.30103
7895,-1.853872,-2,2,-1.30103,1.30103
7897,-1.036212,-2,2,-1.30103,1.30103
7899,-1.017729,-2,2,-1.30103,1.30103
7901,-0.9913998,-2,2,-1.30103,1.30103
7903,-0.9956786,-2,2,-1.30103,1.30103
7905,-0.9746941,-2,2,-1.30103,1.30103
7907,-0.9871628,-2,2,-1.30103,1.30103
7909,-0.9829667,-2,2,-1.30103,1.30103
7911,-0.4012095,-2,2,-1.30103,1.30103
7913,-0.4012095,-2,2,-1.30103,1.30103
7915,-0.4023048,-2,2,-1.30103,1.30103
7917,-0.3990271,-2,2,-1.30103,1.30103
7919,-0.39794,-2,2,-1.30103,1.30103
7921,-0.39794,-2,2,-1.30103,1.30103
7923,-0.4023048,-2,2,-1.30103,1.30103
7925,-0.4034029,-2,2,-1.30103,1.30103
7927,-0.4034029,-2,2,-1.30103,1.30103
7929,-0.4089354,-2,2,-1.30103,1.30103
7931,-0.4168012,-2,2,-1.30103,1.30103
7933,-0.4156688,-2,2,-1.30103,1.30103
7935,-0.4134127,-2,2,-1.30103,1.30103
7937,-0.4034029,-2,2,-1.30103,1.30103
7939,-0.4034029,-2,2,-1.30103,1.30103
7941,-0.4034029,-2,2,-1.30103,1.30103
7943,-0.4045038,-2,2,-1.30103,1.30103
7945,-0.4012095,-2,2,-1.30103,1.30103
7947,-0.3968556,-2,2,-1.30103,1.30103
7949,-0.3990271,-2,2,-1.30103,1.30103
7951,-0.3990271,-2,2,-1.30103,1.30103
7953,-0.391474,-2,2,-1.30103,1.30103
7955,-0.4012095,-2,2,-1.30103,1.30103
7957,-0.4012095,-2,2,-1.30103,1.30103
7959,-0.3990271,-2,2,-1.30103,1.30103
7961,-0.3990271,-2,2,-1.30103,1.30103
7963,-0.3957739,-2,2,-1.30103,1.30103
7965,-0.39794,-2,2,-1.30103,1.30103
7967,-0.3990271,-2,2,-1.30103,1.30103
7969,-0.4012095,-2,2,-1.30103,1.30103
7971,-0.4213608,-2,2,-1.30103,1.30103
7973,0.5142786,-2,2,-1.30103,1.30103
7975,0.5142786,-2,2,-1.30103,1.30103
7977,0.5142786,-2,2,-1.30103,1.30103
7979,0.5044557,-2,2,-1.30103,1.30103
7981,0.5044557,-2,2,-1.30103,1.30103
7983,0.5100415,-2,2,-1.30103,1.30103
7985,0.5058454,-2,2,-1.30103,1.30103
7987,0.5058454,-2,2,-1.30103,1.30103
7989,0.5086383,-2,2,-1.30103,1.30103
7991,0.5086383,-2,2,-1.30103,1.30103
7993,0.5086383,-2,2,-1.30103,1.30103
7995,0.5086383,-2,2,-1.30103,1.30103
7997,0.5058454,-2,2,-1.30103,1.30103
7999,0.5058454,-2,2,-1.30103,1.30103
8001,0.5142786,-2,2,-1.30103,1.30103
8003,0.5142786,-2,2,-1.30103,1.30103
8005,0.5114493,-2,2,-1.30103,1.30103
8007,0.5086383,-2,2,-1.30103,1.30103
8009,0.5086383,-2,2,-1.30103,1.30103
8011,0.5114493,-2,2,-1.30103,1.30103
8013,0.5199931,-2,2,-1.30103,1.30103
8015,0.5199931,-2,2,-1.30103,1.30103
8017,0.5199931,-2,2,-1.30103,1.30103
8019,0.5199931,-2,2,-1.30103,1.30103
8021,0.5157002,-2,2,-1.30103,1.30103
8023,0.5157002,-2,2,-1.30103,1.30103
8025,0.5171264,-2,2,-1.30103,1.30103
8027,0.5272436,-2,2,-1.30103,1.30103
8029,0.5257837,-2,2,-1.30103,1.30103
8031,0.5257837,-2,2,-1.30103,1.30103
8033,0.5199931,-2,2,-1.30103,1.30103
8035,0.5199931,-2,2,-1.30103,1.30103
8037,0.5142786,-2,2,-1.30103,1.30103
8039,0.5171264,-2,2,-1.30103,1.30103
8041,0.5171264,-2,2,-1.30103,1.30103
8043,0.5243288,-2,2,-1.30103,1.30103
8045,0.5228788,-2,2,-1.30103,1.30103
8047,0.5228788,-2,2,-1.30103,1.30103
8049,0.5272436,-2,2,-1.30103,1.30103
8051,0.5287083,-2,2,-1.30103,1.30103
8053,0.5287083,-2,2,-1.30103,1.30103
8055,0.5287083,-2,2,-1.30103,1.30103
8057,0.537602,-2,2,-1.30103,1.30103
8059,0.537602,-2,2,-1.30103,1.30103
8061,0.5346171,-2,2,-1.30103,1.30103
8063,0.5316527,-2,2,-1.30103,1.30103
8065,0.5228788,-2,2,-1.30103,1.30103
8067,0.5257837,-2,2,-1.30103,1.30103
8069,0.5257837,-2,2,-1.30103,1.30103
8071,0.5257837,-2,2,-1.30103,1.30103
8073,0.5316527,-2,2,-1.30103,1.30103
8075,0.5346171,-2,2,-1.30103,1.30103
8077,0.5391021,-2,2,-1.30103,1.30103
8079,0.5436339,-2,2,-1.30103,1.30103
8081,0.5466816,-2,2,-1.30103,1.30103
8083,0.5466816,-2,2,-1.30103,1.30103
8085,0.5482135,-2,2,-1.30103,1.30103
8087,0.5497509,-2,2,-1.30103,1.30103
8089,0.5497509,-2,2,-1.30103,1.30103
8091,0.5590909,-2,2,-1.30103,1.30103
8093,0.5654311,-2,2,-1.30103,1.30103
8095,0.5654311,-2,2,-1.30103,1.30103
8097,0.5654311,-2,2,-1.30103,1.30103
8099,0.5654311,-2,2,-1.30103,1.30103
8101,0.5654311,-2,2,-1.30103,1.30103
8103,0.5559552,-2,2,-1.30103,1.30103
8105,0.5590909,-2,2,-1.30103,1.30103
8107,0.552842,-2,2,-1.30103,1.30103
8109,0.552842,-2,2,-1.30103,1.30103
8111,-0.3477537,-2,2,-1.30103,1.30103
8113,-0.3477537,-2,2,-1.30103,1.30103
8115,-0.348722,-2,2,-1.30103,1.30103
8117,-0.3535963,-2,2,-1.30103,1.30103
8119,-0.3535963,-2,2,-1.30103,1.30103
8121,-0.35164,-2,2,-1.30103,1.30103
8123,-0.3506652,-2,2,-1.30103,1.30103
8125,-0.3506652,-2,2,-1.30103,1.30103
8127,-0.3506652,-2,2,-1.30103,1.30103
8129,-1.055517,-2,2,-1.30103,1.30103
8131,-1.055517,-2,2,-1.30103,1.30103
8133,-1.060481,-2,2,-1.30103,1.30103
8135,-1.060481,-2,2,-1.30103,1.30103
8137,-1.060481,-2,2,-1.30103,1.30103
8139,-1.045758,-2,2,-1.30103,1.30103
8141,-1.045758,-2,2,-1.30103,1.30103
8143,-1.045758,-2,2,-1.30103,1.30103
8145,-0.9956786,-2,2,-1.30103,1.30103
8147,-1,-2,2,-1.30103,1.30103
8149,-1,-2,2,-1.30103,1.30103
8151,-1.017729,-2,2,-1.30103,1.30103
8153,-1.040959,-2,2,-1.30103,1.30103
8155,-1.045758,-2,2,-1.30103,1.30103
8157,-1.040959,-2,2,-1.30103,1.30103
8159,-1.040959,-2,2,-1.30103,1.30103
8161,-1.055517,-2,2,-1.30103,1.30103
8163,-1.05061,-2,2,-1.30103,1.30103
8165,-1.055517,-2,2,-1.30103,1.30103
8167,-1.055517,-2,2,-1.30103,1.30103
8169,-1.05061,-2,2,-1.30103,1.30103
8171,-1.05061,-2,2,-1.30103,1.30103
8173,-1.040959,-2,2,-1.30103,1.30103
8175,-1.040959,-2,2,-1.30103,1.30103
8177,-1.031517,-2,2,-1.30103,1.30103
8179,-1.031517,-2,2,-1.30103,1.30103
8181,-1.013228,-2,2,-1.30103,1.30103
8183,-1.013228,-2,2,-1.30103,1.30103
8185,-1.013228,-2,2,-1.30103,1.30103
8187,-1.013228,-2,2,-1.30103,1.30103
8189,-1.013228,-2,2,-1.30103,1.30103
8191,-1.013228,-2,2,-1.30103,1.30103
8193,-0.9956786,-2,2,-1.30103,1.30103
8195,-1.004365,-2,2,-1.30103,1.30103
8197,-1,-2,2,-1.30103,1.30103
8199,-0.9956786,-2,2,-1.30103,1.30103
8201,-1.013228,-2,2,-1.30103,1.30103
8203,-1.013228,-2,2,-1.30103,1.30103
8205,-1.017729,-2,2,-1.30103,1.30103
8207,-1.008774,-2,2,-1.30103,1.30103
8209,-1.004365,-2,2,-1.30103,1.30103
8211,-1.004365,-2,2,-1.30103,1.30103
8213,-1.040959,-2,2,-1.30103,1.30103
8215,-1.040959,-2,2,-1.30103,1.30103
8217,-1.022276,-2,2,-1.30103,1.30103
8219,-0.9913998,-2,2,-1.30103,1.30103
8221,-0.9956786,-2,2,-1.30103,1.30103
8223,-0.9956786,-2,2,-1.30103,1.30103
8225,-0.9913998,-2,2,-1.30103,1.30103
8227,-0.9913998,-2,2,-1.30103,1.30103
8229,-1.017729,-2,2,-1.30103,1.30103
8231,-1.017729,-2,2,-1.30103,1.30103
8233,-1.017729,-2,2,-1.30103,1.30103
8235,-1,-2,2,-1.30103,1.30103
8237,-1,-2,2,-1.30103,1.30103
8239,-1,-2,2,-1.30103,1.30103
8241,-1.013228,-2,2,-1.30103,1.30103
8243,-1.022276,-2,2,-1.30103,1.30103
8245,-1.017729,-2,2,-1.30103,1.30103
8247,-1,-2,2,-1.30103,1.30103
8249,-1,-2,2,-1.30103,1.30103
8251,-1,-2,2,-1.30103,1.30103
8253,-0.9913998,-2,2,-1.30103,1.30103
8255,-0.9829667,-2,2,-1.30103,1.30103
8257,-0.9829667,-2,2,-1.30103,1.30103
8259,-0.9665762,-2,2,-1.30103,1.30103
8261,-0.9746941,-2,2,-1.30103,1.30103
8263,-0.950782,-2,2,-1.30103,1.30103
8265,-0.950782,-2,2,-1.30103,1.30103
8267,-0.950782,-2,2,-1.30103,1.30103
8269,-0.9318141,-2,2,-1.30103,1.30103
8271,-0.9172146,-2,2,-1.30103,1.30103
8273,-0.935542,-2,2,-1.30103,1.30103
8275,-0.935542,-2,2,-1.30103,1.30103
8277,-0.9586073,-2,2,-1.30103,1.30103
8279,-0.9586073,-2,2,-1.30103,1.30103
8281,-0.9706162,-2,2,-1.30103,1.30103
8283,-0.9746941,-2,2,-1.30103,1.30103
8285,-0.9956786,-2,2,-1.30103,1.30103
8287,-0.9956786,-2,2,-1.30103,1.30103
8289,-0.9871628,-2,2,-1.30103,1.30103
8291,-0.9788107,-2,2,-1.30103,1.30103
8293,-0.954677,-2,2,-1.30103,1.30103
8295,-0.9586073,-2,2,-1.30103,1.30103
8297,-0.9625735,-2,2,-1.30103,1.30103
8299,-0.9625735,-2,2,-1.30103,1.30103
8301,-0.9746941,-2,2,-1.30103,1.30103
8303,-0.9788107,-2,2,-1.30103,1.30103
8305,-0.9788107,-2,2,-1.30103,1.30103
8307,-1,-2,2,-1.30103,1.30103
8309,-0.9956786,-2,2,-1.30103,1.30103
8311,-0.4034029,-2,2,-1.30103,1.30103
8313,-0.4012095,-2,2,-1.30103,1.30103
8315,-0.4012095,-2,2,-1.30103,1.30103
8317,-0.3904056,-2,2,-1.30103,1.30103
8319,-0.3767507,-2,2,-1.30103,1.30103
8321,-0.3819519,-2,2,-1.30103,1.30103
8323,-0.3726341,-2,2,-1.30103,1.30103
8325,-0.3736596,-2,2,-1.30103,1.30103
8327,-0.3736596,-2,2,-1.30103,1.30103
8329,0.552842,-2,2,-1.30103,1.30103
8331,0.552842,-2,2,-1.30103,1.30103
8333,0.5497509,-2,2,-1.30103,1.30103
8335,0.5559552,-2,2,-1.30103,1.30103
8337,0.5622494,-2,2,-1.30103,1.30103
8339,0.5559552,-2,2,-1.30103,1.30103
8341,0.5622494,-2,2,-1.30103,1.30103
8343,0.5654311,-2,2,-1.30103,1.30103
8345,0.5590909,-2,2,-1.30103,1.30103
8347,0.5559552,-2,2,-1.30103,1.30103
8349,0.552842,-2,2,-1.30103,1.30103
8351,0.552842,-2,2,-1.30103,1.30103
8353,0.5654311,-2,2,-1.30103,1.30103
8355,0.5654311,-2,2,-1.30103,1.30103
8357,0.5654311,-2,2,-1.30103,1.30103
8359,0.5670307,-2,2,-1.30103,1.30103
8361,-0.3391345,-2,2,-1.30103,1.30103
8363,-0.3400838,-2,2,-1.30103,1.30103
8365,-0.3391345,-2,2,-1.30103,1.30103
8367,-0.3381873,-2,2,-1.30103,1.30103
8369,-0.3381873,-2,2,-1.30103,1.30103
8371,-0.3381873,-2,2,-1.30103,1.30103
8373,-0.3419886,-2,2,-1.30103,1.30103
8375,-0.3467875,-2,2,-1.30103,1.30103
8377,-0.3477537,-2,2,-1.30103,1.30103
8379,-0.348722,-2,2,-1.30103,1.30103
8381,-0.3506652,-2,2,-1.30103,1.30103
8383,-0.3496925,-2,2,-1.30103,1.30103
8385,-0.35164,-2,2,-1.30103,1.30103
8387,-0.35164,-2,2,-1.30103,1.30103
8389,-0.3429441,-2,2,-1.30103,1.30103
8391,-0.35164,-2,2,-1.30103,1.30103
8393,-0.35164,-2,2,-1.30103,1.30103
8395,-0.3565473,-2,2,-1.30103,1.30103
8397,-0.3595186,-2,2,-1.30103,1.30103
8399,-0.3655227,-2,2,-1.30103,1.30103
8401,-0.3615108,-2,2,-1.30103,1.30103
8403,-0.3535963,-2,2,-1.30103,1.30103
8405,-0.3506652,-2,2,-1.30103,1.30103
8407,-0.3496925,-2,2,-1.30103,1.30103
8409,-0.3496925,-2,2,-1.30103,1.30103
8411,-0.3419886,-2,2,-1.30103,1.30103
8413,-0.335358,-2,2,-1.30103,1.30103
8415,-0.3362991,-2,2,-1.30103,1.30103
8417,-0.3410352,-2,2,-1.30103,1.30103
8419,-0.3400838,-2,2,-1.30103,1.30103
8421,-0.3439018,-2,2,-1.30103,1.30103
8423,-0.3448616,-2,2,-1.30103,1.30103
8425,-0.3439018,-2,2,-1.30103,1.30103
8427,-0.3535963,-2,2,-1.30103,1.30103
8429,-0.3595186,-2,2,-1.30103,1.30103
8431,-0.3575355,-2,2,-1.30103,1.30103
8433,-0.3575355,-2,2,-1.30103,1.30103
8435,-0.3575355,-2,2,-1.30103,1.30103
8437,-0.3535963,-2,2,-1.30103,1.30103
8439,-0.35164,-2,2,-1.30103,1.30103
8441,-0.3496925,-2,2,-1.30103,1.30103
8443,-0.3496925,-2,2,-1.30103,1.30103
8445,-0.3467875,-2,2,-1.30103,1.30103
8447,-0.3477537,-2,2,-1.30103,1.30103
8449,-0.3496925,-2,2,-1.30103,1.30103
8451,-0.3458235,-2,2,-1.30103,1.30103
8453,-0.348722,-2,2,-1.30103,1.30103
8455,-0.3458235,-2,2,-1.30103,1.30103
8457,-0.3419886,-2,2,-1.30103,1.30103
8459,-0.3429441,-2,2,-1.30103,1.30103
8461,-0.3429441,-2,2,-1.30103,1.30103
8463,-0.352617,-2,2,-1.30103,1.30103
8465,-0.3458235,-2,2,-1.30103,1.30103
8467,-0.3391345,-2,2,-1.30103,1.30103
8469,-0.3458235,-2,2,-1.30103,1.30103
8471,-0.35164,-2,2,-1.30103,1.30103
8473,-0.3439018,-2,2,-1.30103,1.30103
8475,-0.352617,-2,2,-1.30103,1.30103
8477,-0.3477537,-2,2,-1.30103,1.30103
8479,-0.3477537,-2,2,-1.30103,1.30103
8481,-0.348722,-2,2,-1.30103,1.30103
8483,-0.3565473,-2,2,-1.30103,1.30103
8485,-0.3565473,-2,2,-1.30103,1.30103
8487,-0.3555614,-2,2,-1.30103,1.30103
8489,-0.3555614,-2,2,-1.30103,1.30103
8491,-0.3595186,-2,2,-1.30103,1.30103
8493,-0.3736596,-2,2,-1.30103,1.30103
8495,-0.3736596,-2,2,-1.30103,1.30103
8497,-0.3788237,-2,2,-1.30103,1.30103
8499,-0.3726341,-2,2,-1.30103,1.30103
8501,-0.3726341,-2,2,-1.30103,1.30103
8503,-0.3716111,-2,2,-1.30103,1.30103
8505,-0.3757179,-2,2,-1.30103,1.30103
8507,-0.3767507,-2,2,-1.30103,1.30103
8509,-0.3695721,-2,2,-1.30103,1.30103
8511,-0.3625103,-2,2,-1.30103,1.30103
8513,-0.3625103,-2,2,-1.30103,1.30103
8515,-0.3615108,-2,2,-1.30103,1.30103
8517,-0.3695721,-2,2,-1.30103,1.30103
8519,-0.3726341,-2,2,-1.30103,1.30103
8521,-0.3798639,-2,2,-1.30103,1.30103
8523,-0.3767507,-2,2,-1.30103,1.30103
8525,-0.3757179,-2,2,-1.30103,1.30103
8527,-0.3736596,-2,2,-1.30103,1.30103
8529,-0.3788237,-2,2,-1.30103,1.30103
8531,-0.3851028,-2,2,-1.30103,1.30103
8533,-0.38405,-2,2,-1.30103,1.30103
8535,-0.3957739,-2,2,-1.30103,1.30103
8537,-0.4045038,-2,2,-1.30103,1.30103
8539,-0.4111683,-2,2,-1.30103,1.30103
8541,-0.4213608,-2,2,-1.30103,1.30103
8543,-0.4294571,-2,2,-1.30103,1.30103
8545,-0.4353339,-2,2,-1.30103,1.30103
8547,-0.4388986,-2,2,-1.30103,1.30103
8549,-0.4388986,-2,2,-1.30103,1.30103
8551,-0.4388986,-2,2,-1.30103,1.30103
8553,-0.4497716,-2,2,-1.30103,1.30103
8555,-0.4522253,-2,2,-1.30103,1.30103
8557,-0.4546929,-2,2,-1.30103,1.30103
8559,-0.455932,-2,2,-1.30103,1.30103
8561,0.4881167,-2,2,-1.30103,1.30103
8563,0.4921441,-2,2,-1.30103,1.30103
8565,0.49485,-2,2,-1.30103,1.30103
8567,0.493495,-2,2,-1.30103,1.30103
8569,0.4975729,-2,2,-1.30103,1.30103
8571,0.5030704,-2,2,-1.30103,1.30103
8573,0.5044557,-2,2,-1.30103,1.30103
8575,0.5030704,-2,2,-1.30103,1.30103
8577,0.5058454,-2,2,-1.30103,1.30103
8579,0.5058454,-2,2,-1.30103,1.30103
8581,0.5086383,-2,2,-1.30103,1.30103
8583,0.5128616,-2,2,-1.30103,1.30103
8585,0.5114493,-2,2,-1.30103,1.30103
8587,0.5185574,-2,2,-1.30103,1.30103
8589,0.5243288,-2,2,-1.30103,1.30103
8591,0.5199931,-2,2,-1.30103,1.30103
8593,0.5199931,-2,2,-1.30103,1.30103
8595,0.5228788,-2,2,-1.30103,1.30103
8597,0.5199931,-2,2,-1.30103,1.30103
8599,0.5243288,-2,2,-1.30103,1.30103
8601,0.5257837,-2,2,-1.30103,1.30103
8603,0.5199931,-2,2,-1.30103,1.30103
8605,0.5171264,-2,2,-1.30103,1.30103
8607,0.5157002,-2,2,-1.30103,1.30103
8609,0.5086383,-2,2,-1.30103,1.30103
8611,0.5072396,-2,2,-1.30103,1.30103
8613,0.5072396,-2,2,-1.30103,1.30103
8615,0.5003129,-2,2,-1.30103,1.30103
8617,0.5003129,-2,2,-1.30103,1.30103
8619,0.5030704,-2,2,-1.30103,1.30103
8621,0.5044557,-2,2,-1.30103,1.30103
8623,0.5030704,-2,2,-1.30103,1.30103
8625,0.5114493,-2,2,-1.30103,1.30103
8627,0.5100415,-2,2,-1.30103,1.30103
8629,0.5142786,-2,2,-1.30103,1.30103
8631,0.5142786,-2,2,-1.30103,1.30103
8633,0.5114493,-2,2,-1.30103,1.30103
8635,0.5142786,-2,2,-1.30103,1.30103
8637,0.5142786,-2,2,-1.30103,1.30103
8639,0.5114493,-2,2,-1.30103,1.30103
8641,0.5100415,-2,2,-1.30103,1.30103
8643,0.5100415,-2,2,-1.30103,1.30103
8645,0.5072396,-2,2,-1.30103,1.30103
8647,0.5086383,-2,2,-1.30103,1.30103
8649,0.4975729,-2,2,-1.30103,1.30103
8651,0.4975729,-2,2,-1.30103,1.30103
8653,0.4921441,-2,2,-1.30103,1.30103
8655,0.4921441,-2,2,-1.30103,1.30103
8657,0.4881167,-2,2,-1.30103,1.30103
8659,0.4814861,-2,2,-1.30103,1.30103
8661,0.4814861,-2,2,-1.30103,1.30103
8663,0.4814861,-2,2,-1.30103,1.30103
8665,0.4762535,-2,2,-1.30103,1.30103
8667,0.4710833,-2,2,-1.30103,1.30103
8669,0.4710833,-2,2,-1.30103,1.30103
8671,0.4698003,-2,2,-1.30103,1.30103
8673,0.4762535,-2,2,-1.30103,1.30103
8675,0.4698003,-2,2,-1.30103,1.30103
8677,0.4659739,-2,2,-1.30103,1.30103
8679,0.4685211,-2,2,-1.30103,1.30103
8681,0.4710833,-2,2,-1.30103,1.30103
8683,0.4814861,-2,2,-1.30103,1.30103
8685,0.4867824,-2,2,-1.30103,1.30103
8687,0.4867824,-2,2,-1.30103,1.30103
8689,0.4814861,-2,2,-1.30103,1.30103
8691,0.4788619,-2,2,-1.30103,1.30103
8693,0.4788619,-2,2,-1.30103,1.30103
8695,0.4788619,-2,2,-1.30103,1.30103
8697,0.4723701,-2,2,-1.30103,1.30103
8699,0.4723701,-2,2,-1.30103,1.30103
8701,0.4710833,-2,2,-1.30103,1.30103
8703,0.4710833,-2,2,-1.30103,1.30103
8705,0.4710833,-2,2,-1.30103,1.30103
8707,0.4736607,-2,2,-1.30103,1.30103
8709,0.4762535,-2,2,-1.30103,1.30103
8711,0.4762535,-2,2,-1.30103,1.30103
8713,0.4710833,-2,2,-1.30103,1.30103
8715,0.4685211,-2,2,-1.30103,1.30103
8717,0.4647059,-2,2,-1.30103,1.30103
8719,0.4634416,-2,2,-1.30103,1.30103
8721,0.4621809,-2,2,-1.30103,1.30103
8723,0.4621809,-2,2,-1.30103,1.30103
8725,0.455932,-2,2,-1.30103,1.30103
8727,0.4534573,-2,2,-1.30103,1.30103
8729,0.4534573,-2,2,-1.30103,1.30103
8731,0.4509967,-2,2,-1.30103,1.30103
8733,0.4497716,-2,2,-1.30103,1.30103
8735,0.4497716,-2,2,-1.30103,1.30103
8737,0.4497716,-2,2,-1.30103,1.30103
8739,0.4497716,-2,2,-1.30103,1.30103
8741,0.4534573,-2,2,-1.30103,1.30103
8743,0.4534573,-2,2,-1.30103,1.30103
8745,0.4509967,-2,2,-1.30103,1.30103
8747,0.4509967,-2,2,-1.30103,1.30103
8749,0.4509967,-2,2,-1.30103,1.30103
8751,0.4509967,-2,2,-1.30103,1.30103
8753,0.446117,-2,2,-1.30103,1.30103
8755,0.4424928,-2,2,-1.30103,1.30103
8757,0.4424928,-2,2,-1.30103,1.30103
8759,0.4436975,-2,2,-1.30103,1.30103
8761,0.4449055,-2,2,-1.30103,1.30103
8763,0.4388986,-2,2,-1.30103,1.30103
8765,0.4377071,-2,2,-1.30103,1.30103
8767,0.4353339,-2,2,-1.30103,1.30103
8769,0.4341522,-2,2,-1.30103,1.30103
8771,0.4388986,-2,2,-1.30103,1.30103
8773,0.4341522,-2,2,-1.30103,1.30103
8775,0.4341522,-2,2,-1.30103,1.30103
8777,0.4306261,-2,2,-1.30103,1.30103
8779,0.4271284,-2,2,-1.30103,1.30103
8781,0.4248122,-2,2,-1.30103,1.30103
8783,0.4236586,-2,2,-1.30103,1.30103
8785,0.4202164,-2,2,-1.30103,1.30103
8787,0.4156688,-2,2,-1.30103,1.30103
8789,0.4156688,-2,2,-1.30103,1.30103
8791,0.4111683,-2,2,-1.30103,1.30103
8793,0.4100504,-2,2,-1.30103,1.30103
8795,0.4100504,-2,2,-1.30103,1.30103
8797,0.4067139,-2,2,-1.30103,1.30103
8799,0.4067139,-2,2,-1.30103,1.30103
8801,0.4134127,-2,2,-1.30103,1.30103
8803,0.4111683,-2,2,-1.30103,1.30103
8805,0.4134127,-2,2,-1.30103,1.30103
8807,0.4134127,-2,2,-1.30103,1.30103
8809,0.412289,-2,2,-1.30103,1.30103
8811,0.4156688,-2,2,-1.30103,1.30103
8813,0.4156688,-2,2,-1.30103,1.30103
8815,0.4225082,-2,2,-1.30103,1.30103
8817,0.4213608,-2,2,-1.30103,1.30103
8819,0.4213608,-2,2,-1.30103,1.30103
8821,0.4294571,-2,2,-1.30103,1.30103
8823,0.4271284,-2,2,-1.30103,1.30103
8825,0.4271284,-2,2,-1.30103,1.30103
8827,0.4202164,-2,2,-1.30103,1.30103
8829,0.4156688,-2,2,-1.30103,1.30103
8831,0.4156688,-2,2,-1.30103,1.30103
8833,0.419075,-2,2,-1.30103,1.30103
8835,0.4156688,-2,2,-1.30103,1.30103
8837,0.4156688,-2,2,-1.30103,1.30103
8839,0.4156688,-2,2,-1.30103,1.30103
8841,0.4134127,-2,2,-1.30103,1.30103
8843,0.4134127,-2,2,-1.30103,1.30103
8845,0.4134127,-2,2,-1.30103,1.30103
8847,0.4134127,-2,2,-1.30103,1.30103
8849,0.4134127,-2,2,-1.30103,1.30103
8851,0.4156688,-2,2,-1.30103,1.30103
8853,0.4202164,-2,2,-1.30103,1.30103
8855,0.4202164,-2,2,-1.30103,1.30103
8857,0.4213608,-2,2,-1.30103,1.30103
8859,0.4213608,-2,2,-1.30103,1.30103
8861,0.4213608,-2,2,-1.30103,1.30103
8863,0.4213608,-2,2,-1.30103,1.30103
8865,0.4202164,-2,2,-1.30103,1.30103
8867,0.4202164,-2,2,-1.30103,1.30103
8869,0.4202164,-2,2,-1.30103,1.30103
8871,0.4202164,-2,2,-1.30103,1.30103
8873,0.4179366,-2,2,-1.30103,1.30103
8875,0.4156688,-2,2,-1.30103,1.30103
8877,0.4145393,-2,2,-1.30103,1.30103
8879,0.4145393,-2,2,-1.30103,1.30103
8881,0.4134127,-2,2,-1.30103,1.30103
8883,0.4067139,-2,2,-1.30103,1.30103
8885,0.4012095,-2,2,-1.30103,1.30103
8887,0.3957739,-2,2,-1.30103,1.30103
8889,0.3957739,-2,2,-1.30103,1.30103
8891,0.3957739,-2,2,-1.30103,1.30103
8893,0.3957739,-2,2,-1.30103,1.30103
8895,0.3957739,-2,2,-1.30103,1.30103
8897,0.3957739,-2,2,-1.30103,1.30103
8899,0.3957739,-2,2,-1.30103,1.30103
8901,0.3936186,-2,2,-1.30103,1.30103
8903,0.3936186,-2,2,-1.30103,1.30103
8905,0.394695,-2,2,-1.30103,1.30103
8907,0.392545,-2,2,-1.30103,1.30103
8909,0.391474,-2,2,-1.30103,1.30103
8911,0.38405,-2,2,-1.30103,1.30103
8913,0.3851028,-2,2,-1.30103,1.30103
8915,0.3851028,-2,2,-1.30103,1.30103
8917,0.3851028,-2,2,-1.30103,1.30103
8919,0.3851028,-2,2,-1.30103,1.30103
8921,0.3851028,-2,2,-1.30103,1.30103
8923,0.3861582,-2,2,-1.30103,1.30103
8925,0.3861582,-2,2,-1.30103,1.30103
8927,0.3882767,-2,2,-1.30103,1.30103
8929,0.3893398,-2,2,-1.30103,1.30103
8931,0.3893398,-2,2,-1.30103,1.30103
8933,0.3893398,-2,2,-1.30103,1.30103
8935,0.3893398,-2,2,-1.30103,1.30103
8937,0.3893398,-2,2,-1.30103,1.30103
8939,0.3893398,-2,2,-1.30103,1.30103
8941,0.3851028,-2,2,-1.30103,1.30103
8943,0.391474,-2,2,-1.30103,1.30103
8945,0.3936186,-2,2,-1.30103,1.30103
8947,0.4001169,-2,2,-1.30103,1.30103
8949,0.4012095,-2,2,-1.30103,1.30103
8951,0.4012095,-2,2,-1.30103,1.30103
8953,0.4089354,-2,2,-1.30103,1.30103
8955,0.4134127,-2,2,-1.30103,1.30103
8957,0.4156688,-2,2,-1.30103,1.30103
8959,0.4134127,-2,2,-1.30103,1.30103
8961,0.4179366,-2,2,-1.30103,1.30103
8963,0.419075,-2,2,-1.30103,1.30103
8965,0.4225082,-2,2,-1.30103,1.30103
8967,0.4317983,-2,2,-1.30103,1.30103
8969,0.4353339,-2,2,-1.30103,1.30103
8971,0.4202164,-2,2,-1.30103,1.30103
8973,0.4248122,-2,2,-1.30103,1.30103
8975,0.4248122,-2,2,-1.30103,1.30103
8977,0.4248122,-2,2,-1.30103,1.30103
8979,0.4306261,-2,2,-1.30103,1.30103
8981,0.4306261,-2,2,-1.30103,1.30103
8983,0.4317983,-2,2,-1.30103,1.30103
8985,0.4365189,-2,2,-1.30103,1.30103
8987,0.4353339,-2,2,-1.30103,1.30103
8989,0.4388986,-2,2,-1.30103,1.30103
8991,0.4388986,-2,2,-1.30103,1.30103
8993,0.4388986,-2,2,-1.30103,1.30103
8995,-0.5559552,-2,2,-1.30103,1.30103
8997,-0.5482135,-2,2,-1.30103,1.30103
8999,-0.5346171,-2,2,-1.30103,1.30103
9001,-0.5512937,-2,2,-1.30103,1.30103
9003,-0.552842,-2,2,-1.30103,1.30103
9005,-0.5622494,-2,2,-1.30103,1.30103
9007,-0.5622494,-2,2,-1.30103,1.30103
9009,-0.5622494,-2,2,-1.30103,1.30103
9011,-0.5622494,-2,2,-1.30103,1.30103
9013,-0.5702477,-2,2,-1.30103,1.30103
9015,-0.5767542,-2,2,-1.30103,1.30103
9017,-0.5767542,-2,2,-1.30103,1.30103
9019,-0.5783961,-2,2,-1.30103,1.30103
9021,-0.5900669,-2,2,-1.30103,1.30103
9023,-0.6126102,-2,2,-1.30103,1.30103
9025,-0.6126102,-2,2,-1.30103,1.30103
9027,-0.6126102,-2,2,-1.30103,1.30103
9029,-0.6126102,-2,2,-1.30103,1.30103
9031,-0.5985994,-2,2,-1.30103,1.30103
9033,-0.6003263,-2,2,-1.30103,1.30103
9035,-0.6003263,-2,2,-1.30103,1.30103
9037,-0.5883803,-2,2,-1.30103,1.30103
9039,-0.5850267,-2,2,-1.30103,1.30103
9041,-0.5850267,-2,2,-1.30103,1.30103
9043,-0.5850267,-2,2,-1.30103,1.30103
9045,-0.5816987,-2,2,-1.30103,1.30103
9047,-0.5816987,-2,2,-1.30103,1.30103
9049,-0.5816987,-2,2,-1.30103,1.30103
9051,-0.5867003,-2,2,-1.30103,1.30103
9053,-0.5867003,-2,2,-1.30103,1.30103
9055,-0.5968795,-2,2,-1.30103,1.30103
9057,-0.5985994,-2,2,-1.30103,1.30103
9059,-0.5951663,-2,2,-1.30103,1.30103
9061,-0.5883803,-2,2,-1.30103,1.30103
9063,-0.5783961,-2,2,-1.30103,1.30103
9065,-0.5590909,-2,2,-1.30103,1.30103
9067,-0.5590909,-2,2,-1.30103,1.30103
9069,-0.5590909,-2,2,-1.30103,1.30103
9071,-0.5590909,-2,2,-1.30103,1.30103
9073,-0.537602,-2,2,-1.30103,1.30103
9075,-0.537602,-2,2,-1.30103,1.30103
9077,-0.5272436,-2,2,-1.30103,1.30103
9079,-0.5272436,-2,2,-1.30103,1.30103
9081,-0.5272436,-2,2,-1.30103,1.30103
9083,-0.5272436,-2,2,-1.30103,1.30103
9085,-0.5272436,-2,2,-1.30103,1.30103
9087,-0.5272436,-2,2,-1.30103,1.30103
9089,-0.5272436,-2,2,-1.30103,1.30103
9091,-0.5157002,-2,2,-1.30103,1.30103
9093,-0.5157002,-2,2,-1.30103,1.30103
9095,-0.5157002,-2,2,-1.30103,1.30103
9097,-0.5072396,-2,2,-1.30103,1.30103
9099,-0.5072396,-2,2,-1.30103,1.30103
9101,-0.5072396,-2,2,-1.30103,1.30103
9103,-0.5044557,-2,2,-1.30103,1.30103
9105,-0.5044557,-2,2,-1.30103,1.30103
9107,-0.5044557,-2,2,-1.30103,1.30103
9109,-0.5044557,-2,2,-1.30103,1.30103
9111,-0.5058454,-2,2,-1.30103,1.30103
9113,-0.5058454,-2,2,-1.30103,1.30103
9115,-0.5058454,-2,2,-1.30103,1.30103
9117,-0.5044557,-2,2,-1.30103,1.30103
9119,-0.5044557,-2,2,-1.30103,1.30103
9121,-0.4907975,-2,2,-1.30103,1.30103
9123,-0.4907975,-2,2,-1.30103,1.30103
9125,-0.493495,-2,2,-1.30103,1.30103
9127,-0.4975729,-2,2,-1.30103,1.30103
9129,-0.5003129,-2,2,-1.30103,1.30103
9131,-0.5003129,-2,2,-1.30103,1.30103
9133,-0.5003129,-2,2,-1.30103,1.30103
9135,-0.5003129,-2,2,-1.30103,1.30103
9137,-0.5003129,-2,2,-1.30103,1.30103
9139,-0.4962093,-2,2,-1.30103,1.30103
9141,-0.4962093,-2,2,-1.30103,1.30103
9143,-0.4962093,-2,2,-1.30103,1.30103
9145,-0.5086383,-2,2,-1.30103,1.30103
9147,-0.5128616,-2,2,-1.30103,1.30103
9149,-0.5316527,-2,2,-1.30103,1.30103
9151,-0.5228788,-2,2,-1.30103,1.30103
9153,-0.5421181,-2,2,-1.30103,1.30103
9155,-0.5559552,-2,2,-1.30103,1.30103
9157,-0.5638373,-2,2,-1.30103,1.30103
9159,-0.5638373,-2,2,-1.30103,1.30103
9161,-0.5638373,-2,2,-1.30103,1.30103
9163,-0.5702477,-2,2,-1.30103,1.30103
9165,-0.5800443,-2,2,-1.30103,1.30103
9167,-0.6003263,-2,2,-1.30103,1.30103
9169,-0.627088,-2,2,-1.30103,1.30103
9171,-0.627088,-2,2,-1.30103,1.30103
9173,-0.6307842,-2,2,-1.30103,1.30103
9175,-0.649752,-2,2,-1.30103,1.30103
9177,-0.6556077,-2,2,-1.30103,1.30103
9179,-0.6556077,-2,2,-1.30103,1.30103
9181,-0.6595559,-2,2,-1.30103,1.30103
9183,-0.6615435,-2,2,-1.30103,1.30103
9185,-0.6615435,-2,2,-1.30103,1.30103
9187,-0.6840296,-2,2,-1.30103,1.30103
9189,-0.6968039,-2,2,-1.30103,1.30103
9191,-1.60206,-2,2,-1.30103,1.30103
9193,-1.60206,-2,2,-1.30103,1.30103
9195,-0.7144427,-2,2,-1.30103,1.30103
9197,-0.7235382,-2,2,-1.30103,1.30103
9199,-0.747147,-2,2,-1.30103,1.30103
9201,-0.7520267,-2,2,-1.30103,1.30103
9203,-0.747147,-2,2,-1.30103,1.30103
9205,-0.7594507,-2,2,-1.30103,1.30103
9207,-0.74958,-2,2,-1.30103,1.30103
9209,-0.7447275,-2,2,-1.30103,1.30103
9211,-0.7447275,-2,2,-1.30103,1.30103
9213,-0.7447275,-2,2,-1.30103,1.30103
9215,-0.74958,-2,2,-1.30103,1.30103
9217,-0.74958,-2,2,-1.30103,1.30103
9219,-0.74958,-2,2,-1.30103,1.30103
9221,-0.7520267,-2,2,-1.30103,1.30103
9223,-0.7520267,-2,2,-1.30103,1.30103
9225,-0.7235382,-2,2,-1.30103,1.30103
9227,-0.7235382,-2,2,-1.30103,1.30103
9229,-0.7258422,-2,2,-1.30103,1.30103
9231,-0.7569619,-2,2,-1.30103,1.30103
9233,-0.7144427,-2,2,-1.30103,1.30103
9235,-0.7328283,-2,2,-1.30103,1.30103
9237,-0.7399286,-2,2,-1.30103,1.30103
9239,-0.7399286,-2,2,-1.30103,1.30103
9241,-0.7423214,-2,2,-1.30103,1.30103
9243,-0.7423214,-2,2,-1.30103,1.30103
9245,-0.7423214,-2,2,-1.30103,1.30103
9247,-0.747147,-2,2,-1.30103,1.30103
9249,-0.747147,-2,2,-1.30103,1.30103
9251,-0.747147,-2,2,-1.30103,1.30103
9253,-0.747147,-2,2,-1.30103,1.30103
9255,-0.7544873,-2,2,-1.30103,1.30103
9257,-0.7544873,-2,2,-1.30103,1.30103
9259,-0.7544873,-2,2,-1.30103,1.30103
9261,-0.7695511,-2,2,-1.30103,1.30103
9263,-0.7695511,-2,2,-1.30103,1.30103
9265,-0.8096683,-2,2,-1.30103,1.30103
9267,-0.8096683,-2,2,-1.30103,1.30103
9269,-0.8096683,-2,2,-1.30103,1.30103
9271,-0.8124793,-2,2,-1.30103,1.30103
9273,-0.8696662,-2,2,-1.30103,1.30103
9275,-0.8696662,-2,2,-1.30103,1.30103
9277,-0.90309,-2,2,-1.30103,1.30103
9279,-0.90309,-2,2,-1.30103,1.30103
9281,-0.90309,-2,2,-1.30103,1.30103
9283,-0.8761483,-2,2,-1.30103,1.30103
9285,-0.8761483,-2,2,-1.30103,1.30103
9287,-0.8761483,-2,2,-1.30103,1.30103
9289,-0.8761483,-2,2,-1.30103,1.30103
9291,-0.8761483,-2,2,-1.30103,1.30103
9293,-0.8632795,-2,2,-1.30103,1.30103
9295,-0.8632795,-2,2,-1.30103,1.30103
9297,-0.8996295,-2,2,-1.30103,1.30103
9299,-0.8827287,-2,2,-1.30103,1.30103
9301,-0.8827287,-2,2,-1.30103,1.30103
9303,-0.8827287,-2,2,-1.30103,1.30103
9305,-0.89279,-2,2,-1.30103,1.30103
9307,-1.886057,-2,2,-1.30103,1.30103
9309,-1.886057,-2,2,-1.30103,1.30103
9311,-1.886057,-2,2,-1.30103,1.30103
9313,-1.853872,-2,2,-1.30103,1.30103
9315,-1.853872,-2,2,-1.30103,1.30103
9317,-1.853872,-2,2,-1.30103,1.30103
9319,-1.886057,-2,2,-1.30103,1.30103
9321,-1.853872,-2,2,-1.30103,1.30103
9323,-1.769551,-2,2,-1.30103,1.30103
9325,-1.769551,-2,2,-1.30103,1.30103
9327,-1.744727,-2,2,-1.30103,1.30103
9329,-1.744727,-2,2,-1.30103,1.30103
9331,-1.744727,-2,2,-1.30103,1.30103
9333,-1.744727,-2,2,-1.30103,1.30103
9335,-1.744727,-2,2,-1.30103,1.30103
9337,-1.744727,-2,2,-1.30103,1.30103
9339,-1.69897,-2,2,-1.30103,1.30103
9341,-1.69897,-2,2,-1.30103,1.30103
9343,-1.69897,-2,2,-1.30103,1.30103
9345,-1.677781,-2,2,-1.30103,1.30103
9347,-1.677781,-2,2,-1.30103,1.30103
9349,-1.677781,-2,2,-1.30103,1.30103
9351,-1.69897,-2,2,-1.30103,1.30103
9353,-1.69897,-2,2,-1.30103,1.30103
9355,-1.69897,-2,2,-1.30103,1.30103
9357,-1.69897,-2,2,-1.30103,1.30103
9359,-1.721246,-2,2,-1.30103,1.30103
9361,-1.721246,-2,2,-1.30103,1.30103
9363,-1.744727,-2,2,-1.30103,1.30103
9365,-1.744727,-2,2,-1.30103,1.30103
9367,-1.69897,-2,2,-1.30103,1.30103
9369,-1.69897,-2,2,-1.30103,1.30103
9371,-1.657577,-2,2,-1.30103,1.30103
9373,-1.60206,-2,2,-1.30103,1.30103
9375,-1.552842,-2,2,-1.30103,1.30103
9377,-1.522879,-2,2,-1.30103,1.30103
9379,-1.522879,-2,2,-1.30103,1.30103
9381,-1.552842,-2,2,-1.30103,1.30103
9383,-1.522879,-2,2,-1.30103,1.30103
9385,-1.522879,-2,2,-1.30103,1.30103
9387,-1.522879,-2,2,-1.30103,1.30103
9389,-1.522879,-2,2,-1.30103,1.30103
9391,-0.5985994,-2,2,-1.30103,1.30103
9393,-0.5985994,-2,2,-1.30103,1.30103
9395,-0.5985994,-2,2,-1.30103,1.30103
9397,-0.5985994,-2,2,-1.30103,1.30103
9399,-0.5985994,-2,2,-1.30103,1.30103
9401,-0.6038007,-2,2,-1.30103,1.30103
9403,-0.60206,-2,2,-1.30103,1.30103
9405,-0.5867003,-2,2,-1.30103,1.30103
9407,-0.5702477,-2,2,-1.30103,1.30103
9409,-0.5590909,-2,2,-1.30103,1.30103
9411,-0.552842,-2,2,-1.30103,1.30103
9413,-0.5543958,-2,2,-1.30103,1.30103
9415,-0.5543958,-2,2,-1.30103,1.30103
9417,-0.5543958,-2,2,-1.30103,1.30103
9419,-0.5543958,-2,2,-1.30103,1.30103
9421,-0.5543958,-2,2,-1.30103,1.30103
9423,-0.5543958,-2,2,-1.30103,1.30103
9425,-0.5638373,-2,2,-1.30103,1.30103
9427,-0.5686362,-2,2,-1.30103,1.30103
9429,-0.5497509,-2,2,-1.30103,1.30103
9431,-0.5497509,-2,2,-1.30103,1.30103
9433,-0.5638373,-2,2,-1.30103,1.30103
9435,-0.5654311,-2,2,-1.30103,1.30103
9437,-0.5654311,-2,2,-1.30103,1.30103
9439,-0.5654311,-2,2,-1.30103,1.30103
9441,-0.552842,-2,2,-1.30103,1.30103
9443,-0.552842,-2,2,-1.30103,1.30103
9445,-0.552842,-2,2,-1.30103,1.30103
9447,-0.5391021,-2,2,-1.30103,1.30103
9449,-0.5257837,-2,2,-1.30103,1.30103
9451,-0.5257837,-2,2,-1.30103,1.30103
9453,-0.5257837,-2,2,-1.30103,1.30103
9455,-0.5257837,-2,2,-1.30103,1.30103
9457,-0.5257837,-2,2,-1.30103,1.30103
9459,-0.5257837,-2,2,-1.30103,1.30103
9461,-0.5243288,-2,2,-1.30103,1.30103
9463,-0.5243288,-2,2,-1.30103,1.30103
9465,-0.5243288,-2,2,-1.30103,1.30103
9467,-0.5228788,-2,2,-1.30103,1.30103
9469,-0.5228788,-2,2,-1.30103,1.30103
9471,-1.221849,-2,2,-1.30103,1.30103
9473,-1.221849,-2,2,-1.30103,1.30103
9475,-1.221849,-2,2,-1.30103,1.30103
9477,-1.207608,-2,2,-1.30103,1.30103
9479,-1.187087,-2,2,-1.30103,1.30103
9481,-1.180456,-2,2,-1.30103,1.30103
9483,-1.180456,-2,2,-1.30103,1.30103
9485,-1.180456,-2,2,-1.30103,1.30103
9487,-1.886057,-2,2,-1.30103,1.30103
9489,-1.886057,-2,2,-1.30103,1.30103
9491,-1.920819,-2,2,-1.30103,1.30103
9493,-1.920819,-2,2,-1.30103,1.30103
9495,-3,-2,2,-1.30103,1.30103
9497,-3,-2,2,-1.30103,1.30103
9499,-3,-2,2,-1.30103,1.30103
9501,-3,-2,2,-1.30103,1.30103
9503,-3,-2,2,-1.30103,1.30103
9505,-3,-2,2,-1.30103,1.30103
9507,-1.853872,-2,2,-1.30103,1.30103
9509,-1.853872,-2,2,-1.30103,1.30103
9511,-1.823909,-2,2,-1.30103,1.30103
9513,-1.823909,-2,2,-1.30103,1.30103
9515,-1.823909,-2,2,-1.30103,1.30103
9517,-1.823909,-2,2,-1.30103,1.30103
9519,-1.823909,-2,2,-1.30103,1.30103
9521,-1.79588,-2,2,-1.30103,1.30103
9523,-1.853872,-2,2,-1.30103,1.30103
9525,-1.886057,-2,2,-1.30103,1.30103
9527,-1.853872,-2,2,-1.30103,1.30103
9529,-1.886057,-2,2,-1.30103,1.30103
9531,-1.920819,-2,2,-1.30103,1.30103
9533,-1.920819,-2,2,-1.30103,1.30103
9535,-1.920819,-2,2,-1.30103,1.30103
9537,-1.920819,-2,2,-1.30103,1.30103
9539,-1.920819,-2,2,-1.30103,1.30103
9541,-1.920819,-2,2,-1.30103,1.30103
9543,-1.920819,-2,2,-1.30103,1.30103
9545,-1.920819,-2,2,-1.30103,1.30103
9547,-1.886057,-2,2,-1.30103,1.30103
9549,-1.886057,-2,2,-1.30103,1.30103
9551,-1.853872,-2,2,-1.30103,1.30103
9553,-1.823909,-2,2,-1.30103,1.30103
9555,-1.823909,-2,2,-1.30103,1.30103
9557,-1.823909,-2,2,-1.30103,1.30103
9559,-1.79588,-2,2,-1.30103,1.30103
9561,-1.769551,-2,2,-1.30103,1.30103
9563,-1.769551,-2,2,-1.30103,1.30103
9565,-1.769551,-2,2,-1.30103,1.30103
9567,-1.769551,-2,2,-1.30103,1.30103
9569,-1.79588,-2,2,-1.30103,1.30103
9571,-1.79588,-2,2,-1.30103,1.30103
9573,-1.823909,-2,2,-1.30103,1.30103
9575,-1.823909,-2,2,-1.30103,1.30103
9577,-1.886057,-2,2,-1.30103,1.30103
9579,-1.823909,-2,2,-1.30103,1.30103
9581,-1.823909,-2,2,-1.30103,1.30103
9583,-1.823909,-2,2,-1.30103,1.30103
9585,-1.886057,-2,2,-1.30103,1.30103
9587,-1.744727,-2,2,-1.30103,1.30103
9589,-1.744727,-2,2,-1.30103,1.30103
9591,-1.744727,-2,2,-1.30103,1.30103
9593,-1.69897,-2,2,-1.30103,1.30103
