Position in alignment, Recombination breakpoint number (200nt win), Upper 99% CI, Lower 99% CI, Upper 95% CI, Lower 95% CI
1,1.420291,3,3,2.033381,2.033381
3,1.417981,3,0,2.033728,0
5,1.415733,3,0,2.036851,0
7,1.413484,3,0,2.056518,0
9,1.411523,3,0,2.056317,0
11,1.409948,3,0,2.055043,0
13,1.40936,3,0,2.02028,0
15,1.409758,3,0,2.029368,0
17,1.413739,3,0,2.033106,0
19,1.41772,3,0,2.050962,0
21,1.485032,3,0,2.058865,0
23,1.624561,3,0,2.059957,0
25,1.76409,2.99983,0,2.059631,0
27,1.90362,2.999607,0,2.059305,0
29,2.049369,2.999555,0,2.058979,0
31,2.195118,2.992427,0,2.058653,0
33,2.281178,2.989444,0,2.09195,0
35,2.30755,2.988201,0,2.275363,0
37,2.333922,2.989935,0,2.153085,0
39,2.364729,2.982622,0,2.181949,0
41,2.366242,2.975309,0,2.239691,0
43,2.368486,2.967996,0,2.280721,0
45,2.368014,3,0,2.339513,0
47,2.366049,3,0,2.365424,0
49,2.364079,3,0,2.288737,0
51,2.361738,3,0,2.182972,0
53,2.359396,3,0,2.226185,0
55,2.357038,3,0,2.387075,0
57,2.354691,3.394964,0,2.384254,0
59,2.352344,3.419091,0,2.383031,0
61,2.349997,3.443218,0,2.378613,0
63,2.34765,3.453963,0,2.388346,0
65,2.345303,3.464293,0,2.477287,0
67,2.342956,3.467003,0,2.474378,0
69,2.340609,3.463473,0,2.407749,0
71,2.338262,3.458664,0,2.449031,0
73,2.335914,3.465565,0,2.544012,0
75,2.333567,3.433602,0,2.611416,0
77,2.328774,3.402363,0,2.660997,0
79,2.321534,3.386962,0,2.701694,0
81,2.314295,3.411189,0,2.709662,0
83,2.306368,3.439594,0,2.803743,0
85,2.304134,3.57788,0,2.820593,0
87,2.304134,3.557153,0,2.823586,0
89,2.304134,3.554392,0,2.844377,0
91,2.304134,3.585726,0,2.829573,0
93,2.304134,3.585395,0,2.868101,0
95,2.304134,3.586016,0,2.869765,0
97,2.304134,3.586638,0,2.871428,0
99,2.304134,3.58704,0,2.87434,0
101,2.304134,3.665824,0,2.891463,0
103,1.499831,3.760537,0,2.891463,0
105,1.362633,3.749285,0,2.906934,0
107,1.277558,3.760579,0,2.939665,0
109,1.201579,3.768001,0,2.962797,0
111,1.1256,3.775434,0,2.986266,0
113,1.061117,3.782866,0,2.985348,0
115,1.00813,3.920667,0,2.986366,0
117,1.003518,3.959452,0,2.994755,0
119,1.003428,3.968576,0,2.997586,0
121,1.003338,3.961418,0,2.99808,0
123,1.003248,3.950295,0,2.998576,0
125,1.00318,3.939173,0,2.99878,0
127,1.003119,3.928051,0,3,0
129,1.003042,3.80225,0,2.996927,0
131,1.002973,3.80225,0,2.99564,0
133,1.00291,3.80225,0,2.998003,0
135,1.003166,3.80225,0,2.98915,0
137,1.003769,3.80225,0,2.997504,0
139,1.004537,3.80225,0,2.99805,0
141,1.005233,3.80225,0,2.998487,0
143,1.005928,3.997111,0,2.997277,0
145,1.006624,3.889237,0,2.988297,0
147,1.010781,3.874933,0,2.972718,0
149,1.019914,3.824443,0,2.984543,0
151,1.036894,3.829916,0,2.985865,0
153,1.045574,3.835389,0,2.987188,0
155,1.054437,3.840881,0,2.988511,0
157,1.061539,3.723538,0,2.953521,0
159,1.066697,3.732394,0,2.924522,0
161,1.071855,3.738783,0,2.932321,0
163,1.077014,3.744991,0,2.94814,0
165,1.082172,3.750684,0,2.947855,0
167,1.095624,3.759302,0,2.950214,0
169,1.106773,3.77076,0,2.951251,0
171,1.117871,3.868101,0,2.998035,0
173,1.12144,3.863932,0,2.998725,0
175,1.124348,3.860146,0,2.999555,0
177,1.126595,3.856741,0,2.999494,0
179,1.128843,3.83521,0,3,0
181,1.137656,3.809911,0,3.000058,0
183,1.138847,3.889847,0,3.001008,0
185,1.140038,3.880867,0,3.000982,0
187,1.141228,3.871886,0,3.002055,0
189,1.142419,3.862906,0,3.003361,0
191,1.143609,3.853926,0,3.00349,0
193,1.1448,3.844946,0,3.00088,0
195,1.145977,3.835966,0,3.000855,0
197,1.147139,3.826986,0,3.000829,0
199,1.148302,3.817921,0,3.000929,0
201,1.149507,3.808771,0,3.013044,0
203,1.163071,3.799645,0,3.011254,0
205,1.193567,3.801808,0,3.008944,0
207,1.244787,3.767569,0,3,0
209,1.254135,3.7493,0,3,0
211,1.263099,3.731032,0,3,0
213,1.271075,3.712763,0,2.999737,0
215,1.53484,3.748679,0,2.999691,0
217,1.835249,3.874558,0,2.999468,0
219,2.175885,3.891931,0,2.999245,0
221,2.125119,3.89148,0,2.999023,0
223,2.002103,3.858184,0,2.995484,0
225,1.878511,3.774628,0,2.995311,0
227,1.740233,3.803224,0,2.964229,0
229,1.595734,3.818358,0,2.957657,0
231,1.451236,3.833492,0,2.94455,0
233,1.365935,3.848625,0,2.917583,0
235,1.340323,3.863759,0,2.905756,0
237,1.314712,3.878893,0,2.905795,0
239,1.281894,3.873002,0,2.905833,0
241,1.278346,3.864585,0,2.905767,0
243,1.27404,3.956814,0,2.905595,0
245,1.272451,3.961254,0,2.905424,0
247,1.272459,3.965694,0,2.905205,0
249,1.272572,3.970134,0,2.905078,0
251,1.274032,3.982487,0,2.894821,0
253,1.274678,3.987092,0,2.891462,0
255,1.275325,3.988274,0,2.891454,0
257,1.275972,3.994801,0,2.891326,0
259,1.276618,3.990797,0,2.890306,0
261,1.277265,4,0,2.889286,0
263,1.277911,4,0,2.849638,0
265,1.278558,4,0,2.85488,0
267,1.281366,4,0,2.847642,0
269,1.284777,4,0,2.890766,0
271,1.288188,4,0,2.883935,0
273,1.2916,4,0,2.867671,0
275,1.328762,3.953339,0,2.852648,0
277,1.407224,3.959216,0,2.804286,0
279,1.489443,4,0,2.804286,0
281,1.875586,4,0,2.880777,0
283,2.020857,3.925685,0,2.767037,0
285,2.105585,3.767037,0,2.74455,0
287,2.1955,3.767037,0,2.717911,0
289,2.266702,3.767037,0,2.743605,0
291,2.319191,3.767037,0,2.695625,0
293,2.371679,3.767037,0,2.697332,0
295,2.418958,3.767037,0,2.699039,0
297,2.461028,3.766697,0,2.700746,0
299,2.524445,3.761163,0,2.737113,0
301,2.587862,3.763018,0,2.663994,0
303,2.642163,3.765114,0,2.701269,0
305,2.696464,3.726124,0,2.706931,0
307,2.744329,3.546696,0,2.64814,0
309,2.785757,3.771492,0,2.708948,0
311,2.846575,3.773633,0,2.767037,0
313,2.909661,3.77482,0,2.767037,0
315,2.955627,3.771119,0,2.767037,0
317,3.001592,3.769309,0,2.763812,0
319,3.047558,3.765683,0,2.767037,0
321,3.157325,3.636415,0,2.767037,0
323,3.215862,3.505681,0,2.769371,0
325,3.265023,3.39074,0,2.780463,0
327,3.340491,3.767037,0,2.770002,0
329,3.437586,3.767037,0,2.805238,0
331,3.496294,3.767037,0,2.804343,0
333,3.55005,3.767037,0,2.806135,0
335,3.561267,3.780442,0,2.805724,0
337,3.572136,3.80117,0,2.802255,0
339,3.582841,3.808316,0,2.801539,0
341,3.593618,3.767037,0,2.808198,0
343,3.611639,3.767037,0,2.801491,0
345,3.636903,3.767037,0,2.801461,0
347,3.683361,3.882905,0,2.844209,0
349,3.702651,3.884524,0,2.8913,0
351,3.699793,3.881356,0,2.891245,0
353,3.695732,3.767037,0,2.891153,0
355,3.691671,3.767037,0,2.889177,0
357,3.689554,3.767037,0,2.82547,0
359,3.693794,3.767037,0,2.81942,0
361,3.699263,3.767037,0,2.80225,0
363,3.70229,3.767037,0,2.826785,0
365,3.704991,3.767042,0,2.833622,0
367,3.697235,3.767046,0,2.854033,0
369,3.688049,3.767051,0,2.855652,0
371,3.678914,3.767056,0,2.854225,0
373,3.677307,3.76706,0,2.858891,0
375,3.676361,3.767065,0,2.863752,0
377,3.676832,3.767087,0,2.890809,0
379,3.677302,3.766663,0,2.885161,0
381,3.671206,3.766685,0,2.891179,0
383,3.67518,3.674063,0,2.891135,0
385,3.677507,3.653864,0,2.891092,0
387,3.678188,3.633638,0,2.891862,0
389,3.678868,3.613412,0,2.891005,0
391,3.679549,3.83195,0,2.91486,0
393,3.681668,3.827128,0,2.913459,0
395,3.685224,3.895325,0,2.90903,0
397,3.686787,3.892738,0,2.90267,0
399,3.68835,3.899526,0,2.897904,0
401,3.689455,3.863379,0,2.886622,0
403,3.677785,3.859712,0,2.856924,0
405,3.649123,3.856046,0,2.827526,0
407,3.599737,3.85238,0,2.874987,0
409,3.590958,3.849037,0,2.883653,0
411,3.58218,3.812429,0,2.882571,0
413,3.573401,3.843047,0,2.88126,0
415,3.307847,3.842044,0,2.961156,0
417,3.002066,3.839007,0,2.927192,0
419,2.656058,3.833775,0,2.877328,0
421,2.638122,3.864529,0,2.876447,0
423,2.622515,3.865252,0,2.931767,0
425,2.607485,3.814631,0,2.911553,0
427,2.606413,3.816013,0,2.90573,0
429,2.605341,3.857155,0,2.942847,0
431,2.609023,3.868145,0,2.983881,0
433,2.609812,3.868868,0,2.988482,0
435,2.610563,3.87309,0,2.991396,0
437,2.611276,3.870315,0,2.993198,0
439,2.611703,3.871038,0,2.993427,0
441,2.612155,3.871761,0,2.992132,0
443,2.612633,3.857801,0,2.986793,0
445,2.613111,3.786589,0,2.981454,0
447,2.613485,3.787818,0,2.982985,0
449,2.613754,3.789047,0,2.950412,0
451,2.613049,3.790275,0,2.905954,0
453,2.618333,3.791504,0,2.977937,0
455,2.623105,3.782544,0,2.990185,0
457,2.623986,3.785211,0,2.99558,0
459,2.624868,3.787877,0,2.997043,0
461,2.62575,3.790544,0,2.997883,0
463,2.627002,3.79335,0,2.998999,0
465,2.62904,3.796293,0,3,0
467,2.628489,3.799237,0,2.999698,0
469,2.628183,3.803427,0,2.999765,0
471,2.629221,3.806199,0,2.999832,0
473,2.630699,3.808235,0,2.999899,0
475,2.601674,3.783099,0,2.999967,0
477,2.547067,3.812308,0,3,0
479,2.507111,3.813164,0,2.996955,0
481,2.289306,3.752947,0,2.998533,0
483,2.733433,3.730985,0,2.96717,0
485,2.686797,3.608653,0,2.984565,0
487,2.634973,3.607234,0,2.951209,0
489,2.601863,3.605178,0,2.989306,0
491,2.554803,3.602486,0,2.991664,0
493,2.507743,3.599794,0,2.994022,0
495,2.465892,3.597524,0,2.994463,0
497,2.429251,3.595676,0,2.992427,0
499,2.371935,3.557664,0,2.970551,0
501,2.314619,3.475038,0,2.979561,0
503,2.265882,3.392348,0,2.962484,0
505,2.216606,3.309658,0,2.96424,0
507,2.171324,3.256101,0,2.985523,0
509,2.132477,3.551481,0,2.950659,0
511,2.074241,3.535033,0,2.941666,0
513,2.013737,3.372541,0,2.929945,0
515,1.971433,3.372007,0,2.891463,0
517,1.930208,3.427475,0,2.865895,0
519,1.888894,3.500666,0,2.855785,0
521,1.784821,3.369296,0,2.842202,0
523,1.73302,3.368664,0,2.858681,0
525,1.694724,3.358753,0,2.85018,0
527,1.625092,3.360562,0,2.850923,0
529,1.528824,3.239902,0,2.847213,0
531,1.470936,3.33662,0,2.851072,0
533,1.417995,3.362949,0,2.862919,0
535,1.407273,3.36283,0,2.8899,0
537,1.396551,3.362712,0,2.889786,0
539,1.38583,3.362593,0,2.889673,0
541,1.375108,3.355347,0,2.88956,0
543,1.357143,3.278869,0,2.889446,0
545,1.332871,3.191443,0,2.889332,0
547,1.286806,3.198357,0,2.882824,0
549,1.262699,3.266924,0,2.879444,0
551,1.252486,3.240689,0,2.905954,0
553,1.248452,3.246626,0,2.876086,0
555,1.245042,3.444288,0,2.921993,0
557,1.240649,3.665274,0,2.9138,0
559,1.232297,3.463919,0,2.92172,0
561,1.222934,3.504711,0,2.894519,0
563,1.215126,3.589143,0,2.891072,0
565,1.207516,3.428714,0,2.883146,0
567,1.201941,3.456646,0,2.880726,0
569,1.2001,3.605383,0,2.891463,0
571,1.198259,3.60046,0,2.891463,0
573,1.196418,3.595536,0,2.891463,0
575,1.194812,3.555442,0,2.891463,0
577,1.19232,3.390346,0,2.891463,0
579,1.189698,3.3927,0,2.891463,0
581,1.187076,3.303678,0,2.890102,0
583,1.182008,3.19922,0,2.88216,0
585,1.178586,3.219249,0,2.881771,0
587,1.176841,3.409655,0,2.881396,0
589,1.175125,3.380578,0,2.891463,0
591,1.17341,3.424795,0,2.891463,0
593,1.170763,3.476716,0,2.891463,0
595,1.166404,3.391248,0,2.891747,0
597,1.16434,3.121631,0,2.891862,0
599,1.161816,3.119344,0,2.911553,0
601,1.159707,3.117393,0,2.902819,0
603,1.157852,3.115776,0,2.892288,0
605,1.155998,3.382994,0,2.907467,0
607,1.154143,3.438141,0,2.953712,0
609,1.153263,3.479365,0,2.942042,0
611,1.152384,3.510911,0,2.926462,0
613,1.151592,3.500365,0,2.912823,0
615,1.1508,3.487911,0,2.91486,0
617,1.149964,3.476143,0,2.954398,0
619,1.149127,3.464764,0,2.992944,0
621,1.148204,3.453385,0,2.960739,0
623,1.144983,3.568591,0,2.968015,0
625,1.141761,3.630137,0,2.975291,0
627,1.139269,3.641773,0,2.977348,0
629,1.136776,3.653408,0,2.967335,0
631,1.129529,3.665043,0,2.941875,0
633,1.125665,3.67665,0,2.92166,0
635,1.12184,3.688192,0,2.912478,0
637,1.118098,3.699669,0,2.907035,0
639,1.117412,3.711147,0,2.907115,0
641,1.116692,3.722624,0,2.907194,0
643,1.115938,3.817359,0,2.994463,0
645,1.115183,3.821422,0,2.999345,0
647,1.114428,3.820963,0,3,0
649,1.113674,3.820504,0,3,0
651,1.112919,3.764911,0,3,0
653,1.106989,3.734114,0,2.9983,0
655,1.10157,3.761188,0,2.995242,0
657,1.100042,3.761774,0,2.991319,0
659,1.098514,3.781222,0,2.99966,0
661,1.096985,3.805125,0,2.999555,0
663,1.095087,3.803813,0,2.995991,0
665,1.092402,3.808119,0,2.99345,0
667,1.090146,3.816796,0,2.992152,0
669,1.087041,3.816506,0,2.991127,0
671,1.082591,3.816216,0,2.986446,0
673,1.077701,3.815926,0,2.987846,0
675,1.069564,3.815636,0,2.989316,0
677,1.04571,3.815346,0,2.918561,0
679,1.003446,3.815149,0,2.871157,0
681,0.8351073,3.814953,0,2.871157,0
683,0.24571,3.750044,0,2.885157,0
685,0.2076186,3.739114,0,2.892819,0
687,0.1695272,3.734725,0,2.893223,0
689,0.1314358,3.739132,0,2.893627,0
691,0.1260069,3.762131,0,2.883553,0
693,0.1205781,3.725254,0,2.879453,0
695,0.1151492,3.719961,0,2.878114,0
697,0.1097204,3.720452,0,2.876776,0
699,0.1036195,3.720899,0,2.881541,0
701,0.09751856,3.723709,0,2.88486,0
703,0.09195533,3.561047,0,2.884394,0
705,0.0869298,3.54335,0,2.871157,0
707,0.08434785,3.563577,0,2.858772,0
709,0.08176591,3.583805,0,2.868016,0
711,0.07918396,3.592591,0,2.850437,0
713,0.07660201,3.655429,0,2.850437,0
715,0.07294063,3.742399,0,2.821422,0
717,0.06819981,3.786862,0,2.850437,0
719,0.06354795,3.787104,0,2.850437,0
721,0.057854,3.785635,0,2.902862,0
723,0.05111793,3.784166,0,2.894036,0
725,0.040231,3.333741,0,2.865679,0
727,0.03436703,3.16226,0,2.826415,0
729,0.03352603,3.173493,0,2.793591,0
731,0.03268502,3.208904,0,2.781133,0
733,0.031844,3.245546,0,2.789932,0
735,0.031003,3.245546,0,2.783584,0
737,0.03016199,3.494453,0,2.820484,0
739,0.02932098,3.771308,0,2.826081,0
741,0.02847997,3.770713,0,2.827048,0
743,0.02763896,3.770205,0,2.840262,0
745,0.02586064,3.769784,0,2.824957,0
747,0.02032612,3.771688,0,2.843765,0
749,0.0156461,3.777458,0,2.824667,0
751,0.01137344,3.767339,0,2.832848,0
753,0.01042367,3.767037,0,2.847654,0
755,0.008850201,3.767037,0,2.859028,0
757,0.008258468,3.767037,0,2.793958,0
759,0.007212177,3.766868,0,2.854737,0
761,0.005948008,3.734606,0,2.866812,0
763,0.005570727,3.72962,0,2.889244,0
765,0.005321312,3.694304,0,2.891462,0
767,0.005199763,3.729203,0,2.891462,0
769,0.005078213,3.745754,0,2.888927,0
771,0.004956664,3.757015,0,2.888692,0
773,0.004835115,3.762985,0,2.888458,0
775,0.004479365,3.765945,0,2.888224,0
777,0.004253535,3.767037,0,2.890729,0
779,0.004157625,3.76952,0,2.888683,0
781,0.004061714,3.770846,0,2.888604,0
783,0.003965804,3.772379,0,2.88346,0
785,0.003869893,3.774119,0,2.876618,0
787,0.003743997,3.775408,0,2.862143,0
789,0.003588115,3.776371,0,2.865182,0
791,0.003432232,3.777018,0,2.872826,0
793,0.002769426,3.767037,0,2.873701,0
795,0.002382012,3.767037,0,2.874576,0
797,0.001692235,3.767037,0,2.875451,0
799,0.001462574,3.704907,0,2.834467,0
801,0.001232912,3.705194,0,2.88148,0
803,0.001164935,3.705481,0,2.886981,0
805,0.001096958,3.658244,0,2.889977,0
807,0.001028981,3.63071,0,2.889891,0
809,0.0009610038,3.695976,0,2.891462,0
811,0.0008930266,3.695878,0,2.891462,0
813,0.0007378418,3.294476,0,2.891462,0
815,0.0005826569,3.309834,0,2.891462,0
817,0.0004717553,3.374527,0,2.891462,0
819,0.0003608536,3.462913,0,2.891462,0
821,0.0003372048,3.708062,0,2.891462,0
823,0.000313556,3.720504,0,2.893217,0
825,0.0002899071,3.740941,0,2.892959,0
827,0.0002662583,3.761026,0,2.891462,0
829,0.0002426095,3.767037,0,2.891462,0
831,0.0002189606,3.767037,0,2.892961,0
833,0.0001953118,3.767037,0,2.90201,0
835,0.000171663,3.767037,0,2.91106,0
837,0.0001029978,3.767037,0,2.911895,0
839,3.433259E-05,3.767037,0,2.916238,0
841,0,3.767037,0,2.918342,0
843,0,3.755484,0,2.913944,0
845,0,3.653712,0,2.878236,0
847,0,3.650352,0,2.750355,0
849,0,3.649688,0,2.763988,0
851,0,3.650631,0,2.767037,0
853,0,3.651418,0,2.767037,0
855,0,3.653162,0,2.788841,0
857,0,3.655517,0,2.79417,0
859,0,3.67714,0,2.797025,0
861,0,3.706039,0,2.77992,0
863,0,3.711173,0,2.789665,0
865,0,3.716497,0,2.802467,0
867,0,3.722013,0,2.818326,0
869,0,3.650213,0,2.80225,0
871,0,3.531628,0,2.80225,0
873,0,3.38509,0,2.80225,0
875,0,3.382416,0,2.767037,0
877,0,3.658666,0,2.801052,0
879,0,3.656089,0,2.736768,0
881,0,3.654648,0,2.767026,0
883,0,3.652495,0,2.76701,0
885,0,3.617424,0,2.747018,0
887,0,3.646839,0,2.726317,0
889,0,3.644723,0,2.724422,0
891,0,3.643279,0,2.722197,0
893,0,3.640175,0,2.721917,0
895,0,3.63707,0,2.721637,0
897,0,3.633966,0,2.72236,0
899,0,3.630862,0,2.741736,0
901,0,3.138367,0,2.717366,0
903,0,3.126312,0,2.704331,0
905,0,3.141839,0,2.672787,0
907,0,3.157366,0,2.697,0
909,0,3.172892,0,2.771036,0
911,0,3.323208,0,2.794143,0
913,0,3.448347,0,2.788015,0
915,0,3.318664,0,2.784013,0
917,0,3.181527,0,2.778481,0
919,0,3.151341,0,2.775917,0
921,0,3.121156,0,2.757156,0
923,0,3.163768,0,2.721051,0
925,0,3.141345,0,2.720516,0
927,0,3.132001,0,2.717685,0
929,0,3.116132,0,2.704238,0
931,0,3.217532,0,2.705194,0
933,0,3.373353,0,2.705691,0
935,0,3.37752,0,2.698939,0
937,0,3.341992,0,2.698671,0
939,0,3.304623,0,2.666823,0
941,0,3.267254,0,2.640236,0
943,0,3.151445,0,2.653442,0
945,0,3.180223,0,2.643186,0
947,0,3.152008,0,2.45711,0
949,0,2.955681,0,2.489139,0
951,0,2.890534,0,2.432151,0
953,0,2.893673,0,2.316193,0
955,0,2.894191,0,2.241142,0
957,0,2.894728,0,2.256227,0
959,0,2.895523,0,2.319521,0
961,0,2.896176,0,2.286397,0
963,0,2.897194,0,2.303757,0
965,0,2.998892,0,2.326796,0
967,0,2.998778,0,2.349834,0
969,0,2.998477,0,2.372873,0
971,0,2.998175,0,2.397148,0
973,0,3,0,2.425637,0
975,0,3,0,2.361712,0
977,0,3,0,2.361628,0
979,0,3,0,2.4153,0
981,0,3,0,2.489311,0
983,0,3.009773,0,2.501785,0
985,0,3.018463,0,2.525855,0
987,0,3.023283,0,2.523679,0
989,0,3.028103,0,2.455668,0
991,0,3.032923,0,2.412138,0
993,0,3.037742,0,2.412426,0
995,0,3.042562,0,2.391044,0
997,0,3.047382,0,2.413003,0
999,0,3.052202,0,2.413292,0
1001,0,3.076313,0,2.412954,0
1003,0,3.082378,0,2.416178,0
1005,0,3.081655,0,2.432952,0
1007,0,3.080933,0,2.433583,0
1009,0,3.048204,0,2.420506,0
1011,0,3.041902,0,2.412079,0
1013,0,3.0356,0,2.40135,0
1015,0,3.029297,0,2.390712,0
1017,0,3.032167,0,2.379892,0
1019,0,3.077259,0,2.359882,0
1021,0,3.076669,0,2.358434,0
1023,0,3.067023,0,2.355005,0
1025,0,3.055288,0,2.406405,0
1027,0,3.046924,0,2.421728,0
1029,0,3.038561,0,2.462441,0
1031,0,3.030198,0,2.502274,0
1033,0,3.027036,0,2.49034,0
1035,0,3.027977,0,2.493716,0
1037,0,3.028908,0,2.497092,0
1039,0,3.015759,0,2.468268,0
1041,0,3.014752,0,2.369632,0
1043,0,3.015008,0,2.419001,0
1045,0,3.013193,0,2.455809,0
1047,0,3.030523,0,2.563167,0
1049,0,3.02762,0,2.586875,0
1051,0,3.015903,0,2.610599,0
1053,0,3.012275,0,2.622897,0
1055,0,3.015253,0,2.613619,0
1057,0,3.017223,0,2.601285,0
1059,0,3.017663,0,2.590809,0
1061,0,3.018103,0,2.589504,0
1063,0,3.029997,0,2.693712,0
1065,0,3.032347,0,2.693712,0
1067,0,3.034697,0,2.693712,0
1069,0,3.037047,0,2.699759,0
1071,0,3.039397,0,2.72178,0
1073,0,3.041746,0,2.760423,0
1075,0,3.044096,0,2.778733,0
1077,0,3,0,2.79244,0
1079,0,3,0,2.80805,0
1081,0,3.015067,0,2.795286,0
1083,0,3.028764,0,2.757855,0
1085,0,3.04246,0,2.745741,0
1087,0,3,0,2.746504,0
1089,0,3,0,2.752318,0
1091,0,3,0,2.767037,0
1093,0,3,0,2.76974,0
1095,0,3,0,2.754931,0
1097,0,3,0,2.728025,0
1099,0,3,0,2.742396,0
1101,0,3.000285,0,2.767037,0
1103,0,3,0,2.767037,0
1105,0,3.000427,0,2.779277,0
1107,0,3.001048,0,2.767037,0
1109,0,3.001586,0,2.767037,0
1111,0,3.002148,0,2.785475,0
1113,0,3.002197,0,2.767037,0
1115,0,3.003119,0,2.767037,0
1117,0,3.003578,0,2.811889,0
1119,0,3.030539,0,2.861904,0
1121,0,3.006042,0,2.856789,0
1123,0,3.007493,0,2.851675,0
1125,0,3.011043,0,2.84656,0
1127,0,3.029833,0,2.885126,0
1129,0,3.018501,0,2.870836,0
1131,0,3.025768,0,2.85927,0
1133,0,3.047229,0,2.844411,0
1135,0,3.078706,0,2.828248,0
1137,0,3.078696,0,2.823023,0
1139,0,3.163839,0,2.817799,0
1141,0,3.16784,0,2.812574,0
1143,0,3.171842,0,2.812109,0
1145,0,3.175843,0,2.795438,0
1147,0,3.169897,0,2.794785,0
1149,0,3.183258,0,2.792653,0
1151,0,3.186671,0,2.801014,0
1153,0,3.190084,0,2.77557,0
1155,0,3.193498,0,2.769219,0
1157,0,3.196911,0,2.80225,0
1159,0,3.198772,0,2.80225,0
1161,0,3.198594,0,2.80225,0
1163,0,3.198416,0,2.80225,0
1165,0,3.198238,0,2.805853,0
1167,0,3.19806,0,2.833159,0
1169,0,3.197882,0,2.834512,0
1171,0,3.197704,0,2.855032,0
1173,0,3.197526,0,2.816938,0
1175,0,3.197348,0,2.818294,0
1177,0,3.19717,0,2.850551,0
1179,0,3.166427,0,2.885234,0
1181,0,3.105118,0,2.856236,0
1183,0,3.105118,0,2.898913,0
1185,0,3.31507,0,2.865544,0
1187,0,3.329319,0,2.804394,0
1189,0,3.343564,0,2.731995,0
1191,0,3.371164,0,2.744586,0
1193,0,3.391844,0,2.758196,0
1195,0,3.404367,0,2.699636,0
1197,0,3.406553,0,2.671604,0
1199,0,3.430865,0,2.715685,0
1201,0,3.280615,0,2.840675,0
1203,0,3.204115,0,2.837332,0
1205,0,3.205512,0,2.839632,0
1207,0,3.206909,0,2.778628,0
1209,0,3.206784,0,2.786449,0
1211,0,3.257178,0,2.801653,0
1213,0,3.132798,0,2.801616,0
1215,0,3.131046,0,2.814466,0
1217,0,3.006727,0,2.819057,0
1219,0,3.007137,0,2.808691,0
1221,0,3.007524,0,2.819077,0
1223,0,3.007918,0,2.838408,0
1225,0,3.008219,0,2.794469,0
1227,0,3.008505,0,2.785253,0
1229,0,3.008792,0,2.777271,0
1231,0,3.009078,0,2.776237,0
1233,0,3.008018,0,2.756968,0
1235,0,3.005614,0,2.726939,0
1237,0,3.003209,0,2.707279,0
1239,0,3.000487,0,2.707189,0
1241,0,3.000546,0,2.707203,0
1243,0,3,0,2.707217,0
1245,0,3,0,2.714778,0
1247,0,3,0,2.73772,0
1249,0,3.006204,0,2.711027,0
1251,0,3.017106,0,2.707083,0
1253,0,3.088714,0,2.706696,0
1255,0,3.079471,0,2.68252,0
1257,0,3.19451,0,2.736958,0
1259,0,3.353318,0,2.736267,0
1261,0,3.358419,0,2.703282,0
1263,0,3.363447,0,2.604705,0
1265,0,3.368771,0,2.635279,0
1267,0,3.374094,0,2.665853,0
1269,0,3.335057,0,2.649298,0
1271,0,3.294214,0,2.569337,0
1273,0,3.253372,0,2.614815,0
1275,0,3.212595,0,2.497248,0
1277,0,3.110208,0,2.399962,0
1279,0,3,0,2.30574,0
1281,0,3,0,2.292238,0
1283,0,3,0,2.319116,0
1285,0,3,0,2.345995,0
1287,0,3,0,2.372873,0
1289,0,3,0,2.407487,0
1291,0,2.999527,0,2.40823,0
1293,0,3,0,2.409367,0
1295,0,3,0,2.410505,0
1297,0,3,0,2.272399,0
1299,0,3,0,2.272519,0
1301,0,3,0,2.272639,0
1303,0,3,0,2.262447,0
1305,0,3,0,2.261418,0
1307,0,2.997494,0,2.242239,0
1309,0,2.901113,0,2.135288,0
1311,0,2.928801,0,2.057587,0
1313,0,2.823007,0,2.051025,0
1315,0,2.741721,0,2.042407,0
1317,0,2.740977,0,2.022635,0
1319,0,2.740233,0,2,0
1321,0,2.739489,0,2,0
1323,0,2.767143,0,2,0
1325,0,2.767157,0,2,0
1327,0,2.767184,0,2,0
1329,0,2.737113,0,2,0
1331,0,2.736769,0,2,0
1333,0,2.767303,0,2,0
1335,0,2.767342,0,2,0
1337,0,2.767468,0,2,0
1339,0,2.767594,0,2,0
1341,0,2.76772,0,2,0
1343,0,2.768101,0,2,0
1345,0,2.734631,0,2,0
1347,0,2.734421,0,2,0
1349,0,2.734211,0,2,0
1351,0,2.734002,0,2,0
1353,0,2.733792,0,2,0
1355,0,2.750869,0,2,0
1357,0,2.745412,0,2,0
1359,0,2.733162,0,1.999632,0
1361,0,2.732623,0,2,0
1363,0,2.731755,0,2,0
1365,0,2.730887,0,2,0
1367,0,2.730719,0,2,0
1369,0,2.730552,0,2,0
1371,0,2.730385,0,2,0
1373,0,2.730217,0,2,0
1375,0,2.671239,0,2,0
1377,0,2.687404,0,2,0
1379,0,2.729715,0,2,0
1381,0,2.729441,0,2,0
1383,0,2.732548,0,2,0
1385,0,2.675596,0,2,0
1387,0,2.728139,0,2,0
1389,0,2.7277,0,2,0
1391,0,2.70845,0,2,0
1393,0,2.670127,0,2,0
1395,0,2.714581,0,2,0
1397,0,2.724694,0,2,0
1399,0,2.723694,0,2,0
1401,0,2.711152,0,2,0
1403,0,2.696344,0,2,0
1405,0,2.690133,0,2,0
1407,0,2.708607,0,2,0
1409,0,2.698869,0,2,0
1411,0,2.704872,0,2,0
1413,0,2.730887,0,2,0
1415,0,2.729632,0,2,0
1417,0,2.708881,0,2,0
1419,0,2.728719,0,2,0
1421,0,2.72691,0,2,0
1423,0,2.721367,0,2,0
1425,0,2.717368,0,2,0
1427,0,2.713367,0,2,0
1429,0,2.712918,0,2,0
1431,0,2.713007,0,2,0
1433,0,2.713096,0,2,0
1435,0,2.722685,0,2,0
1437,0,2.735801,0,2,0
1439,0,2.748918,0,2,0
1441,0,2.762034,0,2,0
1443,0,2.757887,0,2,0
1445,0,2.75469,0,2,0
1447,0,2.762627,0,2,0
1449,0,2.720022,0,2,0
1451,0,2.705034,0,2,0
1453,0,2.703683,0,2,0
1455,0,2.69873,0,2,0
1457,0,2.687227,0,2,0
1459,0,2.648261,0,2,0
1461,0,2.539616,0,2,0
1463,0,2.531668,0,2,0
1465,0,2.52372,0,2,0
1467,0,2.515772,0,2,0
1469,0,2.707762,0,2,0
1471,0,2.654006,0,2,0
1473,0,2.592513,0,2,0
1475,0,2.523284,0,2,0
1477,0,2.509252,0,2,0
1479,0,2.614187,0,2,0
1481,0,2.67188,0,2,0
1483,0,2.729572,0,2,0
1485,0,2.787265,0,2,0
1487,0,2.785244,0,2,0
1489,0,2.769109,0,2.001132,0
1491,0,2.753516,0,2.000991,0
1493,0,2.763772,0,2.000849,0
1495,0,2.78575,0,2.000752,0
1497,0,2.862753,0,2.003337,0
1499,0,2.865492,0,2.013825,0
1501,0,2.873386,0,2.013393,0
1503,0,2.870734,0,2.006799,0
1505,0,2.891463,0,2.002182,0
1507,0,2.891463,0,2.002489,0
1509,0,2.891463,0,2.003545,0
1511,0,2.891463,0,2.003311,0
1513,0,2.888263,0,2.011518,0
1515,0,2.891463,0,2.00909,0
1517,0,2.891463,0,2.007638,0
1519,0,2.891463,0,2.006187,0
1521,0,2.891463,0,2.005261,0
1523,0,2.891463,0,2.007964,0
1525,0,2.891463,0,2.048141,0
1527,0,2.891463,0,2.04519,0
1529,0,2.891463,0,2.044287,0
1531,0,2.891463,0,2.038881,0
1533,0,2.891463,0,2.022677,0
1535,0,2.891463,0,2.022262,0
1537,0,2.891463,0,2.029085,0
1539,0,2.891463,0,2.025678,0
1541,0,2.920426,0,2.0501,0
1543,0,2.958119,0,2.051449,0
1545,0,3,0,2.051555,0
1547,0,2.969326,0,2.051519,0
1549,0,2.97809,0,2.056334,0
1551,0,2.986854,0,2.052793,0
1553,0,2.995184,0,2.052536,0
1555,0,2.944102,0,2.078045,0
1557,0,2.999647,0,2.146621,0
1559,0,2.999577,0,2.127675,0
1561,0,2.999387,0,2.066952,0
1563,0,2.999303,0,2.051254,0
1565,0,2.999221,0,2.050997,0
1567,0,2.999048,0,2.050057,0
1569,0,2.998786,0,2.050484,0
1571,0,2.925966,0,2.04957,0
1573,0,2.923273,0,2.048577,0
1575,0,2.930143,0,2.047799,0
1577,0,2.936663,0,2.053663,0
1579,0,2.942679,0,2.043764,0
1581,0,2.949036,0,2.026974,0
1583,0,2.955393,0,2.035326,0
1585,0,2.961786,0,2.03237,0
1587,0,2.968745,0,2.029414,0
1589,0,2.857753,0,2.020121,0
1591,0,2.766837,0,2.017024,0
1593,0,2.90509,0,2.018528,0
1595,0,2.997261,0,2.017588,0
1597,0,2.998699,0,2.023266,0
1599,0,2.999555,0,2.022819,0
1601,0,2.993749,0,2.022352,0
1603,0,2.979561,0,2.022102,0
1605,0,2.966262,0,2.024107,0
1607,0,2.952964,0,2.047033,0
1609,0,2.939665,0,2.060295,0
1611,0,2.926366,0,2.056322,0
1613,0,3,0,2.073344,0
1615,0,3,0,2.081069,0
1617,0,3,0,2.074733,0
1619,0,3,0,2.074832,0
1621,0,3,0,2.07493,0
1623,0,3,0,2.075028,0
1625,0,3,0,2.075126,0
1627,0,3,0,2.094765,0
1629,0,3,0,2.124355,0
1631,0,3,0,2.159349,0
1633,0,3,0,2.154651,0
1635,0,3,0,2.154676,0
1637,0,3,0,2.160688,0
1639,0,3,0,2.212659,0
1641,0,3,0,2.26299,0
1643,0,3,0,2.262753,0
1645,0,3,0,2.263209,0
1647,0,3.00001,0,2.258331,0
1649,0,3,0,2.257757,0
1651,0,3,0,2.260175,0
1653,0,3,0,2.247476,0
1655,0,3,0,2.221795,0
1657,0,3,0,2.223047,0
1659,0,3,0,2.234707,0
1661,0,3,0,2.224189,0
1663,0,3,0,2.210844,0
1665,0,3,0,2.189929,0
1667,0,3.000603,0,2.193331,0
1669,0,3.000686,0,2.162026,0
1671,0,3.000784,0,2.142599,0
1673,0,3.000896,0,2.162418,0
1675,0,3.001008,0,2.182237,0
1677,0,3.00112,0,2.199284,0
1679,0,3.001232,0,2.213508,0
1681,0,3.001306,0,2.224788,0
1683,0,3,0,2.235546,0
1685,0,3,0,2.24261,0
1687,0,3.001528,0,2.266356,0
1689,0,3.001602,0,2.25846,0
1691,0,3.001675,0,2.239691,0
1693,0,3.001749,0,2.236983,0
1695,0,3,0,2.239891,0
1697,0,2.999985,0,2.199243,0
1699,0,2.999775,0,2.097276,0
1701,0,2.999476,0,2.094867,0
1703,0,2.999177,0,2.09273,0
1705,0,2.998878,0,2.090414,0
1707,0,2.994102,0,2.044562,0
1709,0,2.989338,0,2.042743,0
1711,0,2.984573,0,2.040923,0
1713,0,2.959523,0,2.039052,0
1715,0,2.96682,0,2.038511,0
1717,0,2.963296,0,2.043127,0
1719,0,2.93703,0,2.016763,0
1721,0,2.92129,0,2.006269,0
1723,0,2.952724,0,2.009505,0
1725,0,2.903177,0,2,0
1727,0,2.921483,0,2.000012,0
1729,0,2.939789,0,2.000509,0
1731,0,2.983613,0,2.000572,0
1733,0,2.994173,0,2.000634,0
1735,0,2.994902,0,2,0
1737,0,3.059122,0,2.000896,0
1739,0,3.169646,0,2,0
1741,0,3.194794,0,2.001638,0
1743,0,3.204141,0,2.000194,0
1745,0,3.209394,0,2.000194,0
1747,0,3.204587,0,2.000918,0
1749,0,3.19978,0,2.000774,0
1751,0,3.19858,0,2.000648,0
1753,0,3.201606,0,2.000539,0
1755,0,3.201921,0,2,0
1757,0,3.201075,0,2,0
1759,0,3.199041,0,2,0
1761,0,3.196797,0,2,0
1763,0,3.184629,0,2,0
1765,0,3.162749,0,2,0
1767,0,3,0,2,0
1769,0,3,0,2,0
1771,0,3,0,2,0
1773,0,3,0,2,0
1775,0,3.000078,0,2,0
1777,0,3.000156,0,2,0
1779,0,3.00021,0,2,0
1781,0,3.00024,0,2,0
1783,0,3.000248,0,2,0
1785,0,3.000257,0,2,0
1787,0,3.000265,0,2,0
1789,0,3.000273,0,2,0
1791,0,2.991738,0,2,0
1793,0,2.992609,0,2,0
1795,0,2.993811,0,2,0
1797,0,2.964093,0,2,0
1799,0,2.957366,0,2,0
1801,0,2.95117,0,2,0
1803,0,2.944973,0,2,0
1805,0,2.931767,0,2,0
1807,0,2.911553,0,2,0
1809,0,2.892186,0,2,0
1811,0,2.894608,0,2,0
1813,0,2.894476,0,2,0
1815,0,2.895257,0,1.99999,0
1817,0,2.895674,0,1.999981,0
1819,0,2.907147,0,2,0
1821,0,2.908494,0,2,0
1823,0,2.910049,0,2,0
1825,0,2.911162,0,2,0
1827,0,2.928098,0,2.012584,0
1829,0,2.934206,0,2.003695,0
1831,0,2.967973,0,2,0
1833,0,2.9961,0,2.02509,0
1835,0,2.997666,0,2.043165,0
1837,0,2.998548,0,2.048779,0
1839,0,2.945895,0,2,0
1841,0,2.946588,0,2,0
1843,0,2.927365,0,2,0
1845,0,2.927878,0,2,0
1847,0,2.932204,0,2,0
1849,0,2.93653,0,2.021091,0
1851,0,2.914677,0,2.010205,0
1853,0,2.913926,0,2.001078,0
1855,0,2.912977,0,2.0188,0
1857,0,2.912823,0,2.002259,0
1859,0,2.912669,0,2,0
1861,0,2.912516,0,2,0
1863,0,2.906681,0,2,0
1865,0,2.90029,0,2,0
1867,0,2.898092,0,2,0
1869,0,2.895893,0,1.999988,0
1871,0,2.876263,0,1.997823,0
1873,0,2.871989,0,1.999976,0
1875,0,2.872863,0,1.99997,0
1877,0,2.875344,0,2,0
1879,0,2.881958,0,1.999957,0
1881,0,2.882296,0,1.99972,0
1883,0,2.84366,0,1.999679,0
1885,0,2.836646,0,1.999792,0
1887,0,2.802609,0,2,0
1889,0,2.796634,0,2,0
1891,0,2.790659,0,2,0
1893,0,2.784683,0,2,0
1895,0,2.771215,0,2,0
1897,0,2.771655,0,2,0
1899,0,2.766332,0,2,0
1901,0,2.632605,0,2,0
1903,0,2.601509,0,2,0
1905,0,2.591797,0,1.999983,0
1907,0,2.582085,0,1.999951,0
1909,0,2.572373,0,1.999904,0
1911,0,2.568874,0,1.999857,0
1913,0,2.583246,0,1.999555,0
1915,0,2.570631,0,1.999555,0
1917,0,2.531443,0,1.998434,0
1919,0,2.527834,0,1.997106,0
1921,0,2.524626,0,1.995147,0
1923,0,2.521419,0,1.979658,0
1925,0,2.518211,0,1.967299,0
1927,0,2.515003,0,1.961589,0
1929,0,2.41989,0,1.967095,0
1931,0,2.442261,0,1.961502,0
1933,0,2.491703,0,1.977141,0
1935,0,2.572696,0,1.956915,0
1937,0,2.612087,0,1.953975,0
1939,0,2.58973,0,1.924757,0
1941,0,2.519078,0,1.913249,0
1943,0,2.44776,0,1.902228,0
1945,0,2.444299,0,1.891532,0
1947,0,2.440271,0,1.891462,0
1949,0,2.440271,0,1.891462,0
1951,0,2.440271,0,1.891462,0
1953,0,2.443976,0,1.874356,0
1955,0,2.460601,0,1.875307,0
1957,0,2.441691,0,1.87316,0
1959,0,2.440271,0,1.86699,0
1961,0,2.439919,0,1.850896,0
1963,0,2.439881,0,1.854782,0
1965,0,2.439844,0,1.862978,0
1967,0,2.439806,0,1.874971,0
1969,0,2.573452,0,1.875333,0
1971,0,2.612253,0,1.891592,0
1973,0,2.623018,0,1.894419,0
1975,0,2.632894,0,1.913731,0
1977,0,2.640757,0,1.894,0
1979,0,2.646607,0,1.893468,0
1981,0,2.652457,0,1.897977,0
1983,0,2.658063,0,1.893937,0
1985,0,2.600158,0,1.901541,0
1987,0,2.591455,0,1.909144,0
1989,0,2.675718,0,1.933162,0
1991,0,2.675827,0,1.932124,0
1993,0,2.668761,0,1.932111,0
1995,0,2.659514,0,1.962524,0
1997,0,2.648086,0,1.97394,0
1999,0,2.634212,0,1.934217,0
2001,0,2.620268,0,1.957407,0
2003,0,2.622095,0,1.970122,0
2005,0,2.649665,0,1.982319,0
2007,0,2.524481,0,1.984883,0
2009,0,2.677347,0,1.977052,0
2011,0,2.665063,0,1.984398,0
2013,0,2.683644,0,1.98516,0
2015,0,2.893593,0,1.9827,0
2017,0,2.920465,0,1.99635,0
2019,0,2.912567,0,2,0
2021,0,2.862765,0,2,0
2023,0,2.782326,0,2,0
2025,0,2.85468,0,2,0
2027,0,2.853869,0,2,0
2029,0,2.840023,0,2,0
2031,0,2.830301,0,2,0
2033,0,2.844612,0,1.996671,0
2035,0,2.855829,0,1.996455,0
2037,0,2.858664,0,1.993631,0
2039,0,2.858715,0,1.995525,0
2041,0,2.852858,0,1.996578,0
2043,0,2.843505,0,1.996572,0
2045,0,2.850233,0,1.997882,0
2047,0,2.800663,0,1.996365,0
2049,0,2.68446,0,1.996262,0
2051,0,2.663008,0,1.996412,0
2053,0,2.772362,0,1.996682,0
2055,0,2.74439,0,1.995654,0
2057,0,2.7139,0,1.99722,0
2059,0,2.700534,0,1.999555,0
2061,0,2.687167,0,1.997748,0
2063,0,2.77106,0,1.998548,0
2065,0,2.780928,0,1.998839,0
2067,0,2.790796,0,1.999129,0
2069,0,2.800664,0,1.999419,0
2071,0,2.810532,0,1.999707,0
2073,0,2.813601,0,2,0
2075,0,2.82849,0,2,0
2077,0,2.839833,0,2,0
2079,0,2.922412,0,2,0
2081,0,2.929847,0,2,0
2083,0,2.871479,0,2,0
2085,0,2.821407,0,2,0
2087,0,2.769203,0,2,0
2089,0,2.788892,0,2,0
2091,0,2.826592,0,2,0
2093,0,2.861744,0,2,0
2095,0,2.873623,0,2,0
2097,0,2.880904,0,2,0
2099,0,2.883587,0,2,0
2101,0,2.886724,0,2,0
2103,0,2.889604,0,2,0
2105,0,2.890267,0,2,0
2107,0,2.891606,0,2.009432,0
2109,0,2.893205,0,2.010219,0
2111,0,2.894803,0,2.011006,0
2113,0,2.925181,0,2.011793,0
2115,0,2.937395,0,2.012579,0
2117,0,2.94961,0,2.013366,0
2119,0,2.961824,0,2.014153,0
2121,0,2.981138,0,2.022736,0
2123,0,2.987766,0,2.020342,0
2125,0,2.985159,0,2,0
2127,1.489742E-06,2.977891,0,2,0
2129,4.469226E-06,2.970624,0,2,0
2131,7.44871E-06,2.963356,0,2,0
2133,5.1378E-05,2.924738,0,2,0
2135,0.0001362571,2.996575,0,2,0
2137,0.00149622,2.998858,0,2,0
2139,0.01319282,3,0,2.004146,0
2141,0.03522605,3,0,2.000174,0
2143,0.1018228,3,0,2.003695,0
2145,0.1684196,3,0,2.003695,0
2147,0.2350163,3,0,2.003695,0
2149,0.3016131,3,0,2.003695,0
2151,0.3682099,3,0,2.001848,0
2153,0.4348066,3,0,2,0
2155,0.5014035,3,0,2,0
2157,0.5680002,3,0,2,0
2159,0.6418641,3,0,2,0
2161,0.7229952,3,0,2.001521,0
2163,0.8041263,3,0,2.000835,0
2165,0.8764082,3,0,2.000148,0
2167,0.8914624,3,0,2,0
2169,0.8914624,3,0,2,0
2171,0.8914624,3,0,2,0
2173,0.8914624,3,0,2,0
2175,0.8914624,3,0,2,0
2177,0.8914624,3,0,2,0
2179,0.8914624,3,0,2,0
2181,0.8914624,3,0,2,0
2183,0.8914624,3,0,2,0
2185,0.8914624,3,0,2.047359,0
2187,0.8914624,3,0,2.057431,0
2189,0.8914624,3,0,2.054117,0
2191,0.8914624,3,0,2.052664,0
2193,0.8914624,3,0,2.051211,0
2195,0.8914624,3,0,2.049759,0
2197,0.8914624,3,0,2.048309,0
2199,0.8914624,3,0,2.047435,0
2201,0.8914624,3,0,2.052891,0
2203,0.8914624,2.995279,0,2.005447,0
2205,0.8914624,2.994052,0,2.006351,0
2207,0.8914624,2.99177,0,2.007255,0
2209,0.8914624,2.988431,0,2.008159,0
2211,0.8914624,2.975512,0,2,0
2213,0.8914624,2.967518,0,2,0
2215,0.8914624,2.964448,0,2,0
2217,0.8914624,2.960774,0,2,0
2219,0.8914624,2.955196,0,2,0
2221,0.8914624,2.947713,0,2,0
2223,0.8914624,2.922948,0,2,0
2225,0.8914624,2.923431,0,2,0
2227,0.8914624,2.912172,0,2,0
2229,0.8914624,2.872615,0,2,0
2231,0.8914624,2.730834,0,2,0
2233,0.8914624,2.672996,0,2,0
2235,0.8914624,2.67218,0,2,0
2237,0.8914624,2.665167,0,2,0
2239,0.8914624,2.681225,0,2,0
2241,0.8914624,2.70733,0,2,0
2243,0.8914624,2.776837,0,2,0
2245,0.8914624,2.882873,0,2,0
2247,0.8914624,2.880807,0,2,0
2249,0.8914624,2.849412,0,2,0
2251,0.8914624,2.873286,0,2,0
2253,0.8914624,2.850229,0,2,0
2255,0.8914624,2.80819,0,2,0
2257,0.8914624,2.799927,0,2,0
2259,0.8914624,2.783246,0,2,0
2261,0.8914624,2.766566,0,2,0
2263,0.8914624,2.749886,0,2,0
2265,0.8914624,2.732093,0,2,0
2267,0.8914624,2.714301,0,2,0
2269,0.8914624,2.714102,0,2,0
2271,0.8914624,2.806933,0,2,0
2273,0.8914624,2.895633,0,2,0
2275,0.8914624,2.898588,0,2,0
2277,0.8914624,2.903146,0,2,0
2279,0.8914624,2.907705,0,2,0
2281,0.8914624,2.912263,0,2,0
2283,0.8914624,2.920667,0,2,0
2285,0.8914624,2.924725,0,2,0
2287,0.8914624,2.932513,0,2,0
2289,0.8914624,2.944642,0,2,0
2291,0.8914624,2.946594,0,2,0
2293,0.8914624,2.948581,0,2,0
2295,0.8914624,2.946136,0,2,0
2297,0.8914624,2.942391,0,2,0
2299,0.8914624,2.909776,0,2,0
2301,0.8914624,2.917264,0,2,0
2303,0.8914624,2.917848,0,2,0
2305,0.8914624,2.961555,0,2,0
2307,0.8914624,2.964181,0,2,0
2309,0.8914624,2.966825,0,2,0
2311,0.8914624,2.969462,0,2,0
2313,0.8914624,2.972231,0,2.000194,0
2315,0.8914624,3,0,2.002491,0
2317,0.8914624,3,0,2.005317,0
2319,0.8914624,3,0,2.013202,0
2321,0.8914624,3.000132,0,2.01042,0
2323,0.8914624,3.001692,0,2.005071,0
2325,0.8914624,3.001386,0,2.038566,0
2327,0.891461,3.00121,0,2.088379,0
2329,0.891458,3.001165,0,2.097934,0
2331,0.891455,3.00112,0,2.093321,0
2333,0.8914111,3.001074,0,2.134503,0
2335,0.8913262,3.001719,0,2.083226,0
2337,0.8899662,3.01213,0,2.068183,0
2339,0.8782696,3.00854,0,2.009472,0
2341,0.8562364,3.004985,0,2.020437,0
2343,0.7896396,3.003947,0,2.066278,0
2345,0.7230428,3.002803,0,2.077232,0
2347,0.6564461,3.001551,0,2.071534,0
2349,0.5898493,3.000459,0,2.094331,0
2351,0.5232525,3,0,2.119859,0
2353,0.4566558,3,0,2.145387,0
2355,0.390059,3,0,2.162677,0
2357,0.3234622,3,0,2.200274,0
2359,0.2495983,3,0,2.200059,0
2361,0.1684673,3,0,2.235596,0
2363,0.08733618,3,0,2.236844,0
2365,0.01505422,2.889146,0,2.121755,0
2367,0,2.889272,0,2.10134,0
2369,0,2.891261,0,2.09736,0
2371,0,2.893269,0,2.088994,0
2373,0,3,0,2.08027,0
2375,0,3,0,2.114777,0
2377,0,3,0,2.137842,0
2379,0,3,0,2.137296,0
2381,0,3,0,2.178616,0
2383,0,3,0,2.312028,0
2385,0,3,0,2.322954,0
2387,0,3,0,2.325304,0
2389,0,3,0,2.372162,0
2391,0,3,0,2.330003,0
2393,0,3,0,2.332352,0
2395,0,3,0,2.300783,0
2397,0,3,0,2.32871,0
2399,0,3,0,2.348121,0
2401,0,3,0,2.343499,0
2403,0,3,0,2.331142,0
2405,0,3,0,2.318785,0
2407,0,3,0,2.318775,0
2409,0,3,0,2.303209,0
2411,0,3,0,2.3122,0
2413,0,3,0,2.34241,0
2415,0,3,0,2.369104,0
2417,0,3,0,2.385253,0
2419,0,3,0,2.453998,0
2421,0,3,0,2.462242,0
2423,0,3,0,2.470487,0
2425,0,3,0,2.478731,0
2427,0,3,0,2.474925,0
2429,0,3,0,2.471027,0
2431,0,3.042644,0,2.465495,0
2433,0,3.042031,0,2.421193,0
2435,0,3.041417,0,2.429072,0
2437,0,3.040804,0,2.545438,0
2439,0,3.040191,0,2.61646,0
2441,0,3.039578,0,2.629184,0
2443,0,3.038965,0,2.594697,0
2445,0,3.036727,0,2.535193,0
2447,0,3.000282,0,2.57476,0
2449,0,3.000573,0,2.573922,0
2451,0,3,0,2.528926,0
2453,0,3,0,2.526496,0
2455,0,3,0,2.48927,0
2457,0,3,0,2.418474,0
2459,0,3,0,2.40526,0
2461,0,3,0,2.376568,0
2463,0,3,0,2.338998,0
2465,0,3,0,2.291049,0
2467,0,3,0,2.230549,0
2469,0,3,0,2.169898,0
2471,0,3,0,2.104562,0
2473,0,3,0,2.053742,0
2475,0,3,0,2.032036,0
2477,0,3,0,2.029924,0
2479,0,3,0,2.007279,0
2481,0,3,0,2.008737,0
2483,0,2.999985,0,2.015673,0
2485,0,2.999954,0,2,0
2487,0,2.889913,0,2,0
2489,3.407768E-05,2.890313,0,2,0
2491,6.815535E-05,2.892686,0,2,0
2493,0.000102233,2.897906,0,2,0
2495,0.0001363107,2.900088,0,2,0
2497,0.0001703884,2.935682,0,2.005317,0
2499,0.0002044661,2.996917,0,2.00339,0
2501,0.0002385437,2.994356,0,2.000239,0
2503,0.0002726214,2.981596,0,2.000273,0
2505,0.0003066991,2.963035,0,2.004495,0
2507,0.0003407768,2.970833,0,2.000014,0
2509,0.0003748544,2.963961,0,2,0
2511,0.0004089321,2.912275,0,2,0
2513,0.0004430098,2.909009,0,2,0
2515,0.0004770875,2.905743,0,2,0
2517,0.0005111651,2.902477,0,2,0
2519,0.0005452428,2.885496,0,2,0
2521,0.0005793205,2.882706,0,2,0
2523,0.0006133982,2.879916,0,2,0
2525,0.0006474758,2.877126,0,2,0
2527,0.0006815535,2.863975,0,2,0
2529,0.0007156312,2.767037,0,2,0
2531,0.0007497089,2.767037,0,2,0
2533,0.0007837865,2.767037,0,2,0
2535,0.0008178642,2.767037,0,2,0
2537,0.0008519419,2.767037,0,2,0
2539,0.0008860196,2.767034,0,2,0
2541,0.0009200972,2.76703,0,2,0
2543,0.0009541749,2.767026,0,2,0
2545,0.0009882526,2.767023,0,2,0
2547,0.00102233,2.750228,0,2,0
2549,0.001056408,2.731524,0,2,0
2551,0.001090486,2.712821,0,2,0
2553,0.001124563,2.766181,0,2,0
2555,0.001158641,2.762331,0,2,0
2557,0.001204573,2.656645,0,2,0
2559,0.001250505,2.630223,0,2,0
2561,0.001296437,2.596146,0,2,0
2563,0.001342369,2.56207,0,2,0
2565,0.001388301,2.513888,0,2,0
2567,0.001434233,2.493917,0,2,0
2569,0.001480165,2.431322,0,2,0
2571,0.001526097,2.442795,0,2,0
2573,0.001572029,2.446169,0,2,0
2575,0.001617961,2.428604,0,2,0
2577,0.001663893,2.411038,0,2,0
2579,0.001709825,2.403437,0,2,0
2581,0.001755757,2.407479,0,2,0
2583,0.001801689,2.411521,0,2,0
2585,0.001847621,2.422182,0,2,0
2587,0.001893553,2.421467,0,2,0
2589,0.001939485,2.39624,0,2,0
2591,0.001985417,2.379542,0,2,0
2593,0.002031349,2.368945,0,2,0
2595,0.002077281,2.351623,0,1.998761,0
2597,0.002123213,2.316084,0,1.997635,0
2599,0.002169145,2.293355,0,1.993942,0
2601,0.002215077,2.269193,0,1.992566,0
2603,0.002261009,2.281496,0,1.990496,0
2605,0.002306941,2.31142,0,1.99709,0
2607,0.002352873,2.341345,0,1.998617,0
2609,0.002398805,2.484473,0,1.998756,0
2611,0.002444737,2.487797,0,1.998894,0
2613,0.002490669,2.480607,0,1.999041,0
2615,0.002536601,2.462901,0,1.999768,0
2617,0.002582534,2.449435,0,2,0
2619,0.002628466,2.436201,0,2,0
2621,0.002674398,2.420763,0,2,0
2623,0.00272033,2.310611,0,2,0
2625,0.002872076,2.203851,0,2,0
2627,0.003129638,2.232792,0,2,0
2629,0.003387199,2.233458,0,2,0
2631,0.00364476,2.176557,0,2,0
2633,0.003902321,2.201416,0,2,0
2635,0.004159883,2.233454,0,2,0
2637,0.004635218,2.237739,0,2,0
2639,0.005328327,2.63368,0,2,0
2641,0.006021436,2.649581,0,2,0
2643,0.006714545,2.678345,0,2,0
2645,0.007407655,2.756208,0,2,0
2647,0.008100764,2.885065,0,2,0
2649,0.008290905,2.8875,0,2,0
2651,0.008481046,2.886922,0,2,0
2653,0.008671188,2.885306,0,2,0
2655,0.008861328,2.88369,0,2,0
2657,0.00905147,2.884037,0,2,0
2659,0.009241612,2.907962,0,2,0
2661,0.009431752,2.931887,0,2,0
2663,0.009621894,2.955812,0,2,0
2665,0.009812036,2.959098,0,2,0
2667,0.01000218,2.962384,0,2,0
2669,0.01019232,2.96567,0,2,0
2671,0.01038246,2.968957,0,2,0
2673,0.0105726,2.972243,0,2,0
2675,0.01076274,2.975529,0,2,0
2677,0.01095288,2.978816,0,2,0
2679,0.01114302,3.005706,0,2,0
2681,0.01133317,3.005647,0,2,0
2683,0.01152331,3.00571,0,2,0
2685,0.01171345,3.005768,0,2,0
2687,0.01190359,3.005699,0,2,0
2689,0.01205965,3.005665,0,2,0
2691,0.01221572,3.009597,0,2,0
2693,0.01237178,3.011716,0,2,0
2695,0.01252784,3.014048,0,2.000639,0
2697,0.01268391,3,0,2.000638,0
2699,0.01283997,3,0,2.003798,0
2701,0.01305139,3,0,2.009474,0
2703,0.01326281,3,0,2.010729,0
2705,0.01347423,3,0,2.010735,0
2707,0.01368565,2.993794,0,2.009037,0
2709,0.01389707,2.92403,0,2,0
2711,0.01410849,2.852441,0,2,0
2713,0.01431991,2.738478,0,2,0
2715,0.01453133,2.780285,0,2,0
2717,0.01474275,2.789855,0,2,0
2719,0.01495416,2.799424,0,2,0
2721,0.01516558,2.823176,0,2,0
2723,0.015377,2.846474,0,2,0
2725,0.01558842,2.869773,0,2,0
2727,0.01579984,2.893368,0,2,0
2729,0.01601126,3,0,2,0
2731,0.01622268,3,0,2,0
2733,0.0164341,3,0,2,0
2735,0.01664552,3,0,2,0
2737,0.01685694,3,0,2,0
2739,0.01706836,3,0,2,0
2741,0.01727978,3,0,2,0
2743,0.01743672,3,0,2,0
2745,0.01753918,3,0,2,0
2747,0.01764165,3,0,2,0
2749,0.01774411,3,0,2,0
2751,0.01784658,3,0,2,0
2753,0.01794904,2.999701,0,2,0
2755,0.01805151,2.999636,0,2,0
2757,0.01814212,2.999284,0,2,0
2759,0.01823273,2.998644,0,2,0
2761,0.01832334,2.997546,0,2,0
2763,0.01841395,2.996448,0,2,0
2765,0.01850456,2.99535,0,2,0
2767,0.01859517,2.986793,0,2,0
2769,0.01868578,2.974233,0,2,0
2771,0.01877639,2.965129,0,2,0
2773,0.018867,2.956025,0,2,0
2775,0.01895762,2.946921,0,2,0
2777,0.01904823,2.937818,0,2,0
2779,0.01913884,2.928714,0,2,0
2781,0.01922945,2.926042,0,2,0
2783,0.01932006,2.95233,0,2,0
2785,0.01941067,2.876086,0,2,0
2787,0.01950128,2.816351,0,2,0
2789,0.01959189,2.805763,0,2,0
2791,0.0196825,2.833579,0,2,0
2793,0.01977311,2.833363,0,2,0
2795,0.01986372,2.826155,0,2,0
2797,0.01995433,2.941189,0,2.000024,0
2799,0.02004494,2.920741,0,2,0
2801,0.02013556,2.900293,0,2,0
2803,0.02022617,2.879845,0,2,0
2805,0.02031678,2.859396,0,2.000001,0
2807,0.02040739,2.838948,0,2.000001,0
2809,0.020498,2.818501,0,2,0
2811,0.02058861,2.798052,0,2,0
2813,0.02067922,2.777604,0,2,0
2815,0.02076983,2.762817,0,2,0
2817,0.02086044,2.70765,0,2,0
2819,0.02095105,2.633783,0,2,0
2821,0.02104166,2.572987,0,2,0
2823,0.02113227,2.528591,0,2,0
2825,0.02111707,2.499377,0,2,0
2827,0.02099605,2.470162,0,2,0
2829,0.02087503,2.700095,0,2,0
2831,0.02075401,2.666854,0,2,0
2833,0.02063299,2.64465,0,2,0
2835,0.02051198,2.622446,0,2,0
2837,0.02017318,2.595119,0,2,0
2839,0.01961662,2.561872,0,2,0
2841,0.01906005,2.617625,0,2,0
2843,0.01850348,2.712724,0,2,0
2845,0.01794692,2.767037,0,2,0
2847,0.01739035,2.767037,0,2,0
2849,0.01733675,2.767037,0,2,0
2851,0.01728315,2.749865,0,2,0
2853,0.01722956,2.72245,0,2,0
2855,0.01717596,2.766645,0,2,0
2857,0.01712236,2.766592,0,2,0
2859,0.01706876,2.878409,0,2,0
2861,0.01701516,2.899195,0,2,0
2863,0.01696156,2.919982,0,2,0
2865,0.01690796,2.924586,0,2,0
2867,0.01685436,2.863945,0,2,0
2869,0.01680077,2.803304,0,2,0
2871,0.01674717,2.742663,0,2,0
2873,0.01669357,2.682022,0,2,0
2875,0.01663997,2.62138,0,2,0
2877,0.01658637,2.56075,0,2,0
2879,0.01653277,2.50012,0,2,0
2881,0.01647917,2.439489,0,2,0
2883,0.01642558,2.336425,0,2,0
2885,0.01637198,2.336002,0,2,0
2887,0.01631838,2.335579,0,2,0
2889,0.01626478,2.567192,0,2,0
2891,0.01621118,2.485137,0,2,0
2893,0.01615758,2.333883,0,2,0
2895,0.01610398,2.333289,0,2,0
2897,0.01605039,2.293633,0,2,0
2899,0.01599679,2.298028,0,2,0
2901,0.01588783,2.286276,0,2,0
2903,0.01577888,2.281792,0,2,0
2905,0.01566993,2.31576,0,2,0
2907,0.01556097,2.349728,0,2,0
2909,0.01545202,2.329465,0,2,0
2911,0.01534306,2.329073,0,2,0
2913,0.01523411,2.328822,0,2,0
2915,0.0155876,2.327752,0,2,0
2917,0.01594108,2.326168,0,2,0
2919,0.01629457,2.324584,0,2,0
2921,0.01664806,2.322999,0,2,0
2923,0.01700155,2.321415,0,2,0
2925,0.01735504,2.31983,0,2,0
2927,0.01770853,2.318246,0,2,0
2929,0.01806202,2.316662,0,2,0
2931,0.0184155,2.315077,0,2,0
2933,0.01876899,2.313493,0,2,0
2935,0.01912248,2.311908,0,2,0
2937,0.01947597,2.310324,0,2,0
2939,0.01982946,2.30874,0,2,0
2941,0.02018295,2.307155,0,2,0
2943,0.02059091,2.305571,0,2,0
2945,0.02105336,2.303987,0,2,0
2947,0.0215158,2.302402,0,2,0
2949,0.02197824,2.300818,0,2,0
2951,0.02244068,2.372657,0,2,0
2953,0.02290313,2.391231,0,2,0
2955,0.02336557,2.344379,0,2,0
2957,0.02382801,2.341384,0,2,0
2959,0.02429045,2.292896,0,2,0
2961,0.0247529,2.291312,0,2,0
2963,0.02521534,2.289727,0,2,0
2965,0.0257585,2.402033,0,2,0
2967,0.02638238,2.390952,0,2,0
2969,0.02700627,2.295996,0,2,0
2971,0.02763015,2.283727,0,2,0
2973,0.02825403,2.282819,0,2,0
2975,0.02887791,2.28191,0,2,0
2977,0.0295018,2.281001,0,2,0
2979,0.03012568,2.280092,0,2,0
2981,0.03074956,2.306949,0,2,0
2983,0.03137344,2.371597,0,2,0
2985,0.03199733,2.282858,0,2,0
2987,0.03262121,2.249247,0,2,0
2989,0.03324509,2.245347,0,2,0
2991,0.03386898,2.236092,0,2,0
2993,0.03449286,2.233429,0,2,0
2995,0.03511674,2.230767,0,2,0
2997,0.03574062,2.141196,0,2,0
2999,0.0363645,2.206837,0,2,0
3001,0.03698839,2.205658,0,2,0
3003,0.03761227,2.204479,0,2,0
3005,0.03823615,2.203562,0,2,0
3007,0.03886003,2.214791,0,2,0
3009,0.03948392,2.226337,0,2,0
3011,0.03971726,2.244668,0,2,0
3013,0.03995061,2.262999,0,2,0
3015,0.04018397,2.28133,0,2,0
3017,0.04041731,2.299661,0,2,0
3019,0.04065066,2.317992,0,2,0
3021,0.04088401,2.263555,0,2,0
3023,0.04111736,2.200246,0,2,0
3025,0.04135071,2.186064,0,2,0
3027,0.04158406,2.182806,0,2,0
3029,0.0418174,2.179548,0,2,0
3031,0.04205075,2.17629,0,2,0
3033,0.0422841,2.198372,0,2,0
3035,0.04251745,2.303184,0,2,0
3037,0.0427508,2.421131,0,2,0
3039,0.04298415,2.539078,0,2,0
3041,0.0432175,2.601519,0,2,0
3043,0.04345084,2.601499,0,2,0
3045,0.04368419,2.601479,0,2,0
3047,0.04391754,2.601459,0,2,0
3049,0.04415089,2.56726,0,2,0
3051,0.04438424,2.498883,0,2,0
3053,0.04461759,2.290164,0,2,0
3055,0.04485093,2.220299,0,2,0
3057,0.04508428,2.244425,0,2,0
3059,0.04531763,2.298776,0,2,0
3061,0.04555098,2.3006,0,2,0
3063,0.04578433,2.310231,0,2,0
3065,0.04601768,2.411515,0,2,0
3067,0.04625103,2.411906,0,2,0
3069,0.04648437,2.371914,0,2,0
3071,0.04671772,2.18428,0,2,0
3073,0.04695107,2.179775,0,2,0
3075,0.04718442,2.176256,0,2,0
3077,0.04741777,2.172737,0,2,0
3079,0.04765112,2.134923,0,2,0
3081,0.04914707,2.120253,0,2,0
3083,0.05190561,2.11732,0,2,0
3085,0.05466416,2.468729,0,2,0
3087,0.0574227,2.492164,0,2,0
3089,0.06018125,2.514901,0,2,0
3091,0.06167604,2.520109,0,2,0
3093,0.06190708,2.717263,0,2,0
3095,0.06213812,2.716966,0,2,0
3097,0.06236916,2.716669,0,2,0
3099,0.0626002,2.716373,0,2,0
3101,0.06283123,2.716076,0,2,0
3103,0.06306227,2.71578,0,2,0
3105,0.06329331,2.715483,0,2,0
3107,0.06352434,2.715187,0,2,0
3109,0.06375539,2.71489,0,2,0
3111,0.06398642,2.714593,0,2,0
3113,0.06421746,2.714297,0,2,0
3115,0.06398606,2.70894,0,2,0
3117,0.06375465,2.703583,0,2,0
3119,0.06352324,2.924092,0,2,0
3121,0.06329183,2.931409,0,2,0
3123,0.06306043,2.937684,0,2,0
3125,0.06282903,2.998354,0,2,0
3127,0.06259762,2.999177,0,2,0
3129,0.06236621,2.999322,0,2,0
3131,0.06213481,3,0,2,0
3133,0.0619034,3,0,2,0
3135,0.061672,3,0,2,0
3137,0.06144059,3,0,2,0
3139,0.06120919,3,0,2,0
3141,0.06097778,3,0,2,0
3143,0.06074638,3,0,2.022466,0
3145,0.06051497,3,0,2.022183,0
3147,0.06028357,3,0,2.020898,0
3149,0.06005216,3,0,2.018611,0
3151,0.05982076,3,0,2.015293,0
3153,0.05958935,3,0,2.006176,0
3155,0.05935794,3,0,2.005605,0
3157,0.05912654,3,0,2.008729,0
3159,0.05889513,3,0,2.017199,0
3161,0.05866373,3,0,2.016917,0
3163,0.05843233,3,0,2.014237,0
3165,0.0581202,3,0,2.012246,0
3167,0.05772735,3,0,2.011855,0
3169,0.05733451,3,0,2.011464,0
3171,0.05694166,3,0,2.011073,0
3173,0.05654882,3,0,2.010682,0
3175,0.05615597,3,0,2.010291,0
3177,0.05576313,3,0,2.000745,0
3179,0.05537028,2.999981,0,2,0
3181,0.05497744,2.999977,0,2,0
3183,0.05458459,2.999904,0,2.000015,0
3185,0.05419175,2.999762,0,2.000046,0
3187,0.0537989,2.99818,0,2.000136,0
3189,0.05340606,2.998644,0,2.000504,0
3191,0.05301321,2.998038,0,2,0
3193,0.05262037,3,0,2,0
3195,0.05222752,3,0,2,0
3197,0.05183468,3,0,2,0
3199,0.05144183,3,0,2.003124,0
3201,0.05104899,2.999884,0,2.00453,0
3203,0.05065614,2.999314,0,2.004378,0
3205,0.0502633,2.988668,0,2.004424,0
3207,0.04987045,2.980628,0,2.004033,0
3209,0.04947761,2.975194,0,2.003135,0
3211,0.04947529,2.96988,0,2.002718,0
3213,0.04947298,2.964566,0,2.002803,0
3215,0.04947067,2.999931,0,2.003276,0
3217,0.04946836,2.999908,0,2.003198,0
3219,0.04946605,3,0,2.00347,0
3221,0.04946374,3,0,2.003042,0
3223,0.04946143,3,0,2.002964,0
3225,0.04945912,3,0,2.002886,0
3227,0.0494568,3,0,2.002961,0
3229,0.0494545,3,0,2.003299,0
3231,0.04945219,3,0,2.003497,0
3233,0.04944987,2.998792,0,2.003293,0
3235,0.04944756,2.996218,0,2.003573,0
3237,0.04944525,3,0,2.005841,0
3239,0.04944294,3,0,2.003611,0
3241,0.04944063,3,0,2.003093,0
3243,0.04943832,3,0,2.002896,0
3245,0.04943601,3,0,2.002966,0
3247,0.04943369,3,0,2.000893,0
3249,0.04943138,3,0,2,0
3251,0.04942907,3,0,2,0
3253,0.04942676,3,0,2,0
3255,0.04942445,3,0,2,0
3257,0.04942214,3,0,2,0
3259,0.04988551,3,0,2.000065,0
3261,0.05081455,3,0,2,0
3263,0.0517436,3,0,2.000195,0
3265,0.05267265,3.000129,0,2.001348,0
3267,0.0536017,3.000166,0,2.000057,0
3269,0.05453075,3.000202,0,2,0
3271,0.05545979,3.000239,0,2.002481,0
3273,0.05638884,3.000276,0,2.002431,0
3275,0.05731789,3,0,2.002382,0
3277,0.05824694,2.999695,0,2.002332,0
3279,0.05917599,2.999659,0,2,0
3281,0.05884244,3,0,2,0
3283,0.05724628,3,0,2.000009,0
3285,0.05565013,3,0,2.000014,0
3287,0.05405398,3,0,2.000018,0
3289,0.05245783,2.999555,0,2.001292,0
3291,0.05212544,2.999444,0,2.000027,0
3293,0.0530568,2.999408,0,2.001156,0
3295,0.05398815,2.999372,0,2.001133,0
3297,0.05491951,2.999336,0,2.006714,0
3299,0.05585087,2.999242,0,2.006825,0
3301,0.05678223,2.999089,0,2.003695,0
3303,0.05771359,2.957781,0,2.001828,0
3305,0.05864495,2.948488,0,2.001005,0
3307,0.05957631,2.939194,0,2.001459,0
3309,0.06050767,2.929889,0,2.002337,0
3311,0.06143903,2.920584,0,2.003282,0
3313,0.06237039,2.998174,0,2,0
3315,0.06330174,2.996805,0,2,0
3317,0.0642331,2.973406,0,2,0
3319,0.06516446,2.971075,0,2,0
3321,0.06609582,2.971522,0,2,0
3323,0.07297119,2.971968,0,2,0
3325,0.07984655,2.972414,0,2,0
3327,0.08672191,2.972861,0,2,0
3329,0.09359728,2.956109,0,2,0
3331,0.1004726,2.973753,0,2,0
3333,0.107348,2.9742,0,2,0
3335,0.1142234,2.97425,0,2,0
3337,0.1210987,2.934251,0,2,0
3339,0.1279741,2.883676,0,2,0
3341,0.1348495,2.833101,0,2,0
3343,0.1417248,2.828703,0,2,0
3345,0.1486002,2.830047,0,2,0
3347,0.1554756,2.829801,0,2,0
3349,0.1623509,2.828028,0,2,0
3351,0.1692263,2.829117,0,2,0
3353,0.1761017,2.836895,0,2,0
3355,0.182977,2.892067,0,2,0
3357,0.1898524,2.89172,0,2,0
3359,0.1967845,2.793641,0,2,0
3361,0.2074676,2.797173,0,2,0
3363,0.2218449,2.800704,0,2,0
3365,0.2361187,2.80478,0,2,0
3367,0.2503926,2.808856,0,2,0
3369,0.2646665,2.816598,0,2,0
3371,0.2789403,2.818258,0,2,0
3373,0.2932142,2.819918,0,2,0
3375,0.3074881,2.821578,0,2,0
3377,0.3217619,2.823238,0,2,0
3379,0.3360358,2.824858,0,2,0
3381,0.3503097,2.92246,0,2,0
3383,0.3672704,2.956526,0,2,0
3385,0.3842312,2.97892,0,2,0
3387,0.401192,2.983881,0,2,0
3389,0.4181528,2.990495,0,2,0
3391,0.4351136,3.004268,0,2,0
3393,0.4520743,3.003855,0,2.001068,0
3395,0.4690351,3.003441,0,2.001888,0
3397,0.4859959,3.003028,0,2,0
3399,0.5029545,2.996953,0,2,0
3401,0.519913,2.992297,0,2,0
3403,0.5368716,2.993198,0,2,0
3405,0.5538302,2.994339,0,2,0
3407,0.5707887,2.995661,0,2,0
3409,0.5877473,2.990882,0,2,0
3411,0.6047059,2.971686,0,2,0
3413,0.6216645,2.952491,0,2,0
3415,0.6311938,2.933295,0,2,0
3417,0.6332938,2.9141,0,2,0
3419,0.6353939,2.913893,0,2,0
3421,0.6374938,2.913913,0,2,0
3423,0.6395939,2.913934,0,2,0
3425,0.6416939,2.913954,0,2,0
3427,0.6437939,2.874495,0,2,0
3429,0.6458939,2.827214,0,2,0
3431,0.647994,2.776093,0,2,0
3433,0.650094,2.782544,0,2,0
3435,0.652194,2.766818,0,2,0
3437,0.6543041,2.766768,0,2,0
3439,0.6564244,2.766738,0,2,0
3441,0.6585447,2.766708,0,2,0
3443,0.6606649,2.766678,0,2,0
3445,0.6627851,2.7755,0,2,0
3447,0.6649054,2.79145,0,2,0
3449,0.6670256,2.8074,0,2,0
3451,0.6691459,2.823349,0,2,0
3453,0.6712452,2.798781,0,2,0
3455,0.6733445,2.765678,0,2,0
3457,0.6754438,2.765329,0,2,0
3459,0.6770774,2.75651,0,2,0
3461,0.6782454,2.70066,0,2,0
3463,0.6794133,2.699532,0,2,0
3465,0.6805813,2.887523,0,2,0
3467,0.6817492,2.765578,0,2,0
3469,0.6829172,2.778009,0,2,0
3471,0.6840851,2.777213,0,2,0
3473,0.6852531,2.776417,0,2,0
3475,0.686421,2.774869,0,2,0
3477,0.687589,2.773322,0,2,0
3479,0.6887569,2.771775,0,2,0
3481,0.6899248,2.712251,0,2,0
3483,0.6910928,2.52623,0,2,0
3485,0.6922607,2.526196,0,2,0
3487,0.6934287,2.52538,0,2,0
3489,0.6945966,2.66112,0,2,0
3491,0.6957646,2.761897,0,2,0
3493,0.6969326,2.76198,0,2,0
3495,0.6981005,2.690561,0,2,0
3497,0.6992685,2.527183,0,2,0
3499,0.7004364,2.527675,0,2,0
3501,0.7016044,2.528166,0,2,0
3503,0.7027723,2.528657,0,2,0
3505,0.7039403,2.529149,0,2,0
3507,0.7051082,2.52933,0,2,0
3509,0.7062762,2.5292,0,2,0
3511,0.7074441,2.613413,0,2,0
3513,0.7086121,2.544045,0,2,0
3515,0.70978,2.548406,0,2,0
3517,0.7109479,2.515903,0,2,0
3519,0.7121159,2.483399,0,2,0
3521,0.7132838,2.450896,0,2,0
3523,0.7066144,2.39911,0,2,0
3525,0.699945,2.40477,0,2,0
3527,0.6932755,2.505552,0,2,0
3529,0.686606,2.572487,0,2,0
3531,0.6799366,2.646993,0,2,0
3533,0.6732672,2.647037,0,2,0
3535,0.6665977,2.603742,0,2,0
3537,0.6599283,2.560447,0,2,0
3539,0.6532588,2.517153,0,2,0
3541,0.6465893,2.473859,0,2,0
3543,0.6399199,2.629034,0,2,0
3545,0.6332505,2.891462,0,2,0
3547,0.626581,2.891462,0,2,0
3549,0.6199116,2.891462,0,2,0
3551,0.6132421,2.891438,0,2,0
3553,0.6065727,2.891295,0,2,0
3555,0.5999032,2.889233,0,2,0
3557,0.5932338,2.885252,0,2,0
3559,0.5865076,2.619789,0,2,0
3561,0.5760468,2.869456,0,2,0
3563,0.5619084,2.856236,0,2,0
3565,0.5478733,2.730443,0,2,0
3567,0.5338383,2.604649,0,2,0
3569,0.5198032,2.57751,0,2,0
3571,0.5057682,2.575545,0,2,0
3573,0.4917332,2.573579,0,2,0
3575,0.4776981,2.571614,0,2,0
3577,0.4632211,2.569648,0,2,0
3579,0.4487442,2.567553,0,2,0
3581,0.4342672,2.565328,0,2,0
3583,0.4171034,2.563102,0,2,0
3585,0.3999394,2.571904,0,2,0
3587,0.3827756,2.591733,0,2,0
3589,0.3656117,2.600993,0,2,0
3591,0.3484478,2.612124,0,2,0
3593,0.331284,2.494807,0,2,0
3595,0.3141201,2.465323,0,2,0
3597,0.2969562,2.460792,0,2,0
3599,0.2797945,2.443031,0,2,0
3601,0.2626328,2.444345,0,2,0
3603,0.2454712,2.455029,0,2,0
3605,0.2283095,2.465713,0,2,0
3607,0.2114458,2.505873,0,2,0
3609,0.1945821,2.457829,0,2,0
3611,0.1777184,2.464596,0,2,0
3613,0.1607172,2.471363,0,2,0
3615,0.1511453,2.478142,0,2,0
3617,0.1490027,2.484931,0,2,0
3619,0.1468602,2.510522,0,2,0
3621,0.1447176,2.536112,0,2,0
3623,0.142575,2.859052,0,2,0
3625,0.1416257,2.805192,0,2,0
3627,0.1406764,2.751333,0,2,0
3629,0.1397272,2.605477,0,2,0
3631,0.1435046,2.506518,0,2,0
3633,0.1472821,2.469479,0,2,0
3635,0.1510596,2.43244,0,2,0
3637,0.1492171,2.392423,0,2,0
3639,0.1473645,2.480822,0,2,0
3641,0.1455119,2.692092,0,2,0
3643,0.1436931,2.706299,0,2,0
3645,0.1418743,2.798401,0,2,0
3647,0.1400554,2.878534,0,2,0
3649,0.1382366,2.935282,0,2,0
3651,0.1364178,2.938064,0,2,0
3653,0.1346199,2.917362,0,2,0
3655,0.1328221,2.99969,0,2,0
3657,0.1310242,3,0,2,0
3659,0.1292263,3,0,2,0
3661,0.1274284,2.944912,0,2,0
3663,0.1255737,2.835667,0,2,0
3665,0.123662,2.402089,0,2,0
3667,0.1217129,2.411154,0,2,0
3669,0.1197638,2.420384,0,2,0
3671,0.1178147,2.429779,0,1.999692,0
3673,0.1158656,2.70233,0,1.999615,0
3675,0.1139165,2.765867,0,2,0
3677,0.1119675,2.770795,0,1.999915,0
3679,0.1100184,2.775724,0,1.99983,0
3681,0.1080693,2.780653,0,1.999745,0
3683,0.1061202,2.785583,0,1.999952,0
3685,0.1041711,2.790511,0,1.999904,0
3687,0.102222,2.796817,0,1.999555,0
3689,0.1002729,2.804498,0,1.999555,0
3691,0.09832378,2.812179,0,1.999384,0
3693,0.09637468,2.820019,0,1.994592,0
3695,0.09442559,2.840297,0,1.990496,0
3697,0.09247649,2.860575,0,1.992298,0
3699,0.09189934,2.874992,0,1.99957,0
3701,0.09269413,2.883548,0,1.999425,0
3703,0.09348892,2.892104,0,1.999279,0
3705,0.09428371,2.964085,0,1.999157,0
3707,0.0950785,2.972358,0,1.999035,0
3709,0.09587329,2.98046,0,1.995991,0
3711,0.09657227,2.98429,0,1.999915,0
3713,0.09717542,2.981926,0,1.999942,0
3715,0.09493252,2.979434,0,1.998486,0
3717,0.09268963,2.943304,0,1.997036,0
3719,0.09044673,2.907228,0,1.996154,0
3721,0.08820383,2.91199,0,1.994657,0
3723,0.08785433,2.929661,0,1.992866,0
3725,0.08750483,2.943057,0,1.99491,0
3727,0.09489418,2.943019,0,2,0
3729,0.09929982,2.886294,0,2,0
3731,0.1007217,2.886043,0,2,0
3733,0.1021437,2.885125,0,2,0
3735,0.1035656,2.864116,0,2,0
3737,0.1049875,2.838016,0,2,0
3739,0.1064094,2.811916,0,2,0
3741,0.1078313,2.789091,0,2,0
3743,0.1092533,2.607336,0,2,0
3745,0.1112189,2.546986,0,2,0
3747,0.1131846,2.546937,0,2,0
3749,0.1151503,2.546888,0,2,0
3751,0.117116,2.546838,0,2,0
3753,0.1190817,2.546789,0,2,0
3755,0.1210474,2.54674,0,2,0
3757,0.123013,2.724362,0,2,0
3759,0.1253352,2.729827,0,1.999849,0
3761,0.1279975,2.699048,0,1.999968,0
3763,0.1306433,2.647633,0,2,0
3765,0.133289,2.672484,0,2,0
3767,0.1359348,2.679094,0,2,0
3769,0.1385806,2.651438,0,1.999992,0
3771,0.1412264,2.623783,0,1.999924,0
3773,0.1438722,2.596127,0,1.999849,0
3775,0.146518,2.568471,0,1.999516,0
3777,0.1496057,2.541671,0,1.999697,0
3779,0.157265,2.537095,0,1.999642,0
3781,0.1649243,2.532518,0,1.999607,0
3783,0.1725836,2.527942,0,1.999957,0
3785,0.1802429,2.52319,0,2,0
3787,0.1854911,2.780745,0,2,0
3789,0.1880972,2.77941,0,2,0
3791,0.1907034,2.778075,0,2,0
3793,0.1933096,2.77674,0,2,0
3795,0.1959158,2.746557,0,2,0
3797,0.1985219,2.728126,0,2,0
3799,0.2011281,2.720986,0,2,0
3801,0.2037343,2.713845,0,2,0
3803,0.2063405,2.706704,0,2,0
3805,0.2089466,2.69862,0,2,0
3807,0.2112549,2.690536,0,2,0
3809,0.2135631,2.682452,0,2,0
3811,0.2158713,2.674368,0,2,0
3813,0.2185074,2.667324,0,2,0
3815,0.2213338,2.66028,0,2,0
3817,0.2241603,2.801244,0,2,0
3819,0.2269868,2.999037,0,2,0
3821,0.2301534,2.998866,0,2,0
3823,0.2336601,2.998694,0,2,0
3825,0.2359735,2.996986,0,2,0
3827,0.238287,2.994472,0,2,0
3829,0.2406004,2.991958,0,2,0
3831,0.2381871,2.989444,0,2,0
3833,0.2357737,2.927369,0,2,0
3835,0.2333604,2.92762,0,2,0
3837,0.236557,2.928139,0,2,0
3839,0.2397535,2.928658,0,1.999802,0
3841,0.2429501,2.929177,0,2,0
3843,0.2461128,2.929696,0,2,0
3845,0.2492756,2.930215,0,1.999965,0
3847,0.2524383,2.930734,0,1.991781,0
3849,0.2556011,2.931253,0,1.993755,0
3851,0.2587638,2.931772,0,1.998824,0
3853,0.2619266,2.932291,0,1.99689,0
3855,0.2669852,2.93281,0,1.995796,0
3857,0.2739395,2.933329,0,1.996181,0
3859,0.2808938,2.803129,0,1.996567,0
3861,0.2876573,2.735192,0,1.999625,0
3863,0.2942868,2.667256,0,1.998891,0
3865,0.3009731,2.599319,0,1.999555,0
3867,0.3076969,2.459644,0,1.998784,0
3869,0.3144207,2.394357,0,1.997857,0
3871,0.3211445,2.36862,0,1.996891,0
3873,0.3278683,2.342628,0,1.99323,0
3875,0.3345921,2.339124,0,1.990495,0
3877,0.3420441,2.325391,0,1.997571,0
3879,0.3494962,2.323533,0,1.999811,0
3881,0.3569482,2.32056,0,2,0
3883,0.3644002,2.317587,0,2,0
3885,0.371777,2.319577,0,2,0
3887,0.3790787,2.499254,0,2,0
3889,0.3863803,2.509978,0,2,0
3891,0.393682,2.520701,0,2,0
3893,0.4009837,2.526432,0,2,0
3895,0.4082853,2.538671,0,2,0
3897,0.4463616,2.275096,0,2,0
3899,0.5138406,2.262846,0,2,0
3901,0.5374728,2.260806,0,2,0
3903,0.5610577,2.32271,0,2,0
3905,0.5845953,2.324567,0,2,0
3907,0.6081329,2.326424,0,2,0
3909,0.6316705,2.247623,0,2,0
3911,0.6553038,2.330137,0,2,0
3913,0.679033,2.331995,0,2,0
3915,0.7440842,2.333851,0,2,0
3917,0.8091353,2.335708,0,2,0
3919,0.8241928,2.348233,0,2,0
3921,0.8392504,2.351094,0,2,0
3923,0.8543079,2.353955,0,2,0
3925,0.8693656,2.356815,0,2,0
3927,0.8766842,2.221898,0,2,0
3929,0.8869867,2.331542,0,2,0
3931,0.8878268,2.327494,0,2,0
3933,0.8886669,2.355521,0,2,0
3935,0.8895069,2.384495,0,2,0
3937,0.890347,2.353305,0,2,0
3939,0.8911871,2.390141,0,2,0
3941,0.8920271,2.402846,0,2,0
3943,0.8928672,2.3949,0,2,0
3945,0.8931635,2.439499,0,2,0
3947,0.8934599,2.484097,0,2,0
3949,0.8937562,2.527436,0,2,0
3951,0.8940524,2.659678,0,2,0
3953,0.8943487,2.70856,0,2,0
3955,0.8946451,2.672381,0,2,0
3957,0.8949414,2.724473,0,2,0
3959,0.8951303,2.72403,0,2,0
3961,0.8949627,2.723587,0,2,0
3963,0.8946875,2.721652,0,2,0
3965,0.8943049,2.718226,0,2,0
3967,0.8939223,2.7148,0,2,0
3969,0.8935397,2.711373,0,2,0
3971,0.8931571,2.630646,0,2,0
3973,0.8927745,2.557674,0,2,0
3975,0.8923919,2.572373,0,1.999773,0
3977,0.8920092,2.543198,0,2,0
3979,0.887055,2.513984,0,1.999991,0
3981,0.8822782,2.484769,0,2,0
3983,0.8776788,2.46645,0,2,0
3985,0.8730794,2.469151,0,2,0
3987,0.8708911,2.471825,0,2,0
3989,0.8689101,2.476685,0,2,0
3991,0.8669291,2.477145,0,2,0
3993,0.864948,2.568921,0,2,0
3995,0.862967,2.584722,0,2,0
3997,0.860986,2.476878,0,2,0
3999,0.859005,2.478913,0,2,0
4001,0.857024,2.494435,0,2,0
4003,0.8550429,2.519114,0,2,0
4005,0.8530619,2.617533,0,2,0
4007,0.8510809,2.870844,0,2,0
4009,0.8490999,2.890939,0,2,0
4011,0.8471189,2.890897,0,2,0
4013,0.8449475,2.852814,0,2,0
4015,0.8425856,2.75366,0,2,0
4017,0.8402238,2.761601,0,2,0
4019,0.837862,2.89073,0,2,0
4021,0.83516,2.890228,0,2,0
4023,0.8321179,2.917623,0,2,0
4025,0.8290758,2.969664,0,2,0
4027,0.8260336,2.987425,0,2,0
4029,0.8226841,2.996305,0,2,0
4031,0.8190272,2.996305,0,2,0
4033,0.8153703,2.996305,0,2,0
4035,0.8117133,2.997536,0,2.023556,0
4037,0.8080564,2.999489,0,2.019798,0
4039,0.8043995,2.999379,0,2.013193,0
4041,0.8007426,2.995103,0,2.012357,0
4043,0.7970856,2.977563,0,2.010681,0
4045,0.7934287,2.988642,0,2.010936,0
4047,0.7897718,2.99972,0,2.011192,0
4049,0.7861149,3,0,2.011689,0
4051,0.7824579,3,0,2.026845,0
4053,0.778801,3,0,2.092613,0
4055,0.7732483,3,0,2.098449,0
4057,0.7657998,3,0,2.08503,0
4059,0.7583513,3,0,2.07161,0
4061,0.7510937,3,0,2.078319,0
4063,0.7440294,3,0,2.074955,0
4065,0.7369651,2.986906,0,2.111863,0
4067,0.7299009,2.988746,0,2.110863,0
4069,0.7228366,2.989131,0,2.109864,0
4071,0.7157724,2.989516,0,2.096041,0
4073,0.7087081,2.989901,0,2.189119,0
4075,0.7016472,2.990286,0,2.189912,0
4077,0.693858,2.990671,0,2.171584,0
4079,0.6860688,2.99987,0,2.154757,0
4081,0.6782796,2.999851,0,2.154049,0
4083,0.6704904,3,0,2.145281,0
4085,0.6627765,3,0,2.13188,0
4087,0.6551376,3,0,2.066933,0
4089,0.6474988,3,0,2.024955,0
4091,0.63986,3,0,2.02882,0
4093,0.6322212,3,0,2.032877,0
4095,0.6246012,3,0,2.036934,0
4097,0.5862257,3,0,2.023723,0
4099,0.5170755,3,0,2.023323,0
4101,0.4904001,3,0,2.027965,0
4103,0.463772,3,0,2.031708,0
4105,0.4371913,3,0,2.033745,0
4107,0.4106106,2.99966,0,2.035782,0
4109,0.3840298,2.999573,0,2.037819,0
4111,0.3574491,2.999573,0,2.048006,0
4113,0.3308684,2.999573,0,2.047938,0
4115,0.2658118,2.999573,0,2.047666,0
4117,0.2007552,2.999573,0,2.047394,0
4119,0.1856922,2.998694,0,2.011374,0
4121,0.1706291,3,0,2.010751,0
4123,0.1555661,3,0,2.004027,0
4125,0.140503,3,0,2.003695,0
4127,0.12544,3,0,2,0
4129,0.1103769,2.99966,0,2,0
4131,0.1077599,2.99959,0,2,0
4133,0.105143,2.999555,0,2,0
4135,0.1072123,2.996802,0,2,0
4137,0.1092816,3,0,2.001233,0
4139,0.1113509,3.004489,0,2.006562,0
4141,0.1146833,3.00435,0,2.011707,0
4143,0.1180158,3.00427,0,2.0227,0
4145,0.1213482,3.004248,0,2.030077,0
4147,0.1246807,3.004226,0,2.026113,0
4149,0.1280131,3.004205,0,2.036268,0
4151,0.1313456,3.004183,0,2.032559,0
4153,0.134678,3.004497,0,2.028872,0
4155,0.1380104,3.005868,0,2.025184,0
4157,0.1413429,3.009492,0,2.0224,0
4159,0.1444262,3,0,2.021456,0
4161,0.1475096,3,0,2.01928,0
4163,0.1507004,3,0,2.021483,0
4165,0.1539988,3,0,2.018743,0
4167,0.1572972,3,0,2.020872,0
4169,0.1605955,3,0,2.041673,0
4171,0.1638939,3,0,2.027126,0
4173,0.1671923,3.014112,0,2.035005,0
4175,0.1704906,3.013842,0,2.031671,0
4177,0.173789,3.013572,0,2.028337,0
4179,0.1770874,3.013302,0,2.023355,0
4181,0.1802083,3.013031,0,2.017346,0
4183,0.2220818,3.012832,0,2.011334,0
4185,0.2639553,3,0,2.008427,0
4187,0.3058288,3,0,2.004522,0
4189,0.3501371,3,0,2.001507,0
4191,0.3944453,3,0,2.000593,0
4193,0.4387536,3,0,2.000613,0
4195,0.4830618,3,0,2.000634,0
4197,0.5273701,3,0,2.006351,0
4199,0.5716783,3,0,2.006272,0
4201,0.6159866,3,0,2.006191,0
4203,0.6602948,3,0,2.005982,0
4205,0.7046031,3,0,2.005837,0
4207,0.7489113,2.999555,0,2.000758,0
4209,0.7720779,2.992982,0,2.000885,0
4211,0.7741029,2.992414,0,2.001119,0
4213,0.7761278,2.991846,0,2.007652,0
4215,0.7781528,2.991278,0,2.007761,0
4217,0.7801777,2.989493,0,2.007125,0
4219,0.7822026,2.959722,0,2.006489,0
4221,0.7842104,2.891813,0,2.005582,0
4223,0.786201,2.891813,0,2.003695,0
4225,0.7881916,2.97624,0,2.004746,0
4227,0.7901822,2.98713,0,2.006454,0
4229,0.7924802,2.977369,0,2.007021,0
4231,0.7950855,2.967608,0,2.009421,0
4233,0.7976909,2.957848,0,2.011821,0
4235,0.8002964,2.985597,0,2.014221,0
4237,0.8029017,2.985029,0,2.016621,0
4239,0.8055071,2.984461,0,2.01897,0
4241,0.8081125,2.983893,0,2.01881,0
4243,0.8107179,2.983383,0,2.01865,0
4245,0.8133233,2.999555,0,2.013916,0
4247,0.8159287,3,0,2.014095,0
4249,0.8185341,3,0,2.014205,0
4251,0.8211395,3,0,2.014316,0
4253,0.8237448,3,0,2.013939,0
4255,0.8263503,3.028992,0,2.000361,0
4257,0.8289557,3.065687,0,2.000193,0
4259,0.831561,3.102382,0,2.00019,0
4261,0.8341664,3.114688,0,2.000172,0
4263,0.8367693,3.060306,0,2.000057,0
4265,0.8393722,3.0056,0,2,0
4267,0.8419751,3,0,2,0
4269,0.844578,3,0,2,0
4271,0.8471809,3,0,2,0
4273,0.8497838,3,0,2,0
4275,0.8523834,3,0,2,0
4277,0.854983,3,0,2,0
4279,0.8575826,3,0,2,0
4281,0.8601822,2.891833,0,2,0
4283,0.8627818,2.891833,0,2,0
4285,0.8653814,2.891834,0,2,0
4287,0.867981,2.788749,0,2,0
4289,0.8705806,2.791855,0,2,0
4291,0.8731802,2.797738,0,2,0
4293,0.8757797,2.808813,0,2,0
4295,0.8783605,2.81189,0,2,0
4297,0.8809221,2.814966,0,2,0
4299,0.8834838,2.817309,0,2,0
4301,0.8860456,2.818935,0,2,0
4303,0.8886073,2.820561,0,2,0
4305,0.891169,2.822187,0,2,0
4307,0.8937307,2.832085,0,2,0
4309,0.8962924,2.840757,0,2,0
4311,0.8988541,2.855522,0,2,0
4313,0.9014159,2.870018,0,2,0
4315,0.9039776,2.847034,0,2,0
4317,0.9065393,2.849404,0,2,0
4319,0.909101,2.851055,0,2,0
4321,0.9116628,2.852705,0,2,0
4323,0.9142244,2.854914,0,2,0
4325,0.9167861,2.857923,0,2,0
4327,0.9193479,2.650445,0,2,0
4329,0.9219096,2.63922,0,2,0
4331,0.9244713,2.627995,0,2,0
4333,0.9297839,2.61677,0,2,0
4335,0.9304102,2.328108,0,2,0
4337,0.9310365,2.328352,0,2,0
4339,0.9311507,2.333013,0,2,0
4341,0.9294895,2.325511,0,2,0
4343,0.9278284,2.318004,0,2,0
4345,0.9261672,2.310493,0,2,0
4347,0.9245061,2.224461,0,1.999958,0
4349,0.9228449,2.216821,0,2,0
4351,0.9211838,2.25255,0,1.999875,0
4353,0.9195226,2.270159,0,1.999784,0
4355,0.9178615,2.252233,0,1.999695,0
4357,0.9162003,2.235596,0,1.999679,0
4359,0.913465,2.23432,0,1.999806,0
4361,0.9096553,2.233111,0,1.999323,0
4363,0.9058456,2.205726,0,1.994922,0
4365,0.902036,2.204141,0,1.973488,0
4367,0.8982263,2.228242,0,1.949639,0
4369,0.8944166,2.358606,0,1.93767,0
4371,0.8906069,2.202571,0,1.925701,0
4373,0.8867972,2.235948,0,1.988804,0
4375,0.8829876,2.196216,0,1.978272,0
4377,0.8793445,2.179301,0,1.961752,0
4379,0.875868,2.180728,0,1.948721,0
4381,0.8723915,2.191457,0,1.931664,0
4383,0.8289794,2.189815,0,1.936709,0
4385,0.7845619,2.322172,0,1.959613,0
4387,0.7404102,2.490106,0,1.943483,0
4389,0.6962586,2.658041,0,1.942088,0
4391,0.6521069,2.729568,0,1.945095,0
4393,0.6081959,2.893009,0,1.973453,0
4395,0.5637227,2.910953,0,1.979852,0
4397,0.5186871,2.928896,0,1.980065,0
4399,0.4736515,2.94684,0,1.980279,0
4401,0.428616,2.957893,0,1.975914,0
4403,0.3835804,2.962055,0,1.968436,0
4405,0.3385449,2.966218,0,1.964537,0
4407,0.2935093,2.970381,0,1.966514,0
4409,0.2696154,2.974543,0,1.999992,0
4411,0.2668632,2.978706,0,1.999975,0
4413,0.2641109,2.982868,0,2,0
4415,0.2613587,2.987031,0,1.99966,0
4417,0.2586064,2.988315,0,1.999555,0
4419,0.2558542,2.989598,0,1.983395,0
4421,0.2531191,2.990881,0,2,0
4423,0.2504012,2.992165,0,2,0
4425,0.2476833,2.993448,0,2,0
4427,0.2449654,2.994732,0,2,0
4429,0.2422475,2.996061,0,2,0
4431,0.2395296,2.997389,0,2,0
4433,0.2368117,2.998061,0,2,0
4435,0.2340938,2.998733,0,1.999954,0
4437,0.2313759,2.980554,0,1.999894,0
4439,0.228658,2.891563,0,1.99985,0
4441,0.2259401,2.891574,0,1.999821,0
4443,0.2232222,2.891586,0,1.999792,0
4445,0.2205043,2.891597,0,2,0
4447,0.2177864,2.8999,0,2,0
4449,0.2150685,2.970624,0,2,0
4451,0.2123506,2.916169,0,2,0
4453,0.2096327,2.891642,0,2,0
4455,0.2069148,2.891653,0,2,0
4457,0.2041969,2.891664,0,2,0
4459,0.2014244,2.891675,0,2,0
4461,0.198652,2.891686,0,2,0
4463,0.1958795,2.926717,0,2,0
4465,0.1931071,2.891709,0,2,0
4467,0.1903346,2.89172,0,2,0
4469,0.1875622,2.891731,0,2,0
4471,0.1847897,2.891742,0,2,0
4473,0.1820173,2.891753,0,2,0
4475,0.1792448,2.891765,0,2,0
4477,0.1764724,2.891776,0,2,0
4479,0.1736999,2.882998,0,2,0
4481,0.1709275,2.729568,0,2,0
4483,0.168155,2.817557,0,2,0
4485,0.1653825,2.86748,0,2,0
4487,0.1626101,2.891842,0,2,0
4489,0.1598376,2.89186,0,2,0
4491,0.1570652,2.891878,0,2,0
4493,0.1542927,2.920823,0,2,0
4495,0.1515203,2.932188,0,2,0
4497,0.1487478,2.921891,0,2,0
4499,0.1459754,2.891949,0,2,0
4501,0.1432029,2.891967,0,2,0
4503,0.1404305,2.891985,0,2,0
4505,0.137658,2.892003,0,2,0
4507,0.1348856,2.968325,0,2,0
4509,0.1321131,2.997373,0,2,0
4511,0.1293407,2.996457,0,2,0
4513,0.1265682,2.988422,0,2,0
4515,0.1237958,2.962219,0,2,0
4517,0.1210233,2.910899,0,2,0
4519,0.1182509,2.889639,0,2,0
4521,0.1154784,2.887149,0,2,0
4523,0.112706,2.881183,0,2,0
4525,0.1099335,2.871742,0,2,0
4527,0.107161,2.848331,0,2,0
4529,0.1043886,2.780013,0,2,0
4531,0.1016161,2.780994,0,2,0
4533,0.09609282,2.781975,0,2,0
4535,0.09056949,2.649384,0,2,0
4537,0.08504616,2.436826,0,2,0
4539,0.080035,2.38405,0,2,0
4541,0.07553599,2.383029,0,2,0
4543,0.07105668,2.39656,0,2,0
4545,0.06657737,2.410092,0,2,0
4547,0.06209806,2.423624,0,2,0
4549,0.05761875,2.462429,0,2,0
4551,0.05313944,2.505766,0,2,0
4553,0.04866013,2.549104,0,2,0
4555,0.04418082,2.600393,0,2,0
4557,0.03970151,2.576593,0,2,0
4559,0.03629646,2.547511,0,2,0
4561,0.03396568,2.596347,0,2,0
4563,0.03163489,2.532806,0,2,0
4565,0.02927663,2.594913,0,2,0
4567,0.02691837,2.657021,0,2,0
4569,0.0245601,2.665326,0,2,0
4571,0.02220184,2.852027,0,2,0
4573,0.01984358,2.856354,0,2,0
4575,0.01748531,2.860477,0,2,0
4577,0.01496048,2.864522,0,1.999998,0
4579,0.01226907,2.829062,0,2,0
4581,0.009577668,2.868205,0,2,0
4583,0.0078918,2.870046,0,1.999987,0
4585,0.007211469,2.87378,0,2,0
4587,0.006265232,2.75205,0,2,0
4589,0.005318996,2.756257,0,2,0
4591,0.004372759,2.760464,0,2,0
4593,0.003185883,2.746473,0,2,0
4595,0.002561279,2.753172,0,2,0
4597,0.002498947,2.790126,0,2,0
4599,0.002436615,2.828719,0,2,0
4601,0.002374284,2.814211,0,2,0
4603,0.002311951,2.837204,0,2,0
4605,0.002249619,2.855547,0,2,0
4607,0.002187288,2.806345,0,2,0
4609,0.002124956,2.805166,0,2,0
4611,0.002062624,2.803987,0,2,0
4613,0.002000292,2.802807,0,1.999965,0
4615,0.00193796,2.801628,0,1.999895,0
4617,0.001875628,2.800515,0,1.999225,0
4619,0.001813296,2.799403,0,1.99824,0
4621,0.001750964,2.79829,0,1.999685,0
4623,0.001688632,2.801553,0,2,0
4625,0.0016263,2.891075,0,2,0
4627,0.001563968,2.847668,0,2,0
4629,0.001501636,2.811174,0,1.999021,0
4631,0.001439304,2.813896,0,1.997511,0
4633,0.001376973,2.817048,0,1.996827,0
4635,0.001314641,2.8202,0,1.996143,0
4637,0.001252309,2.845093,0,1.998911,0
4639,0.001189977,2.673525,0,1.999274,0
4641,0.001127645,2.561549,0,1.999522,0
4643,0.001065313,2.584621,0,1.999304,0
4645,0.001002981,2.5917,0,1.999903,0
4647,0.000940649,2.598779,0,1.988893,0
4649,0.000878317,2.724571,0,1.935067,0
4651,0.0008159851,2.697353,0,1.941349,0
4653,0.0007536532,2.670143,0,1.945621,0
4655,0.0006913213,2.642934,0,1.911155,0
4657,0.0006289894,2.617181,0,1.971797,0
4659,0.0006212097,2.618121,0,1.975128,0
4661,0.0006134301,2.620534,0,1.978333,0
4663,0.0006056505,2.622932,0,1.980973,0
4665,0.0005978709,2.62906,0,1.982746,0
4667,0.0005900912,2.638994,0,1.983556,0
4669,0.0005823116,2.648926,0,1.984366,0
4671,0.000574532,2.661578,0,1.985176,0
4673,0.0005667524,2.675665,0,1.985986,0
4675,0.0005589728,2.675759,0,1.984854,0
4677,0.0005511931,2.679523,0,1.958048,0
4679,0.0005434135,2.683228,0,1.967619,0
4681,0.0005356339,2.685383,0,1.934942,0
4683,0.0005278543,2.687625,0,1.940652,0
4685,0.0005200746,2.691688,0,1.899681,0
4687,0.000512295,2.739049,0,1.916194,0
4689,0.0005045154,2.738102,0,1.921482,0
4691,0.0004967358,2.737493,0,1.956897,0
4693,0.0004889562,2.737221,0,1.95821,0
4695,0.0004811765,2.73678,0,1.948845,0
4697,0.0004733969,2.736339,0,1.941511,0
4699,0.0004656173,2.735963,0,1.954873,0
4701,0.0004578377,2.694643,0,1.964346,0
4703,0.0004500581,2.694565,0,1.964777,0
4705,0.0004422784,2.59534,0,1.966091,0
4707,0.0004344988,2.693918,0,1.961753,0
4709,0.0004267192,2.564113,0,1.956733,0
4711,0.0004189396,2.506998,0,1.929975,0
4713,0.0004111599,2.548217,0,1.929975,0
4715,0.0004033803,2.590488,0,1.91186,0
4717,0.0003956007,2.657299,0,1.929539,0
4719,0.0003878211,2.701596,0,1.929104,0
4721,0.0003800415,2.694228,0,1.954094,0
4723,0.0003722618,2.68683,0,1.949652,0
4725,0.0003644822,2.679432,0,1.951091,0
4727,0.0003567026,2.672345,0,1.94959,0
4729,0.000348923,2.667482,0,1.959574,0
4731,0.0003411433,2.6611,0,1.978415,0
4733,0.0003333637,2.6532,0,1.986947,0
4735,0.0003255841,2.6453,0,1.987958,0
4737,0.0003178045,2.622626,0,1.987316,0
4739,0.0003100249,2.598249,0,1.987586,0
4741,0.0003022453,2.584303,0,1.983183,0
4743,0.0002747684,2.524114,0,1.979319,0
4745,0.0002472916,2.478855,0,1.982106,0
4747,0.0002198147,2.403378,0,1.981167,0
4749,0.0001923379,2.327902,0,1.980227,0
4751,0.000164861,2.300797,0,1.979288,0
4753,0.0001373842,2.290913,0,1.978348,0
4755,0.0001099074,2.25561,0,1.976887,0
4757,8.243052E-05,2.208501,0,1.973145,0
4759,5.495368E-05,2.192848,0,1.95112,0
4761,2.747684E-05,2.154077,0,1.971877,0
4763,0,2.173155,0,1.969464,0
4765,0,2.216223,0,1.933916,0
4767,0,2.220751,0,1.919484,0
4769,0,2.178506,0,1.93228,0
4771,0,2.015167,0,1.915116,0
4773,0,2.015241,0,1.913402,0
4775,0,2.015315,0,1.914273,0
4777,0,2.01539,0,1.906951,0
4779,0,2.015464,0,1.903021,0
4781,0,2.0192,0,1.916821,0
4783,0,2.045005,0,1.922054,0
4785,0,2.015589,0,1.918403,0
4787,0,2.015565,0,1.919253,0
4789,0,2.012484,0,1.897423,0
4791,0,2.020159,0,1.920972,0
4793,0,2.034465,0,1.921831,0
4795,0,2.048771,0,1.938208,0
4797,0,2.058033,0,1.939778,0
4799,0,2.064376,0,1.934523,0
4801,0,2.067599,0,1.942919,0
4803,0,2.193805,0,1.956133,0
4805,0,2.230248,0,1.946037,0
4807,0,2.221176,0,1.934416,0
4809,0,2.213451,0,1.920742,0
4811,0,2.257146,0,1.917231,0
4813,0,2.333333,0,1.915336,0
4815,0,2.404595,0,1.961419,0
4817,0,2.513629,0,1.966825,0
4819,0,2.67479,0,1.976106,0
4821,0,2.691763,0,1.99977,0
4823,0,2.81355,0,1.999777,0
4825,0,2.717555,0,1.999603,0
4827,0,2.636712,0,1.999005,0
4829,0,2.617232,0,1.999971,0
4831,0,2.597752,0,1.99977,0
4833,0,2.578272,0,1.999725,0
4835,0,2.558792,0,1.99966,0
4837,0,2.539311,0,1.998644,0
4839,0,2.5198,0,2,0
4841,0,2.517452,0,2,0
4843,0,2.763299,0,2,0
4845,0,2.585419,0,2,0
4847,0,2.520667,0,2,0
4849,0,2.455915,0,2,0
4851,0,2.755237,0,2,0
4853,0,2.892632,0,2,0
4855,0,2.892647,0,2,0
4857,0,2.829062,0,2,0
4859,0,2.354339,0,2,0
4861,0,2.348938,0,2,0
4863,0,2.327454,0,2,0
4865,0,2.312752,0,2,0
4867,0,2.30421,0,2,0
4869,0,2.299944,0,1.999924,0
4871,0,2.604713,0,1.999849,0
4873,0,2.80785,0,1.999977,0
4875,0,2.967762,0,2,0
4877,0,2.975115,0,2,0
4879,0,2.982468,0,2,0
4881,0,2.981454,0,2,0
4883,0,2.954508,0,2,0
4885,0,2.999058,0,2,0
4887,0,3,0,2,0
4889,0,3,0,2,0
4891,0,3,0,2,0
4893,0,3,0,2,0
4895,0,3,0,2,0
4897,0,3,0,2,0
4899,0,3,0,2,0
4901,0,3,0,2,0
4903,0,3,0,2,0
4905,0,2.999775,0,1.99987,0
4907,0,2.999748,0,1.999798,0
4909,0,2.999725,0,1.999783,0
4911,0,2.999702,0,1.999767,0
4913,0,2.999542,0,2,0
4915,0,2.999245,0,1.999948,0
4917,0,2.998949,0,1.999843,0
4919,0,2.998427,0,1.99967,0
4921,0,2.997681,0,1.999627,0
4923,0,2.89406,0,2,0
4925,0,2.891462,0,2,0
4927,0,2.944225,0,2,0
4929,0,2.940016,0,2,0
4931,0,2.93588,0,2,0
4933,0,2.931818,0,2,0
4935,0,2.927756,0,2,0
4937,0,2.923693,0,2,0
4939,0,2.919631,0,2,0
4941,0,2.944447,0,2,0
4943,0,2.989474,0,2,0
4945,0,2.988728,0,2,0
4947,0,2.987982,0,2,0
4949,0,2.987236,0,2,0
4951,0,2.98649,0,2,0
4953,0,2.985744,0,2,0
4955,0,2.984998,0,2,0
4957,0,2.984252,0,2,0
4959,0,2.983505,0,2,0
4961,0,2.946079,0,2,0
4963,0,2.877596,0,2,0
4965,0,2.937075,0,2,0
4967,0,2.966648,0,2,0
4969,0,2.982149,0,2,0
4971,0,2.983577,0,2,0
4973,0,2.985005,0,2,0
4975,0,2.985953,0,2,0
4977,0,2.986422,0,2,0
4979,0,2.98689,0,2,0
4981,0,2.987358,0,2,0
4983,0,2.976074,0,2,0
4985,0,2.894392,0,2,0
4987,0,2.867611,0,2.000043,0
4989,0,2.868951,0,2.000086,0
4991,0,2.87029,0,2,0
4993,0,2.871629,0,2,0
4995,0,2.990636,0,2,0
4997,0,2.991104,0,2,0
4999,0,2.991572,0,2,0
5001,0,2.99204,0,2,0
5003,0,3,0,2,0
5005,0,3.019437,0,2,0
5007,0,3.023364,0,2,0
5009,0,3.027291,0,2,0
5011,0,3.031219,0,2,0
5013,0,3.033975,0,2,0
5015,0,3.033337,0,2,0
5017,0,3.029305,0,2,0
5019,0,3.02346,0,2,0
5021,0,3.01554,0,2,0
5023,0,3.005544,0,2,0
5025,0,3.004952,0,2,0
5027,0,3.002281,0,2,0
5029,0,2.974167,0,2,0
5031,0,2.893575,0,2,0
5033,0,2.984246,0,2,0
5035,0,2.97274,0,2.018616,0
5037,0,2.939815,0,2.000393,0
5039,0,2.878325,0,2.000445,0
5041,0,2.780015,0,2,0
5043,0,2.756167,0,2,0
5045,0,2.723788,0,2,0
5047,0,2.700428,0,2,0
5049,0,2.6837,0,2,0
5051,0,2.760309,0,2,0
5053,0,2.802137,0,2,0
5055,0,2.773842,0,2,0
5057,0,2.801471,0,2,0
5059,0,2.914181,0,2,0
5061,0,2.910809,0,2,0
5063,0,2.923053,0,2,0
5065,0,2.99957,0,2.000023,0
5067,0,2.999474,0,2,0
5069,0,2.998581,0,2.000027,0
5071,0,2.998153,0,2,0
5073,0,2.997725,0,2,0
5075,0,2.993749,0,2,0
5077,0,2.989019,0,2.000006,0
5079,0,2.98429,0,2.000073,0
5081,0,3,0,2.000286,0
5083,0,3,0,2.000544,0
5085,0,2.881426,0,2.004317,0
5087,0,2.886444,0,2.000483,0
5089,0,2.891462,0,2.000512,0
5091,0,2.891462,0,2.00054,0
5093,0,2.891462,0,2.000569,0
5095,0,2.891462,0,2.000598,0
5097,0,2.891462,0,2.000627,0
5099,0,2.891462,0,2.000656,0
5101,0,2.891462,0,2.000685,0
5103,0,2.910661,0,2.012812,0
5105,0,2.990369,0,2.009505,0
5107,0,2.9915,0,2.010569,0
5109,0,2.992631,0,2.014456,0
5111,0,2.993762,0,2.015391,0
5113,0,2.994893,0,2.013373,0
5115,0,2.996023,0,2.011355,0
5117,0,2.997093,0,2.009337,0
5119,0,2.998285,0,2.007319,0
5121,0,2.999416,0,2.005301,0
5123,0,3,0,2.003318,0
5125,0,3,0,2.002777,0
5127,0,2.999902,0,2.013701,0
5129,0,2.99979,0,2.05066,0
5131,0,3,0,2.050984,0
5133,0,3,0,2.05193,0
5135,0,3,0,2.051862,0
5137,0,2.999985,0,2.051792,0
5139,0,2.999285,0,2.061619,0
5141,0,2.99215,0,2.047271,0
5143,0,2.983445,0,2.04587,0
5145,0,2.974113,0,2.044469,0
5147,0,2.964782,0,2.043068,0
5149,0,2.956341,0,2.038422,0
5151,0,2.960843,0,2.050654,0
5153,0,2.965345,0,2.050455,0
5155,0,2.986261,0,2.012312,0
5157,0,2.994339,0,2.004144,0
5159,0,2.994625,0,2.004975,0
5161,0,2.999983,0,2.002429,0
5163,0,3,0,2.000486,0
5165,0,3,0,2.000498,0
5167,0,3,0,2.000005,0
5169,0,3,0,2,0
5171,0,3.01192,0,2.000535,0
5173,0,3.012038,0,2.000547,0
5175,0,3.012157,0,2,0
5177,0,3.012275,0,2,0
5179,0,3.012393,0,2,0
5181,0,3.012599,0,2.000041,0
5183,0,3.012893,0,2.000081,0
5185,0,3.012847,0,2.000122,0
5187,0,3.013118,0,2.000162,0
5189,0,3.013388,0,2.000203,0
5191,0,3.013659,0,2.000528,0
5193,0,3.013929,0,2.000284,0
5195,0,3.014212,0,2,0
5197,0,3.014505,0,2,0
5199,0,3.016119,0,2,0
5201,0,3.011709,0,2,0
5203,0,3.009054,0,2,0
5205,0,3.008153,0,2.000065,0
5207,0,3.007252,0,2,0
5209,0,3.006231,0,2,0
5211,0,3.00509,0,2,0
5213,0,3,0,2,0
5215,0,3,0,2,0
5217,0,3.000087,0,2,0
5219,0,3.000091,0,2,0
5221,0,3.000094,0,2,0
5223,0,3.000097,0,2.00021,0
5225,0,3.0001,0,2.000538,0
5227,0,3,0,2.00045,0
5229,0,2.999864,0,2,0
5231,0,2.999777,0,2,0
5233,0,2.99969,0,2,0
5235,0,2.999603,0,2,0
5237,0,2.999607,0,2,0
5239,0,2.999342,0,2,0
5241,0,2.996701,0,2,0
5243,0,2.970624,0,2,0
5245,0,2.916169,0,2,0
5247,0,2.829062,0,2,0
5249,0,2.607328,0,2,0
5251,0,2.644305,0,2,0
5253,0,2.71773,0,2,0
5255,0,2.719281,0,2,0
5257,0,2.720833,0,2,0
5259,0,2.72239,0,2,0
5261,0,2.760911,0,2,0
5263,0,2.738321,0,2,0
5265,0,2.746827,0,2,0
5267,0,2.744152,0,2,0
5269,0,2.733547,0,1.999946,0
5271,0,2.441726,0,1.999905,0
5273,0,2.444384,0,1.999883,0
5275,0,2.493462,0,1.99956,0
5277,0,2.439955,0,1.999402,0
5279,0,2.429818,0,1.995103,0
5281,0,2.260778,0,1.996345,0
5283,0,2.249468,0,1.989154,0
5285,0,2.248879,0,1.975957,0
5287,0,2.262152,0,1.971383,0
5289,0,2.27534,0,1.989999,0
5291,0,2.290827,0,1.958889,0
5293,0,2.332603,0,1.957455,0
5295,0,2.284987,0,1.915828,0
5297,0,2.266222,0,1.920315,0
5299,0,2.214805,0,1.900861,0
5301,0,2.20686,0,1.902391,0
5303,0,2.198994,0,1.889601,0
5305,0,2.18127,0,1.887699,0
5307,0,2.136839,0,1.931982,0
5309,0,2.131327,0,1.992784,0
5311,0,2.129287,0,1.993052,0
5313,0,2.13072,0,1.993321,0
5315,0,2.132152,0,1.992046,0
5317,0,2.133584,0,1.993858,0
5319,0,2.131264,0,1.994924,0
5321,0,2.136448,0,1.994287,0
5323,0,2.13788,0,1.994543,0
5325,0,2.139313,0,1.994569,0
5327,0,2.140744,0,1.995991,0
5329,0,2.161702,0,1.993625,0
5331,0,2.245348,0,1.997448,0
5333,0,2.336205,0,1.999571,0
5335,0,2.337132,0,2,0
5337,0,2.33806,0,2,0
5339,0,2.338988,0,2,0
5341,0,2.501239,0,2,0
5343,0,2.497624,0,2,0
5345,0,2.494008,0,2,0
5347,0,2.479022,0,2,0
5349,0,2.45382,0,2,0
5351,0,2.449255,0,2,0
5353,0,2.521968,0,2,0
5355,0,2.577664,0,2,0
5357,0,2.63331,0,2,0
5359,0,2.630292,0,2,0
5361,0,2.767037,0,2,0
5363,0,2.667256,0,1.999961,0
5365,0,2.588228,0,2,0
5367,0,2.606031,0,2,0
5369,0,2.760772,0,2,0
5371,0,2.631922,0,2,0
5373,0,2.641718,0,2,0
5375,0,2.651515,0,2,0
5377,0,2.658267,0,2,0
5379,0,2.66502,0,2,0
5381,0,2.604649,0,2,0
5383,0,2.541752,0,2,0
5385,0,2.478855,0,2,0
5387,0,2.437508,0,2,0
5389,0,2.428653,0,2,0
5391,0,2.419799,0,2,0
5393,0,2.405826,0,2,0
5395,0,2.379083,0,2,0
5397,0,2.410555,0,2,0
5399,0,2.577008,0,2,0
5401,0,2.725943,0,2,0
5403,0,2.661559,0,2,0
5405,0,2.696326,0,2,0
5407,0,2.713423,0,2,0
5409,0,2.6841,0,2,0
5411,0,2.673262,0,2,0
5413,0,2.689395,0,2,0
5415,0,2.72659,0,2,0
5417,0,2.66969,0,2,0
5419,0,2.664878,0,2,0
5421,0,2.659596,0,2,0
5423,0,2.653843,0,2,0
5425,0,2.593424,0,2,0
5427,0,2.473728,0,2,0
5429,0,2.486777,0,2,0
5431,0,2.499862,0,2,0
5433,0,2.509417,0,2,0
5435,0,2.484769,0,2,0
5437,0,2.349409,0,2,0
5439,0,2.459249,0,2,0
5441,0,2.451974,0,2,0
5443,0,2.444698,0,2,0
5445,0,2.480821,0,2,0
5447,0,2.430147,0,2,0
5449,0,2.422872,0,2,0
5451,0,2.43248,0,2,0
5453,0,2.452261,0,2,0
5455,0,2.457436,0,2,0
5457,0,2.462611,0,2,0
5459,0,2.430204,0,2,0
5461,0,2.430784,0,2,0
5463,0,2.431341,0,2,0
5465,0,2.431898,0,2,0
5467,0,2.432462,0,2,0
5469,0,2.433033,0,2,0
5471,0,2.433039,0,2,0
5473,0,2.43248,0,2,0
5475,0,2.431921,0,2,0
5477,0,2.431361,0,2,0
5479,0,2.430802,0,2,0
5481,0,2.52821,0,2,0
5483,0,2.534611,0,2,0
5485,0,2.546109,0,2,0
5487,0,2.547352,0,2,0
5489,0,2.556268,0,2,0
5491,0,2.570785,0,2,0
5493,0,2.594373,0,2,0
5495,0,2.686949,0,2,0
5497,0,2.694505,0,2,0
5499,0,2.702062,0,2,0
5501,0,2.709619,0,2,0
5503,0,2.717175,0,2,0
5505,0,2.727921,0,2,0
5507,0,2.732289,0,2,0
5509,0,2.739845,0,2.000112,0
5511,0,2.727313,0,2.000458,0
5513,0,2.730245,0,2.002316,0
5515,0,2.725467,0,2.002485,0
5517,0,2.724331,0,2.002374,0
5519,0,2.724409,0,2.001667,0
5521,0,2.752273,0,2.003235,0
5523,0,2.767037,0,2.00564,0
5525,0,2.860527,0,2.020978,0
5527,0,2.913742,0,2.036432,0
5529,0,2.973936,0,2.079234,0
5531,0,2.975115,0,2.079871,0
5533,0,2.997105,0,2.054711,0
5535,0,2.999806,0,2.077158,0
5537,0,2.999774,0,2.109527,0
5539,0,2.99964,0,2.107696,0
5541,1.658441E-05,2.999629,0,2.105787,0
5543,3.502631E-05,2.999995,0,2.102622,0
5545,5.532572E-05,2.999991,0,2.096963,0
5547,7.562512E-05,2.999986,0,2.100924,0
5549,9.592452E-05,2.999982,0,2.107918,0
5551,0.0001162239,2.999977,0,2.14733,0
5553,0.0001365233,2.999869,0,2.130043,0
5555,0.0001568227,2.999098,0,2.136552,0
5557,0.0001771221,2.997771,0,2.160796,0
5559,0.0001974215,2.999935,0,2.150967,0
5561,0.0002177209,3,0,2.146851,0
5563,0.0002380203,3,0,2.161831,0
5565,0.001233494,3,0,2.162972,0
5567,0.002228968,3,0,2.100095,0
5569,0.003224442,3,0,2.086258,0
5571,0.004219915,3,0,2.095782,0
5573,0.005215389,3,0,2.090023,0
5575,0.006210863,3,0,2.115295,0
5577,0.05916415,3,0,2.139894,0
5579,0.1121174,3,0,2.129351,0
5581,0.1650707,3.003168,0,2.160036,0
5583,0.218024,3.003896,0,2.15164,0
5585,0.2707585,3.052876,0,2.143578,0
5587,0.3232743,3.09072,0,2.134546,0
5589,0.37579,3.108095,0,2.131697,0
5591,0.4283057,3.129214,0,2.128843,0
5593,0.4808214,3.145092,0,2.126831,0
5595,0.5333372,3.150128,0,2.132335,0
5597,0.5858529,3.153712,0,2.145396,0
5599,0.6383686,3.157295,0,2.236643,0
5601,0.6908844,3.160879,0,2.236784,0
5603,0.7434,3.164463,0,2.231272,0
5605,0.7959158,3.168046,0,2.240085,0
5607,0.8484315,3.17163,0,2.250246,0
5609,0.9009472,3.175213,0,2.274863,0
5611,0.953463,3.178797,0,2.288375,0
5613,0.9583138,3.209237,0,2.328679,0
5615,0.9631646,3.227422,0,2.390526,0
5617,0.9680154,3.233353,0,2.257808,0
5619,0.9728662,3.239285,0,2.203869,0
5621,0.977717,3.245216,0,2.152438,0
5623,0.9825678,3.251148,0,2.151788,0
5625,0.9874187,3.257079,0,2.15484,0
5627,0.9922695,3.26301,0,2.226307,0
5629,0.9971203,3.268942,0,2.245213,0
5631,0.9980802,3.276189,0,2.705015,0
5633,0.9990401,3.283437,0,2.734211,0
5635,1,3.37233,0,2.793998,0
5637,1,3.629368,0,2.798802,0
5639,1,3.540354,0,2.695147,0
5641,1,3.656523,0,2.736225,0
5643,1,3.81547,0,2.748986,0
5645,1,3.858467,0,2.760607,0
5647,1,3.901416,0,2.797701,0
5649,1,3.922644,0,2.797334,0
5651,1,3.947965,0,2.79703,0
5653,1,3.969963,0,2.815932,0
5655,1,3.848821,0,2.814863,0
5657,1,3.854899,0,2.860291,0
5659,1,3.851566,0,2.889636,0
5661,1,3.849899,0,2.885531,0
5663,1,3.844014,0,2.888179,0
5665,1,3.553133,0,2.854423,0
5667,1,3.50691,0,2.875444,0
5669,1,3.455456,0,2.868418,0
5671,1,3.404001,0,2.862939,0
5673,1,3.352547,0,2.850438,0
5675,1,3.301093,0,2.884037,0
5677,1,3.249638,0,2.803129,0
5679,1,3.198184,0,2.742837,0
5681,1,3.146729,0,2.735051,0
5683,1,3.103844,0,2.735745,0
5685,1,3.103866,0,2.761199,0
5687,1,3.103812,0,2.766289,0
5689,1,3.103353,0,2.766963,0
5691,1,3.102489,0,2.766868,0
5693,1,3.09153,0,2.780005,0
5695,1,3.126922,0,2.876529,0
5697,1,3.121829,0,2.862433,0
5699,1,3.118484,0,2.892667,0
5701,1,3.119598,0,2.897714,0
5703,1,3.36225,0,2.911901,0
5705,1,3.263792,0,2.777834,0
5707,1,3.757303,0,2.777346,0
5709,1,3.829259,0,2.789674,0
5711,1,3.899595,0,2.849836,0
5713,1,3.988611,0,2.989669,0
5715,1,3.99966,0,2.990938,0
5717,1,3.99959,0,2.996537,0
5719,1,3.999555,0,2.999443,0
5721,1,3.999555,0,2.999221,0
5723,1,3.994803,0,2.999013,0
5725,1,3.959722,0,2.998818,0
5727,1,3.912823,0,2.998622,0
5729,1,3.930371,0,2.997832,0
5731,1,3.973936,0,2.998174,0
5733,1,3.998861,0,2.995025,0
5735,1,4,0,2.993165,0
5737,1,4,0,2.995906,0
5739,1,3.944117,0,2.995554,0
5741,0.9999834,3.890368,0,2.999444,0
5743,0.999965,3.889002,0,2.998548,0
5745,0.9999447,3.887239,0,2.999573,0
5747,0.9999244,3.796197,0,2.998795,0
5749,0.9999041,3.831334,0,2.99563,0
5751,0.9998838,3.836469,0,2.993782,0
5753,0.9998635,3.835751,0,2.978775,0
5755,0.9998432,3.645214,0,2.947798,0
5757,0.9998229,3.569337,0,2.909003,0
5759,0.9998026,3.470162,0,2.949299,0
5761,0.9997823,3.304929,0,2.932827,0
5763,0.999762,3.158784,0,2.949372,0
5765,0.9987665,3.158324,0,2.987031,0
5767,0.997771,3.157865,0,2.990631,0
5769,0.9967756,3.425072,0,2.993006,0
5771,0.9957801,3.631645,0,3,0
5773,0.9947847,3.656389,0,3,0
5775,0.9937891,3.767037,0,3,0
5777,0.9408359,3.767037,0,3,0
5779,0.8878826,3.767037,0,3,0
5781,0.8349293,3.95542,0,3,0
5783,0.781976,3.989123,0,3,0
5785,0.7292415,3.99372,0,3,0
5787,0.6767257,3.997091,0,3,0
5789,0.6242101,3.998548,0,2.999955,0
5791,0.5716943,4,0,3,0
5793,0.5191786,3.886445,0,3,0
5795,0.4666629,3.975115,0,3,0
5797,0.4141471,4,0,3,0
5799,0.3616314,3.997646,0,3,0
5801,0.3091157,3.998117,0,3,0
5803,0.2566,3.998588,0,3,0
5805,0.2040842,3.999058,0,3,0
5807,0.1515685,3.998189,0,3,0
5809,0.09905278,3.996042,0,3,0
5811,0.04653705,3.998171,0,3,0
5813,0.04168624,3.999825,0,3,0
5815,0.03683543,4,0,3,0
5817,0.03198462,4,0,3,0
5819,0.0271338,4.00068,0,3,0
5821,0.02228299,4.000655,0,3,0
5823,0.01743218,4.072432,0,3,0
5825,0.01258137,4.071794,0,3,0
5827,0.007730557,4.045666,0,3,0
5829,0.002879745,4.066347,0,3,0
5831,0.00191983,4.036231,0,3,0
5833,0.0009599149,4.033373,0,3,0
5835,0,4.030516,0,3,0
5837,0,4.027659,0,3,0
5839,0,4.025713,0,3,0
5841,0,4.03398,0,3,0
5843,0,4.037406,0,3,0
5845,0,4.040128,0,3,0
5847,0,4.082172,0,3.004014,0
5849,0,4.209232,0,3.000399,0
5851,0,4.384181,0,3.000382,0
5853,0,4.445054,0,3.000364,0
5855,0,4.679925,0,3.00039,0
5857,0,4.149563,0,3.00044,0
5859,0,4.240251,0,3.003535,0
5861,0,4.262372,0,3.018744,0
5863,0,4.266943,0,3.016444,0
5865,0,4.270369,0,3.005207,0
5867,0,4.271095,0,3.003109,0
5869,0,4.272265,0,3.003003,0
5871,0,4.301268,0,3.001604,0
5873,0,4.035135,0,3,0
5875,0,4.014992,0,3,0
5877,0,4.004706,0,3,0
5879,0,4.003098,0,3,0
5881,0,4.002416,0,3,0
5883,0,4.002513,0,3,0
5885,0,4.002609,0,3,0
5887,0,4.002706,0,3,0
5889,0,4.002803,0,3,0
5891,0,4.004187,0,3,0
5893,0,4.007424,0,3,0
5895,0,4.003093,0,3,0
5897,0,4.003191,0,3.00112,0
5899,0,4.003292,0,3.002122,0
5901,0,4.003392,0,3.001076,0
5903,0,4.003366,0,3.001054,0
5905,0,4,0,3.001032,0
5907,0,4,0,3.00101,0
5909,0,4,0,3,0
5911,0,4,0,3,0
5913,0,4,0,3,0
5915,0,4,0,3,0
5917,0,4,0,3,0
5919,0,4,0,3,0
5921,0,4,0,3,0
5923,0,4,0,3,0
5925,0,4,0,3,0
5927,0,4,0,3,0
5929,0,4,0,3,0
5931,0,4,0,3,0
5933,0,4.019755,0,3,0
5935,0,4.018516,0,3,0
5937,0,4.018324,0,3,0
5939,0,4.018133,0,3,0
5941,0,4.017937,0,3,0
5943,0,4.017736,0,2.999682,0
5945,0,4.017536,0,2.998949,0
5947,0,4.017335,0,2.996819,0
5949,0,4.017134,0,2.997269,0
5951,0,4.016824,0,2.993749,0
5953,0,4,0,2.946328,0
5955,0,4,0,2.932483,0
5957,0,4,0,2.923107,0
5959,0,4,0,2.941037,0
5961,0,4,0,2.946065,0
5963,0,4,0,2.940302,0
5965,0,3.999907,0,2.950772,0
5967,0,3.999861,0,2.961679,0
5969,0,3.994803,0,2.874756,0
5971,0,3.959722,0,2.860287,0
5973,0,3.829062,0,2.870813,0
5975,0,3.754159,0,2.88082,0
5977,0,3.757533,0,2.75927,0
5979,0,3.758434,0,2.759032,0
5981,0,3.727047,0,2.697605,0
5983,0,3.69438,0,2.748008,0
5985,0,3.652207,0,2.802994,0
5987,0,3.458015,0,2.702899,0
5989,0,3.605684,0,2.704186,0
5991,0,3.59889,0,2.705474,0
5993,0,3.465999,0,2.33988,0
5995,0,3.468596,0,2.37233,0
5997,0,3.471128,0,2.430821,0
5999,0,3.473782,0,2.489313,0
6001,0,3.476436,0,2.547804,0
6003,0,3.478986,0,2.606295,0
6005,0,3.196915,0,2.664787,0
6007,0,3.199461,0,2.718482,0
6009,0,3.202574,0,2.695937,0
6011,0,3.222658,0,2.602906,0
6013,0,3.439018,0,2.581867,0
6015,0,3.455064,0,2.440953,0
6017,0,3.56155,0,2.307232,0
6019,0,3.655409,0,2.252224,0
6021,0,3.675298,0,2.257267,0
6023,0,3.683748,0,2.248544,0
6025,0,3.489141,0,2.178761,0
6027,0,3.324388,0,2.188651,0
6029,0,3,0,2.195834,0
6031,0,3.049572,0,2.178453,0
6033,0,3.105483,0,2.165385,0
6035,0,3.161393,0,2.149704,0
6037,0,3.00218,0,2.163615,0
6039,0,3.008656,0,2.186733,0
6041,0,3.014822,0,2.095912,0
6043,0,3.020679,0,2.08394,0
6045,0,3.026535,0,2.072142,0
6047,0,3.032392,0,2.059682,0
6049,0,3.038248,0,2.033473,0
6051,0,3.044105,0,2.025112,0
6053,0,3.1529,0,2.022136,0
6055,0,3.145865,0,2.021846,0
6057,0,3.13883,0,2.020283,0
6059,0,3.13149,0,2.005317,0
6061,0,3.122934,0,2.008219,0
6063,0,3.095997,0,2.010102,0
6065,0,3,0,2.001413,0
6067,0,3,0,2,0
6069,0,3,0,2,0
6071,0,3,0,2.000699,0
6073,0,3,0,2.011623,0
6075,0,3,0,2.016956,0
6077,0,3,0,2.02386,0
6079,0,3,0,2.036704,0
6081,0,3.000002,0,2.036017,0
6083,0,3.000005,0,2.035129,0
6085,0,3.000007,0,2.034341,0
6087,0,3.00001,0,2.033554,0
6089,0,3.000012,0,2.030526,0
6091,0,3.000015,0,2.027315,0
6093,0,3.000018,0,2.0136,0
6095,0,3.000021,0,2.003227,0
6097,0,3.000023,0,2.000894,0
6099,0,3.000026,0,2,0
6101,0,3,0,2,0
6103,0,3.000047,0,2,0
6105,0,3.00006,0,2,0
6107,0,3.000073,0,2,0
6109,0,3,0,2,0
6111,0,3.000105,0,2,0
6113,0,3.000178,0,2,0
6115,0,3.000234,0,2,0
6117,0,3.000291,0,2,0
6119,0,3.000407,0,2,0
6121,0,3.000582,0,2,0
6123,0,3.000758,0,2,0
6125,0,3.000934,0,2,0
6127,0,3,0,2,0
6129,0,3,0,2,0
6131,0,3,0,2.000865,0
6133,0,3,0,2,0
6135,0,3,0,2.000213,0
6137,0,3,0,2.000427,0
6139,0,2.999881,0,2.000427,0
6141,0,2.999864,0,2.000427,0
6143,0,2.99983,0,2.00002,0
6145,0,2.999795,0,2.000946,0
6147,0,2.99976,0,2.00083,0
6149,0,2.999725,0,2.0005,0
6151,0,2.99969,0,2.000553,0
6153,0,2.999655,0,2.000415,0
6155,0,2.999621,0,2.000293,0
6157,0,2.999411,0,2.000397,0
6159,0,2.99903,0,2.000717,0
6161,0,2.998649,0,2.001038,0
6163,0,2.998165,0,2.001357,0
6165,0,2.997584,0,2.005245,0
6167,0,2.996271,0,2.007869,0
6169,0,3,0,2.020366,0
6171,0,3,0,2.020221,0
6173,0,3,0,2.057631,0
6175,0,3,0,2.116447,0
6177,0,3,0,2.026875,0
6179,0,3,0,2.138714,0
6181,0,3,0,2.086856,0
6183,0,3,0,2.085886,0
6185,0,3,0,2.083486,0
6187,0,3,0,2.081086,0
6189,0,3,0,2.078091,0
6191,0,3,0,2.101798,0
6193,0,3,0,2.123056,0
6195,0,3,0,2.120527,0
6197,0,3,0,2.117999,0
6199,0,3,0,2.11547,0
6201,0,3,0,2.112941,0
6203,0,3,0,2.114667,0
6205,0,3,0,2.112254,0
6207,0,3,0,2.109841,0
6209,0,3,0,2.107428,0
6211,0,3,0,2.031995,0
6213,0,3,0,2.032239,0
6215,0,3,0,2.051461,0
6217,0,3,0,2.043123,0
6219,0,3.003793,0,2.043249,0
6221,0,3,0,2.042703,0
6223,0,3,0,2.03954,0
6225,0,3,0,2.036356,0
6227,0,2.989901,0,2.043752,0
6229,0,2.999555,0,2.075816,0
6231,0,2.990825,0,2.066149,0
6233,0,2.925286,0,2.064571,0
6235,0,2.99312,0,2.062992,0
6237,0,2.99439,0,2.044141,0
6239,0,2.99517,0,2.044258,0
6241,0,2.998109,0,2.044374,0
6243,0,2.99937,0,2.044491,0
6245,0,3,0,2.044607,0
6247,0,3,0,2.018153,0
6249,0,3,0,2.01844,0
6251,0,3,0,2.018854,0
6253,0,3,0,2.017137,0
6255,0,3,0,2.017564,0
6257,0,3,0,2.017992,0
6259,0,3,0,2.018412,0
6261,0,3,0,2.022265,0
6263,0,3,0,2.03008,0
6265,0,3,0,2.029389,0
6267,0,3,0,2.029157,0
6269,0,3,0,2.029386,0
6271,0,3,0,2.012845,0
6273,0,3,0,2.00893,0
6275,0,3,0,2.029888,0
6277,0,3.000427,0,2.025571,0
6279,0,3.0005,0,2.013945,0
6281,0,3.000646,0,2.011576,0
6283,0,3.000791,0,2.011713,0
6285,0,3.000877,0,2.001266,0
6287,0,3.000963,0,2.002341,0
6289,0,3.001049,0,2.012124,0
6291,0,3.001134,0,2.016509,0
6293,0,3.00122,0,2.016935,0
6295,0,3.001306,0,2.026418,0
6297,0,3.00168,0,2.04008,0
6299,0,3.002055,0,2.044894,0
6301,0,3.002429,0,2.086688,0
6303,0,3.002966,0,2.107619,0
6305,0,3.003502,0,2.075043,0
6307,0,3.004038,0,2.069221,0
6309,0,3.004575,0,2.223701,0
6311,0,3,0,2.251083,0
6313,0,3,0,2.060016,0
6315,0,3,0,2.256194,0
6317,0,3,0,2.34167,0
6319,0,3,0,2.410704,0
6321,0,3,0,2.416143,0
6323,0,3,0,2.419234,0
6325,0,3,0,2.411959,0
6327,0,3,0,2.404683,0
6329,0,3,0,2.429553,0
6331,0,3.00531,0,2.479522,0
6333,0,3.005471,0,2.478922,0
6335,0,3.005631,0,2.446158,0
6337,0,3.005791,0,2.406813,0
6339,0,3.005951,0,2.436148,0
6341,0,3.004879,0,2.427196,0
6343,0,3,0,2.475922,0
6345,0,3.006429,0,2.573903,0
6347,0,3.006588,0,2.583272,0
6349,0,3.006719,0,2.662147,0
6351,0,3.006823,0,2.672477,0
6353,0,3.004264,0,2.65282,0
6355,0,3.005316,0,2.603747,0
6357,0,3.023419,0,2.55004,0
6359,0,3.023889,0,2.548765,0
6361,0,3.051232,0,2.617929,0
6363,0,3.05034,0,2.500705,0
6365,0,3.055907,0,2.497378,0
6367,0,3.050994,0,2.349087,0
6369,0,3.020038,0,2.158031,0
6371,0,3.000271,0,2.106215,0
6373,0,3,0,2.059524,0
6375,0,3,0,2.079229,0
6377,0,3,0,2.128247,0
6379,0,2.999924,0,2.076809,0
6381,0,2.981568,0,2.07426,0
6383,0,2.982451,0,2.078711,0
6385,0,2.983335,0,2.069161,0
6387,0,2.984219,0,2.066611,0
6389,0,2.985102,0,2.065724,0
6391,0,2.985986,0,2.066499,0
6393,0,2.949858,0,2.108825,0
6395,0,2.918747,0,2.120292,0
6397,0,2.987827,0,2.069579,0
6399,0,2.978785,0,2.15187,0
6401,0,2.988939,0,2.088974,0
6403,0,2.989324,0,2.173569,0
6405,0,2.989709,0,2.170362,0
6407,0,2.995465,0,2.215027,0
6409,0,3,0,2.346491,0
6411,0,3.000566,0,2.268301,0
6413,0,3.001887,0,2.262394,0
6415,0,3.001929,0,2.278184,0
6417,0,3.002829,0,2.304929,0
6419,0,3.002915,0,2.371785,0
6421,0,3.003001,0,2.355976,0
6423,0,3.003087,0,2.399127,0
6425,0,3.004973,0,2.391748,0
6427,0,3.008878,0,2.382545,0
6429,0,3.012784,0,2.292854,0
6431,0,3.016689,0,2.361516,0
6433,0,3.003516,0,2.347157,0
6435,0,3.00275,0,2.310553,0
6437,0,3.00285,0,2.375558,0
6439,0,3.002949,0,2.44449,0
6441,0,3.003155,0,2.516294,0
6443,2.300946E-06,3.003361,0,2.476894,0
6445,6.902837E-06,3.003567,0,2.488027,0
6447,1.150473E-05,3.003723,0,2.542578,0
6449,1.610662E-05,3.003721,0,2.534632,0
6451,3.154548E-05,3.00365,0,2.616077,0
6453,4.698434E-05,3.003516,0,2.557805,0
6455,0.0001340386,3.003383,0,2.519623,0
6457,0.0002927083,3.002079,0,2.499832,0
6459,0.0004513781,3.001332,0,2.439317,0
6461,0.0006100478,3.001357,0,2.435141,0
6463,0.0007687175,3.004281,0,2.347628,0
6465,0.01478174,3.004313,0,2.315706,0
6467,0.05141334,3.004344,0,2.340483,0
6469,0.1106635,3.004376,0,2.338502,0
6471,0.1699137,3.004408,0,2.319873,0
6473,0.2291639,3.001503,0,2.275222,0
6475,0.288414,3.000463,0,2.272501,0
6477,0.3476642,3.000472,0,2.267597,0
6479,0.4069144,3.000481,0,2.212995,0
6481,0.4661645,3.00049,0,2.147527,0
6483,0.5254147,3.000499,0,2.153392,0
6485,0.5846649,3.000508,0,2.091105,0
6487,0.6439151,3.000517,0,2.110854,0
6489,0.7533312,3.000527,0,2.091949,0
6491,0.9129134,3.000536,0,2.134564,0
6493,0.9357373,3.000545,0,2.137806,0
6495,0.9585612,3.000554,0,2.158241,0
6497,0.9729759,3,0,2.17441,0
6499,0.9789813,3,0,2.123848,0
6501,0.9849867,3,0,2.123188,0
6503,0.990992,3,0,2.122527,0
6505,0.9969974,3,0,2.101616,0
6507,1,3,0,2.086654,0
6509,1,3.000618,0,2.119906,0
6511,1,3.000627,0,2.118166,0
6513,1,3.000637,0,2.115937,0
6515,1,3.0015,0,2.112331,0
6517,1,3.000655,0,2.136188,0
6519,1,3.003287,0,2.131227,0
6521,1,3.003114,0,2.148669,0
6523,1,3.002942,0,2.235347,0
6525,1,3.002769,0,2.325707,0
6527,1,3.002597,0,2.349044,0
6529,1,3.002398,0,2.290932,0
6531,1,3.002173,0,2.276996,0
6533,1,3.001834,0,2.325939,0
6535,1,3.001422,0,2.277974,0
6537,1,3.002429,0,2.34321,0
6539,1,3.016053,0,2.432297,0
6541,1,3.011842,0,2.509289,0
6543,1,3.002321,0,2.496038,0
6545,1,3.001405,0,2.56441,0
6547,1,3.001454,0,2.445568,0
6549,1,3.001503,0,2.583203,0
6551,1,3.001552,0,2.583362,0
6553,1,3.001601,0,2.60209,0
6555,1,3.001651,0,2.645916,0
6557,1,3.0017,0,2.63524,0
6559,1,3.001749,0,2.614765,0
6561,1,3,0,2.536876,0
6563,1,3,0,2.481832,0
6565,1,3,0,2.476065,0
6567,1,3,0,2.47638,0
6569,1,3,0,2.456324,0
6571,1,3,0,2.382302,0
6573,1,3.001166,0,2.4187,0
6575,1,3,0,2.404933,0
6577,1,3,0,2.492201,0
6579,1,3.000047,0,2.498359,0
6581,1,3.000095,0,2.534377,0
6583,1,3.006391,0,2.56502,0
6585,1,3.00019,0,2.539425,0
6587,1,3.000237,0,2.451807,0
6589,1,3.000285,0,2.559728,0
6591,1,3.01707,0,2.556651,0
6593,1,3.017678,0,2.580372,0
6595,1,3.018681,0,2.545579,0
6597,1,3.019591,0,2.532407,0
6599,1,3.020502,0,2.598662,0
6601,1,3.021134,0,2.60443,0
6603,1,3.020812,0,2.271124,0
6605,1,3.020489,0,2.279137,0
6607,1,3.020167,0,2.256205,0
6609,1,3.019845,0,2.252794,0
6611,1,3.019522,0,2.247727,0
6613,1,3.0192,0,2.129023,0
6615,1,3.018877,0,2.116843,0
6617,1,3,0,2.172922,0
6619,1,3,0,2.138051,0
6621,1,3,0,2.113483,0
6623,1,3,0,2.110488,0
6625,1,3,0,2.114754,0
6627,1,3,0,2.11902,0
6629,1,3,0,2.123286,0
6631,1,3,0,2.131257,0
6633,1,3,0,2.161749,0
6635,1,3,0,2.110343,0
6637,1,3,0,2.050323,0
6639,1,3,0,2.085483,0
6641,1,3,0,2.105312,0
6643,0.9999978,3,0,2.120828,0
6645,0.9999931,2.999951,0,2.073753,0
6647,0.9999886,2.999937,0,2.022389,0
6649,0.999984,3,0,2.074533,0
6651,0.9999685,3,0,2.094285,0
6653,0.9999531,3,0,2.058959,0
6655,0.999866,3,0,2.064118,0
6657,0.9997073,2.995069,0,2.076148,0
6659,0.9995487,2.998356,0,2.154687,0
6661,0.99939,3,0,2.180252,0
6663,0.9992313,3,0,2.18329,0
6665,0.9852183,3,0,2.186329,0
6667,0.9485868,3,0,2.164104,0
6669,0.8893366,3,0,2.192405,0
6671,0.8300864,3,0,2.195444,0
6673,0.7708362,3,0,2.197389,0
6675,0.7115861,3,0,2.197936,0
6677,0.6523359,3,0,2.20456,0
6679,0.5930857,3,0,2.207598,0
6681,0.5338355,3,0,2.210515,0
6683,0.4745854,3,0,2.206191,0
6685,0.4153352,3,0,2.197814,0
6687,0.356085,3,0,2.20066,0
6689,0.2466688,3,0,2.197766,0
6691,0.0870867,3,0,2.195465,0
6693,0.06426276,3.001357,0,2.197717,0
6695,0.04143881,3.005317,0,2.197693,0
6697,0.02702416,3.009349,0,2.197669,0
6699,0.02101879,3.035014,0,2.209821,0
6701,0.01501342,3.225241,0,2.240737,0
6703,0.009008053,3.277903,0,2.294818,0
6705,0.003002684,3.278351,0,2.364756,0
6707,0,3.278074,0,2.364381,0
6709,0,3.40989,0,2.374228,0
6711,0,3.411152,0,2.374233,0
6713,0,3.412413,0,2.363256,0
6715,0,3.801553,0,2.425184,0
6717,0,3.606615,0,2.416865,0
6719,0,3.416197,0,2.410393,0
6721,0,3.452247,0,2.325678,0
6723,0,3.527021,0,2.375755,0
6725,0,3.507595,0,2.740343,0
6727,0,3.479593,0,2.761702,0
6729,0,3.416012,0,2.755425,0
6731,0,3.422688,0,2.767037,0
6733,0,3.426001,0,2.767037,0
6735,0,3.405775,0,2.767037,0
6737,0,3.420343,0,2.767037,0
6739,0,3.424239,0,2.663349,0
6741,0,3.447629,0,2.6766,0
6743,0,3.396437,0,2.665127,0
6745,0,3.319075,0,2.647879,0
6747,0,3.325626,0,2.638715,0
6749,0,3.332177,0,2.652608,0
6751,0,3.338723,0,2.629823,0
6753,0,3.345264,0,2.628549,0
6755,0,3.351805,0,2.627275,0
6757,0,3.358346,0,2.631725,0
6759,0,3.364887,0,2.671942,0
6761,0,3.333333,0,2.623451,0
6763,0,3.341025,0,2.622177,0
6765,0,3.345446,0,2.632741,0
6767,0,3.208452,0,2.61935,0
6769,0,3.209241,0,2.6181,0
6771,0,3.21003,0,2.617754,0
6773,0,3.171697,0,2.604238,0
6775,0,3.21214,0,2.526787,0
6777,0,3.213283,0,2.495277,0
6779,0,3.214426,0,2.501635,0
6781,0,3.215569,0,2.448476,0
6783,0,3.272264,0,2.420374,0
6785,0,3.217856,0,2.419004,0
6787,0,3.219,0,2.417633,0
6789,0,3.220143,0,2.416263,0
6791,0,3.221286,0,2.414892,0
6793,0,3.22243,0,2.45207,0
6795,0,3.223573,0,2.426151,0
6797,0,3.224716,0,2.40734,0
6799,0,3.131751,0,2.428752,0
6801,0,3.134565,0,2.450163,0
6803,0,3.13738,0,2.471575,0
6805,0,3.140356,0,2.476667,0
6807,0,3.143332,0,2.467273,0
6809,0,3.146307,0,2.482153,0
6811,0,3.153623,0,2.498951,0
6813,0,3.217332,0,2.500708,0
6815,0,3.217085,0,2.435757,0
6817,0,3.23615,0,2.500094,0
6819,0,3.237293,0,2.499371,0
6821,0,3.389542,0,2.498647,0
6823,0,3.425,0,2.470162,0
6825,0,3.333311,0,2.441061,0
6827,0,3.270115,0,2.411958,0
6829,0,3.291634,0,2.382857,0
6831,0,3.387581,0,2.351686,0
6833,0,3.412954,0,2.486357,0
6835,0,3.412954,0,2.436806,0
6837,0,3.306347,0,2.33975,0
6839,0,3.214049,0,2.269206,0
6841,0,3.212588,0,2.259611,0
6843,0,3.211127,0,2.308356,0
6845,0,3.209665,0,2.414626,0
6847,0,3.208204,0,2.380781,0
6849,0,3.206743,0,2.305203,0
6851,0,3.173493,0,2.295628,0
6853,0,3.171413,0,2.25054,0
6855,0,3.169333,0,2.246281,0
6857,0,3.167248,0,2.227709,0
6859,0,3.16516,0,2.27651,0
6861,0,3.245582,0,2.276144,0
6863,0,3.302141,0,2.241393,0
6865,0,3.321657,0,2.234697,0
6867,0,3.331533,0,2.372284,0
6869,0,3.301062,0,2.479262,0
6871,0,3.315129,0,2.475178,0
6873,0,3.329196,0,2.487945,0
6875,0,3.32825,0,2.482894,0
6877,0,3.328634,0,2.472599,0
6879,0,3.333943,0,2.482578,0
6881,0,3.343385,0,2.527346,0
6883,0,3.387717,0,2.577345,0
6885,0,3.319417,0,2.58736,0
6887,0,3.251117,0,2.67354,0
6889,0,3.287427,0,2.650212,0
6891,0,3.423059,0,2.631085,0
6893,0,3.394176,0,2.641262,0
6895,0,3.203538,0,2.664996,0
6897,0,3.203126,0,2.656324,0
6899,0,3.202714,0,2.759129,0
6901,0,3.202302,0,2.765888,0
6903,0,3.20189,0,2.766394,0
6905,0,3.197006,0,2.76138,0
6907,0,3.087034,0,2.75192,0
6909,0,3.05039,0,2.789019,0
6911,0,3.025457,0,2.783844,0
6913,0,3.012234,0,2.800457,0
6915,0,3.011589,0,2.652078,0
6917,0,3.011136,0,2.541284,0
6919,0,3.006155,0,2.565189,0
6921,0,3.008356,0,2.556782,0
6923,0,3.00885,0,2.496099,0
6925,0,3.007963,0,2.390794,0
6927,0,3.007463,0,2.456081,0
6929,0,3.007139,0,2.492365,0
6931,0,3.016344,0,2.477794,0
6933,0,3.018901,0,2.460639,0
6935,0,3.021412,0,2.443483,0
6937,0,3.020644,0,2.404595,0
6939,0,3.019854,0,2.436983,0
6941,0,3.019058,0,2.449531,0
6943,0,3.018259,0,2.445673,0
6945,0,3.007421,0,2.421159,0
6947,0,3.005756,0,2.389065,0
6949,0,3.005179,0,2.216161,0
6951,0,3,0,2.202185,0
6953,0,3,0,2.18821,0
6955,0,3,0,2.174235,0
6957,0,3,0,2.194017,0
6959,0,3,0,2.224456,0
6961,0,3,0,2.234001,0
6963,0,3,0,2.243782,0
6965,0,3,0,2.038223,0
6967,0,3,0,2.038106,0
6969,0,3,0,2.037989,0
6971,0,3,0,2.037872,0
6973,0,3,0,2.037755,0
6975,0,3,0,2.003181,0
6977,0,3,0,2.015625,0
6979,0,3,0,2.030027,0
6981,0,3,0,2.01278,0
6983,0,3,0,2.015625,0
6985,0,3.000502,0,2.033948,0
6987,0,3.000774,0,2.075764,0
6989,0,3.000861,0,2.093887,0
6991,0,3.000948,0,2.051371,0
6993,0,3.001035,0,2.048811,0
6995,0,3.001122,0,2.054242,0
6997,0,3.001219,0,2.022881,0
6999,0,3.001315,0,2.017293,0
7001,0,3.001411,0,2.017502,0
7003,0,3,0,2.017365,0
7005,0,3.012708,0,2.012372,0
7007,0,3.026188,0,2.018127,0
7009,0,3.057897,0,2.015225,0
7011,0,3.056725,0,2.018544,0
7013,0,3.055404,0,2.025599,0
7015,0,3.054084,0,2.039502,0
7017,0,3,0,2.003235,0
7019,0,3,0,2.003064,0
7021,0,3,0,2.002707,0
7023,0,3,0,2.001107,0
7025,0,3,0,2.002872,0
7027,0,3,0,2.002955,0
7029,0,3,0,2.001513,0
7031,0,3.038512,0,2.002155,0
7033,0,3.038512,0,2.00013,0
7035,0,3.037545,0,2.003263,0
7037,0,3.036578,0,2.003267,0
7039,0,3.03561,0,2.00327,0
7041,0,3.034643,0,2.003273,0
7043,0,3.033878,0,2.00143,0
7045,0,3,0,2.003279,0
7047,0,3,0,2.003782,0
7049,0,3,0,2.003864,0
7051,0,3.031628,0,2.003947,0
7053,0,3.031065,0,2.022073,0
7055,0,3.030503,0,2.020046,0
7057,0,3.02994,0,2.029078,0
7059,0,3.02722,0,2.049119,0
7061,0,3.025861,0,2.032069,0
7063,0,3.033817,0,2.019646,0
7065,0,3.034472,0,2.020185,0
7067,0,3.034904,0,2.020723,0
7069,0,3.035114,0,2.021261,0
7071,0,3.030347,0,2.013873,0
7073,0,3.02558,0,2.022208,0
7075,0,3.020813,0,2.022681,0
7077,0,3.015689,0,2.00798,0
7079,0,3.014732,0,2.001376,0
7081,0,3.004067,0,2.000096,0
7083,0,3,0,2,0
7085,0,3,0,2,0
7087,0,3,0,2,0
7089,0,3,0,2,0
7091,0,3,0,2.000023,0
7093,0,3,0,2.000093,0
7095,0,3,0,2.000244,0
7097,0,2.999981,0,2,0
7099,0,2.999974,0,2,0
7101,0,2.999968,0,2,0
7103,0,2.999962,0,2,0
7105,0,2.999955,0,2,0
7107,0,2.999949,0,2,0
7109,0,2.999767,0,2,0
7111,0,2.99941,0,2,0
7113,0,2.988722,0,2,0
7115,0,2.912861,0,2,0
7117,0,2.962194,0,2,0
7119,0,3.030336,0,2,0
7121,0,3.003695,0,2,0
7123,0,3,0,2,0
7125,0,3,0,2,0
7127,0,3,0,2,0
7129,0,3,0,2,0
7131,0,3,0,2,0
7133,0,3,0,2,0
7135,0,3,0,2,0
7137,0,3,0,2,0
7139,0,3,0,2,0
7141,0,3,0,2,0
7143,0,3,0,2,0
7145,0,3,0,2,0
7147,0,3,0,2.001299,0
7149,0,3,0,2.003466,0
7151,0,3,0,2.003255,0
7153,0,3,0,2.003045,0
7155,0,3,0,2.002835,0
7157,0,3,0,2.002624,0
7159,0,2.994684,0,2.002414,0
7161,0,2.993222,0,2.002203,0
7163,0,2.991761,0,2.010179,0
7165,0,2.979923,0,2.005091,0
7167,0,2.987633,0,2.010054,0
7169,0,2.986463,0,2.02495,0
7171,0,2.985293,0,2.028203,0
7173,0,2.984123,0,2.025093,0
7175,0,2.982953,0,2.05228,0
7177,0,2.987425,0,2.054879,0
7179,0,3,0,2.057806,0
7181,0,3,0,2.05801,0
7183,0,3,0,2.058215,0
7185,0,3,0,2.058319,0
7187,0,3,0,2.051617,0
7189,0,3,0,2.051194,0
7191,0,3,0,2.05863,0
7193,0,3,0,2.087243,0
7195,0,3,0,2.089325,0
7197,0,3,0,2.05894,0
7199,0,2.983734,0,2.090671,0
7201,0,2.977631,0,2.059147,0
7203,0,2.943341,0,2.05925,0
7205,0,2.917058,0,2.059354,0
7207,0,2.933916,0,2.055266,0
7209,0,2.951176,0,2.059561,0
7211,0,2.968437,0,2.059664,0
7213,0,2.985697,0,2.059768,0
7215,0,2.996218,0,2.059871,0
7217,0,3,0,2.059975,0
7219,0,3,0,2.060396,0
7221,0,3,0,2.060817,0
7223,0,3,0,2.061238,0
7225,0,3,0,2.061659,0
7227,0,3,0,2.06208,0
7229,0,3,0,2.05996,0
7231,0,3,0,2.041928,0
7233,0,2.999773,0,2.073624,0
7235,0,3,0,2.067914,0
7237,0,3,0,2.071539,0
7239,0,3,0,2.064606,0
7241,0,3,0,2.065027,0
7243,0,3,0,2.056465,0
7245,0,3,0,2.026475,0
7247,0,3,0,2.019405,0
7249,0,3,0,2.014879,0
7251,0,3,0,2.000172,0
7253,0,3,0,2,0
7255,0,3,0,2,0
7257,0,3,0,2,0
7259,0,3,0,2,0
7261,0,3,0,2,0
7263,0,3,0,2,0
7265,0,2.999961,0,2,0
7267,0,2.999922,0,2.01764,0
7269,0,2.999883,0,2.003695,0
7271,0,2.999628,0,2.000791,0
7273,0,2.995729,0,2.000484,0
7275,0,2.988187,0,2,0
7277,0,2.970624,0,2,0
7279,0,3,0,2.000011,0
7281,0,3,0,2.000065,0
7283,0,3,0,2.000194,0
7285,0,3,0,2.001086,0
7287,0,3,0,2.002049,0
7289,0,2.999773,0,2.00117,0
7291,0,2.999555,0,2.00049,0
7293,0,2.999555,0,2.000635,0
7295,0,2.994803,0,2,0
7297,0,2.976755,0,2,0
7299,0,2.973763,0,2,0
7301,0,2.970771,0,2,0
7303,0,2.941252,0,2,0
7305,0,2.99779,0,2,0
7307,0,2.996936,0,2,0
7309,0,2.996082,0,2,0
7311,0,2.995228,0,2,0
7313,0,2.989462,0,2,0
7315,0,2.991731,0,2,0
7317,0,2.994459,0,2,0
7319,0,3,0,2,0
7321,0,3.060959,0,2,0
7323,0,3.096703,0,2,0
7325,0,3.097156,0,2,0
7327,0,3.02569,0,2,0
7329,0,3.025726,0,2,0
7331,0,3.02572,0,2,0
7333,0,3.025587,0,2,0
7335,0,3.025542,0,2,0
7337,0,3.025496,0,2,0
7339,0,3.02545,0,2,0
7341,0,3.025404,0,2,0
7343,0,3.025253,0,2,0
7345,0,3.024995,0,2,0
7347,0,3.017021,0,2,0
7349,0,3.009203,0,2,0
7351,0,3.002901,0,2,0
7353,0,3.000409,0,2,0
7355,0,3,0,2,0
7357,0,3,0,2,0
7359,0,3,0,2,0
7361,0,3,0,2,0
7363,0,3,0,2,0
7365,0,2.978212,0,2,0
7367,0,2.968412,0,2,0
7369,0,2.97324,0,2,0
7371,0,2.966931,0,2,0
7373,0,2.95215,0,2,0
7375,0,2.937368,0,2,0
7377,0,2.891463,0,2,0
7379,0,2.891463,0,2,0
7381,0,2.891463,0,2,0
7383,0,2.891463,0,2,0
7385,0,2.999961,0,2,0
7387,0,3,0,2.001962,0
7389,0,2.999987,0,2.005291,0
7391,0,2.999974,0,2,0
7393,0,2.999961,0,2,0
7395,0,2.999949,0,2,0
7397,0,2.995728,0,2,0
7399,0,2.988722,0,2,0
7401,0,2.981715,0,2.002526,0
7403,0,2.906457,0,2.011742,0
7405,0,2.891463,0,2.011843,0
7407,0,2.891463,0,2.007201,0
7409,0,2.891463,0,2.012046,0
7411,0,2.891463,0,2.012147,0
7413,0,2.891463,0,2.011709,0
7415,0,2.969664,0,2.009054,0
7417,0,2.990882,0,2.008153,0
7419,0,2.958889,0,2.003428,0
7421,0,2.926897,0,2.006024,0
7423,0,2.894904,0,2.003462,0
7425,0,2.891463,0,2.003479,0
7427,0,2.891463,0,2.002065,0
7429,0,2.891463,0,2.002027,0
7431,0,2.891463,0,2.00353,0
7433,0,2.891463,0,2.003935,0
7435,0,2.861697,0,2.009521,0
7437,0,2.922423,0,2.013214,0
7439,0,2.941443,0,2.010009,0
7441,0,2.960463,0,2.00916,0
7443,0,2.972476,0,2.007224,0
7445,0,2.97748,0,2.007741,0
7447,0,2.982485,0,2.006132,0
7449,0,2.987489,0,2.005782,0
7451,0,2.992429,0,2.004397,0
7453,0,2.983005,0,2.003669,0
7455,0,2.850352,0,2.003638,0
7457,0,2.777797,0,2.003608,0
7459,0,2.804127,0,2.003577,0
7461,0,2.849978,0,2.003546,0
7463,0,2.86055,0,2.003328,0
7465,0,2.87435,0,2.002977,0
7467,0,2.915405,0,2.001633,0
7469,0,2.923644,0,2.000853,0
7471,0,2.896966,0,2.001053,0
7473,0,2.901308,0,2.000002,0
7475,0,2.90565,0,2.000002,0
7477,0,2.909992,0,2,0
7479,0,2.887281,0,2,0
7481,0,2.888954,0,2,0
7483,0,2.829062,0,2,0
7485,0,2.629283,0,2,0
7487,0,2.760111,0,2,0
7489,0,2.829753,0,2,0
7491,0,2.891463,0,2,0
7493,0,2.891463,0,2,0
7495,0,2.891463,0,2,0
7497,0,2.891461,0,2,0
7499,0,2.891459,0,2,0
7501,0,2.891457,0,2,0
7503,0,2.891455,0,2,0
7505,0,2.891454,0,2,0
7507,0,2.86567,0,2,0
7509,0,2.876907,0,2,0
7511,0,2.883408,0,2,0
7513,0,2.887172,0,2,0
7515,0,2.819578,0,2,0
7517,0,2.849596,0,2,0
7519,0,2.891408,0,2,0
7521,0,2.845175,0,2,0
7523,0,2.846652,0,2,0
7525,0,2.822552,0,2,0
7527,0,2.654259,0,2,0
7529,0,2.652424,0,2,0
7531,0,2.523982,0,1.999984,0
7533,0,2.647843,0,1.998859,0
7535,0,2.811414,0,1.999911,0
7537,0,2.804485,0,1.999843,0
7539,0,2.880932,0,1.999775,0
7541,0,2.999527,0,1.999707,0
7543,0,2.999413,0,1.999639,0
7545,0,2.9993,0,1.999571,0
7547,0,2.999928,0,2,0
7549,0,2.999917,0,2,0
7551,0,2.999905,0,2,0
7553,0,2.999894,0,2,0
7555,0,2.999883,0,2,0
7557,0,2.999855,0,2,0
7559,0,2.999826,0,2,0
7561,0,2.999798,0,2,0
7563,0,2.99965,0,2,0
7565,0,2.999399,0,2,0
7567,0,2.999248,0,2,0
7569,0,2.999097,0,2,0
7571,0,2.998946,0,2,0
7573,0,2.998644,0,2,0
7575,0,2.997836,0,2,0
7577,0,2.994684,0,2,0
7579,0,2.991781,0,2,0
7581,0,2.987989,0,2,0
7583,0,2.984074,0,2,0
7585,0,2.984885,0,2,0
7587,0,2.924681,0,2,0
7589,0,2.92129,0,2,0
7591,0,2.856228,0,2,0
7593,0,2.830833,0,2,0
7595,0,2.805438,0,2,0
7597,0,2.780042,0,2,0
7599,0,2.754647,0,2,0
7601,0,2.729252,0,2,0
7603,0,2.740979,0,2,0
7605,0,2.794595,0,2,0
7607,0,2.841317,0,2,0
7609,0,2.84648,0,2,0
7611,0,2.851643,0,2,0
7613,0,2.876244,0,2,0
7615,0,2.910449,0,2,0
7617,0,2.867132,0,2,0
7619,0,2.872295,0,2,0
7621,0,2.877458,0,2,0
7623,0,2.881471,0,2,0
7625,0,2.884333,0,2,0
7627,0,2.887195,0,2,0
7629,0,2.890056,0,2,0
7631,0,2.892918,0,2,0
7633,0,2.89578,0,2,0
7635,0,2.898642,0,2,0
7637,0,2.999555,0,2,0
7639,0,2.999555,0,2,0
7641,0,2.998367,0,2,0
7643,0,2.997179,0,2,0
7645,0,2.995991,0,2,0
7647,0,2.994803,0,2,0
7649,0,2.995808,0,2,0
7651,0,2.999631,0,2,0
7653,0,2.999561,0,2,0
7655,0,2.999491,0,2,0
7657,6.489548E-05,2.999421,0,2,0
7659,0.000129791,2.999351,0,2,0
7661,0.0001946865,2.967133,0,2,0
7663,0.0002251019,2.971131,0,2,0
7665,0.0002825382,2.975129,0,2,0
7667,0.0003669953,2.996575,0,2,0
7669,0.002799248,2.998087,0,2,0
7671,0.006097264,3,0,2,0
7673,0.009063711,3,0,2,0
7675,0.01203016,3,0,2,0
7677,0.01499661,3,0,2,0
7679,0.01796305,3,0,2,0
7681,0.3150327,3,0,2,0
7683,0.4871969,3,0,2,0
7685,0.5344557,3,0,2,0
7687,0.5987655,3,0,2,0
7689,0.6957272,3,0,2,0
7691,0.8253407,3,0,2,0
7693,0.9988187,3,0,2,0
7695,1.172297,3,0,2,0
7697,1.345775,3,0,2,0
7699,1.519252,3,0,2,0
7701,1.8366,3,0,2,0
7703,1.885767,3,0,2,0
7705,1.934934,3,0,2,0
7707,1.98252,3,0,2,0
7709,2.028527,3,0,2,0
7711,2.069104,2.999974,0,2,0
7713,2.109682,2.999773,0,2,0
7715,2.15026,2.999771,0,2,0
7717,2.191921,2.999555,0,2,0
7719,2.233583,2.992427,0,2,0
7721,2.275244,2.850991,0,2,0
7723,2.300952,2.886506,0,2.002189,0
7725,2.326659,2.97214,0,2.003547,0
7727,2.352367,2.997518,0,2,0
7729,2.404594,2.995482,0,2,0
7731,2.46208,2.993445,0,2.000962,0
7733,2.524822,2.981525,0,2.001306,0
7735,2.587565,2.959722,0,2.003695,0
7737,2.640582,2.907458,0,2.002965,0
7739,2.683872,2.859057,0,2.003695,0
7741,2.727163,2.860699,0,2.004469,0
7743,2.770454,2.850079,0,2.003605,0
7745,2.813744,2.839459,0,2.001926,0
7747,2.855191,2.828839,0,2.000248,0
7749,2.896655,2.818222,0,2.000136,0
7751,2.938135,2.762492,0,2.000194,0
7753,2.98064,2.762513,0,2.001887,0
7755,3.003517,2.762535,0,2,0
7757,3.006768,2.754328,0,2,0
7759,3.007735,2.755052,0,2.000039,0
7761,3.010102,2.756555,0,2.000147,0
7763,3.013867,2.741832,0,2.000117,0
7765,3.020046,2.741812,0,2.000245,0
7767,3.031489,2.741793,0,2.000373,0
7769,3.06297,2.656527,0,2.0005,0
7771,3.241685,2.585799,0,2.003014,0
7773,3.503883,2.576241,0,2,0
7775,3.70233,2.608355,0,2.002957,0
7777,3.900777,2.64047,0,2,0
7779,4,2.656112,0,2.002012,0
7781,4,2.683455,0,2.004303,0
7783,4,2.701407,0,2,0
7785,4,2.719359,0,2.001699,0
7787,4,2.776597,0,2,0
7789,4,2.77567,0,2,0
7791,4,2.807819,0,2.000195,0
7793,4,2.829879,0,2.001282,0
7795,4,2.908031,0,2.001962,0
7797,4,2.909663,0,2.001106,0
7799,4,2.911294,0,2.003062,0
7801,4,2.912926,0,2.002769,0
7803,4,2.91633,0,2.005914,0
7805,4,2.921505,0,2.005379,0
7807,4,2.926836,0,2.004583,0
7809,4,2.932323,0,2.003787,0
7811,4,2.938993,0,2.004968,0
7813,4,2.946846,0,2.004731,0
7815,4,2.953499,0,2.004495,0
7817,4,2.958952,0,2.004258,0
7819,4,2.964406,0,2.004022,0
7821,4,2.994482,0,2.006673,0
7823,4,2.993659,0,2.019215,0
7825,4,2.992272,0,2.013338,0
7827,4,2.990885,0,2.032391,0
7829,4,2.989497,0,2.028136,0
7831,4,2.98811,0,2.053737,0
7833,4,2.986722,0,2.062109,0
7835,4,2.992088,0,2.069498,0
7837,4,3,0,2.013438,0
7839,4,3,0,2.008825,0
7841,4,3,0,2.008549,0
7843,4,3,0,2.010701,0
7845,4,3,0,2.020479,0
7847,4,3,0,2.009128,0
7849,4,3,0,2.002834,0
7851,4,3,0,2.00321,0
7853,4,3,0,2.004137,0
7855,4,2.999989,0,2.005064,0
7857,3.999935,2.999977,0,2.00599,0
7859,3.99987,2.999966,0,2.003244,0
7861,3.999805,2.999954,0,2.003502,0
7863,3.999775,3,0,2.010669,0
7865,3.999717,3.001356,0,2.00686,0
7867,3.999633,3,0,2.006842,0
7869,3.997201,3,0,2.002716,0
7871,3.993903,3,0,2.002491,0
7873,3.990936,3,0,2.001868,0
7875,3.98797,3,0,2.001245,0
7877,3.985003,3,0,2.001018,0
7879,3.982037,3,0,2.002657,0
7881,3.684967,3,0,2.002805,0
7883,3.512803,3,0,2.002633,0
7885,3.465544,3,0,2.002621,0
7887,3.401234,3,0,2.003246,0
7889,3.304273,3,0,2.003857,0
7891,3.174659,3,0,2.004467,0
7893,3.001181,3,0,2.00551,0
7895,2.827703,3,0,2.006578,0
7897,2.654225,3,0,2.004673,0
7899,2.480747,3,0,2.004699,0
7901,2.1634,3,0,2.004199,0
7903,2.114233,3,0,2.007765,0
7905,2.065066,3,0,2.010498,0
7907,2.017479,3,0,2.014908,0
7909,1.971473,3,0,2.01715,0
7911,1.930896,3,0,2.015293,0
7913,1.890318,3,0,2.015486,0
7915,1.84974,3,0,2.007954,0
7917,1.808079,2.999443,0,2.006963,0
7919,1.766417,2.997256,0,2.00747,0
7921,1.724755,2.911987,0,2.007228,0
7923,1.699048,2.9012,0,2.007774,0
7925,1.673341,2.890413,0,2.007627,0
7927,1.647633,2.879626,0,2.00141,0
7929,1.595405,2.83502,0,2.000867,0
7931,1.53792,2.843167,0,2.000868,0
7933,1.475178,2.864976,0,2.000856,0
7935,1.412435,2.845379,0,2,0
7937,1.359418,2.881144,0,2,0
7939,1.316128,2.883381,0,2.000042,0
7941,1.272837,2.885618,0,2.000873,0
7943,1.229546,2.887855,0,2.000874,0
7945,1.186256,2.893407,0,2.000875,0
7947,1.144809,2.965824,0,2.003482,0
7949,1.103345,2.976823,0,2.000873,0
7951,1.061865,2.92145,0,2.000585,0
7953,1.01936,2.891463,0,2.000972,0
7955,0.9964826,2.871382,0,2.000379,0
7957,0.9932321,2.872531,0,2.000329,0
7959,0.9922646,2.863376,0,2,0
7961,0.9898983,2.864139,0,2,0
7963,0.9861332,2.852192,0,2,0
7965,0.9799537,2.840245,0,2,0
7967,0.9685113,2.828298,0,2,0
7969,0.9370301,2.81635,0,2,0
7971,0.7583148,2.671171,0,2,0
7973,0.4961168,2.59368,0,2,0
7975,0.2976701,2.636784,0,2,0
7977,0.09922335,2.527586,0,2,0
7979,0,2.51951,0,2,0
7981,0,2.506507,0,2,0
7983,0,2.493504,0,2,0
7985,0,2.524822,0,2,0
7987,0,2.587565,0,2,0
7989,0,2.635154,0,2,0
7991,0,2.604642,0,2,0
7993,0,2.478844,0,2,0
7995,0,2.420555,0,2,0
7997,0,2.401175,0,2,0
7999,0,2.797332,0,2,0
8001,0,2.692042,0,2,0
8003,0,2.787848,0,2,0
8005,0,2.948589,0,2,0
8007,0,2.982746,0,2,0
8009,0,2.985986,0,2,0
8011,0,2.987827,0,2,0
8013,0,2.988939,0,2,0
8015,0,2.989324,0,2,0
8017,0,2.989709,0,2,0
8019,0,2.990094,0,2,0
8021,0,2.990479,0,2,0
8023,0,2.990864,0,2,0
8025,0,2.987416,0,2,0
8027,0,2.965873,0,2,0
8029,0,2.911631,0,2,0
8031,0,2.839296,0,2,0
8033,0,2.769161,0,2,0
8035,0,2.701224,0,2,0
8037,0,2.633288,0,2,0
8039,0,2.556376,0,2,0
8041,0,2.55904,0,2,0
8043,0,2.543859,0,2,0
8045,0,2.567436,0,2,0
8047,0,2.571871,0,2,0
8049,0,2.580054,0,2,0
8051,0,2.650357,0,2,0
8053,0,2.696704,0,2,0
8055,0,2.743051,0,2,0
8057,0,2.789398,0,2,0
8059,0,2.79749,0,2,0
8061,0,2.71788,0,2,0
8063,0,2.46395,0,2,0
8065,0,2.417345,0,2,0
8067,0,2.500993,0,2,0
8069,0,2.673726,0,2,0
8071,0,2.705182,0,2,0
8073,0,2.711547,0,2,0
8075,0,2.723051,0,2,0
8077,0,2.724991,0,2,0
8079,0,2.726678,0,2.00037,0
8081,0,2.728366,0,2.008271,0
8083,0,2.730054,0,2.015429,0
8085,0,2.983833,0,2.011873,0
8087,0,2.971203,0,2.007895,0
8089,0,2.958572,0,2.01313,0
8091,0,3,0,2.015997,0
8093,0.0001148883,3,0,2.020176,0
8095,0.001000184,3,0,2.020129,0
8097,0.003273538,3,0,2.015619,0
8099,0.00693495,2.999962,0,2.010785,0
8101,0.01059636,2.999885,0,2.006961,0
8103,0.01425777,2.999674,0,2.006802,0
8105,0.01791919,3,0,2.002448,0
8107,0.1304116,3,0,2.001491,0
8109,0.242904,3,0,2.001941,0
8111,0.8908545,3,0,2.005967,0
8113,0.9147743,3,0,2.005741,0
8115,0.938694,3,0,2.005516,0
8117,0.9626138,3,0,2.002926,0
8119,0.9865335,3,0,2.003092,0
8121,1.013607,3,0,2.00308,0
8123,1.043836,3,0,2.001449,0
8125,1.074064,3,0,2.001222,0
8127,1.104292,3,0,2.001422,0
8129,1.13452,3,0,2.000494,0
8131,1.164748,3,0,2.001395,0
8133,1.194976,3,0,2.001382,0
8135,1.396613,3,0,2.001368,0
8137,1.769657,3,0,2.008743,0
8139,2,3,0,2.001341,0
8141,2,3,0,2.000536,0
8143,2,3,0,2.000626,0
8145,2,3,0,2.001301,0
8147,2,3,0,2.004728,0
8149,2,3,0,2.002837,0
8151,2,3,0,2.001117,0
8153,2,3,0,2.000917,0
8155,2,3,0,2.009699,0
8157,2,3,0,2.010077,0
8159,2,3,0,2.010176,0
8161,2,3,0,2.010276,0
8163,2,3,0,2.004221,0
8165,2,3,0,2,0
8167,2,3,0,2,0
8169,2,3,0,2,0
8171,2,3,0,2,0
8173,2,3,0,2,0
8175,2,3,0,2,0
8177,2,3,0,2.00073,0
8179,2,3,0,2.000728,0
8181,2,3,0,2.00032,0
8183,2,3,0,2.000725,0
8185,2,3,0,2.000723,0
8187,2,3,0,2.000721,0
8189,2,3,0,2.00072,0
8191,2,3,0,2.000009,0
8193,2,3,0,2.000018,0
8195,2,3,0,2.000026,0
8197,2,3,0,2.000725,0
8199,2,3,0,2.002702,0
8201,2,3,0,2.002259,0
8203,2,3,0,2.001912,0
8205,2,3,0,2.001565,0
8207,2,3,0,2.00091,0
8209,2,3,0,2.000732,0
8211,2,3,0,2.000733,0
8213,2,3,0,2.000195,0
8215,2,3,0,2.000195,0
8217,2,3,0,2.000582,0
8219,2,3,0,2.000705,0
8221,2,3,0,2.000457,0
8223,2,3,0,2.000232,0
8225,2,2.999981,0,2.002533,0
8227,2,2.999942,0,2.0044,0
8229,2,3,0,2.006284,0
8231,2,3,0,2.013864,0
8233,2,3,0,2.016957,0
8235,2,3,0,2.022635,0
8237,2,3,0,2.022486,0
8239,2,2.999875,0,2.022338,0
8241,2,3,0,2.019682,0
8243,2,2.999981,0,2.003764,0
8245,2,2.999943,0,2.006768,0
8247,2,3,0,2.023542,0
8249,2,3,0,2.038054,0
8251,2,3,0,2.038044,0
8253,2,3,0,2.045873,0
8255,2,3,0,2.131918,0
8257,2,2.99979,0,2.087033,0
8259,2,2.999811,0,2.165194,0
8261,2,2.999937,0,2.17482,0
8263,2,3,0,2.174562,0
8265,2,3,0,2.177307,0
8267,2,3,0,2.151592,0
8269,2,3,0,2.179274,0
8271,2,3,0,2.219517,0
8273,2,3,0,2.338636,0
8275,2,3,0,2.310099,0
8277,2,2.999995,0,2.196306,0
8279,2,2.999984,0,2.161864,0
8281,2,2.999946,0,2.137089,0
8283,2,3,0,2.171395,0
8285,2,3,0,2.27505,0
8287,2,3.003135,0,2.313611,0
8289,2,3.003945,0,2.296375,0
8291,2,2.991866,0,2.166592,0
8293,1.999885,2.931933,0,2.141227,0
8295,1.999,2.951648,0,2.130825,0
8297,1.996727,2.924542,0,2.110398,0
8299,1.993065,2.897435,0,2.116499,0
8301,1.989404,2.885636,0,2.048202,0
8303,1.985742,2.876908,0,2.094776,0
8305,1.982081,2.895185,0,2.04623,0
8307,1.869588,2.911707,0,2.027291,0
8309,1.757096,2.928229,0,2.016908,0
8311,1.109145,2.944751,0,2.014565,0
8313,1.085226,2.949346,0,2.020823,0
8315,1.061306,2.935889,0,2.026594,0
8317,1.037386,2.921289,0,2.038746,0
8319,1.013467,2.921289,0,2.036747,0
8321,0.9863926,2.925786,0,2.026072,0
8323,0.9561645,2.97444,0,2.047288,0
8325,0.9259363,2.990217,0,2.079045,0
8327,0.8957082,2.990702,0,2.079329,0
8329,0.8654801,2.991963,0,2.075871,0
8331,0.8352519,2.993443,0,2.111713,0
8333,0.8050238,2.994368,0,2.115801,0
8335,0.6033873,2.996553,0,2.12007,0
8337,0.2303425,2.998568,0,2.203635,0
8339,0.0001396402,2.994055,0,2.191525,0
8341,0.003109513,2.999328,0,2.159285,0
8343,0.0110956,2.998965,0,2.12674,0
8345,0.01908168,2.996525,0,2.166078,0
8347,0.02706776,2.997129,0,2.177632,0
8349,0.03505385,3,0,2.181298,0
8351,0.04303993,3,0,2.178384,0
8353,0.09458233,3,0,2.17434,0
8355,0.1896811,3,0,2.276883,0
8357,0.2847798,3,0,2.238277,0
8359,0.3798785,3,0,2.221977,0
8361,0.4749772,3,0,2.205677,0
8363,0.5700759,3,0,2.189727,0
8365,0.6651747,3,0,2.174127,0
8367,0.7602733,3,0,2.178922,0
8369,0.772567,3,0,2.169286,0
8371,0.7848607,3,0,2.168377,0
8373,0.7971544,3,0,2.167177,0
8375,0.8094481,3,0,2.16596,0
8377,0.8217418,3,0,2.163853,0
8379,0.8340354,3,0,2.126575,0
8381,0.8463291,3,0,2.080877,0
8383,0.8586228,3,0,2.082172,0
8385,0.8709164,3,0,2.068446,0
8387,0.8832101,3,0,2.071362,0
8389,0.8955038,3,0,2.066705,0
8391,0.9077975,3,0,2.045317,0
8393,0.9200912,3,0,2.048759,0
8395,0.9323848,3,0,2.052202,0
8397,0.9446785,3,0,2.085931,0
8399,0.9569722,3,0,2.088841,0
8401,0.9692659,3,0,2.09175,0
8403,0.9815595,3,0,2.108453,0
8405,0.9938532,3,0,2.104538,0
8407,1,3,0,2.124629,0
8409,1,3,0,2.125566,0
8411,1,3,0,2.139215,0
8413,1,3,0,2.139019,0
8415,1,2.999923,0,2.128375,0
8417,1,2.999443,0,2.128843,0
8419,1,2.998557,0,2.128843,0
8421,1,2.993067,0,2.128843,0
8423,1,2.987576,0,2.113465,0
8425,1,2.982085,0,2.111651,0
8427,1,2.961679,0,2.125368,0
8429,1,2.964406,0,2.123925,0
8431,1,2.984875,0,2.105118,0
8433,1,2.98483,0,2.105118,0
8435,1,2.99323,0,2.105118,0
8437,1,2.98591,0,2.105118,0
8439,1,2.984366,0,2.105118,0
8441,1,2.98617,0,2.075297,0
8443,1,2.986538,0,2.059667,0
8445,1,2.986906,0,2.057454,0
8447,1,2.977537,0,2.060179,0
8449,1,2.927057,0,2.081602,0
8451,1,2.910479,0,2.060691,0
8453,1,2.981144,0,2.078711,0
8455,1,2.978272,0,2.078711,0
8457,1,2.990286,0,2.072207,0
8459,1,2.9914,0,2.061539,0
8461,1,2.992088,0,2.06335,0
8463,1,2.992776,0,2.066035,0
8465,1,2.999973,0,2.048373,0
8467,1,3,0,2.038381,0
8469,1,3,0,2.024565,0
8471,1,2.999947,0,2.04919,0
8473,1,2.999932,0,2.03559,0
8475,1,3,0,2.065243,0
8477,1,3,0,2.080327,0
8479,1,2.999887,0,2.078264,0
8481,1,2.999872,0,2.046824,0
8483,1,2.999827,0,2.017721,0
8485,1,2.999752,0,2.006933,0
8487,1,3,0,2.006467,0
8489,1,3,0,2.006588,0
8491,1,3,0,2.004936,0
8493,1,2.994801,0,2.003233,0
8495,1,2.974951,0,2.003104,0
8497,1,2.967285,0,2.002975,0
8499,1,2.959619,0,2.002755,0
8501,1,2.894369,0,2.002716,0
8503,1,2.887307,0,2.005587,0
8505,1,2.893254,0,2.007556,0
8507,1,2.82892,0,2.007677,0
8509,1,2.754063,0,2.00788,0
8511,1,2.752824,0,2.011058,0
8513,1,2.751585,0,2.00804,0
8515,1,2.750406,0,2.0073,0
8517,1,2.749286,0,2.007106,0
8519,1,2.748166,0,2.002665,0
8521,1,2.747256,0,2.002326,0
8523,1,2.746556,0,2.001952,0
8525,1,2.745702,0,2.001543,0
8527,1,2.744769,0,2.001134,0
8529,1,2.743758,0,2,0
8531,1,2.742368,0,2.000776,0
8533,1,2.748105,0,2,0
8535,1,2.745892,0,2,0
8537,1,2.75447,0,2,0
8539,0.9998604,2.822495,0,2,0
8541,0.9968905,2.728272,0,2,0
8543,0.9889044,2.701205,0,1.99966,0
8545,0.9809183,2.674138,0,2,0
8547,0.9729323,2.71454,0,2,0
8549,0.9649462,2.619299,0,1.998931,0
8551,0.9569601,2.591645,0,1.997733,0
8553,0.9054177,2.56924,0,1.999245,0
8555,0.810319,2.552115,0,1.999428,0
8557,0.7152203,2.535066,0,1.997786,0
8559,0.6201215,2.518172,0,1.997992,0
8561,0.5250229,2.501433,0,1.993736,0
8563,0.4299241,2.484693,0,1.992694,0
8565,0.3348254,2.467953,0,1.999348,0
8567,0.2397267,2.450878,0,1.999246,0
8569,0.227433,2.596409,0,2,0
8571,0.2151393,2.914328,0,2,0
8573,0.2028456,2.919058,0,2,0
8575,0.190552,2.923788,0,2,0
8577,0.1782583,2.928517,0,2,0
8579,0.1659646,2.930059,0,2,0
8581,0.153671,2.991359,0,2,0
8583,0.1413773,2.994715,0,2,0
8585,0.1290836,2.99807,0,2,0
8587,0.1167899,2.996127,0,2,0
8589,0.1044962,2.9878,0,2,0
8591,0.09220257,2.979473,0,2,0
8593,0.07990889,2.971146,0,2,0
8595,0.06761522,2.962818,0,2,0
8597,0.05532154,2.942501,0,2,0
8599,0.04302787,2.943873,0,2,0
8601,0.03073419,2.945245,0,2.000319,0
8603,0.01844051,2.946557,0,2,0
8605,0.006146838,2.947505,0,2,0
8607,0,2.897961,0,2,0
8609,0,2.860401,0,2,0
8611,0,2.947147,0,2,0
8613,0,2.946494,0,2,0
8615,0,2.945841,0,2,0
8617,0,2.92023,0,2,0
8619,0,2.867689,0,2,0
8621,0,2.790802,0,2,0
8623,0,2.718188,0,2,0
8625,0,2.740761,0,2,0
8627,0,2.790213,0,2.00013,0
8629,0,2.843363,0,2.000195,0
8631,0,2.900211,0,2,0
8633,0,2.910175,0,2,0
8635,0,2.757157,0,2.000319,0
8637,0,2.753548,0,2.000319,0
8639,0,2.753699,0,2.000319,0
8641,0,2.753979,0,2,0
8643,0,2.75439,0,2,0
8645,0,2.67835,0,2,0
8647,0,2.587842,0,2,0
8649,0,2.394452,0,2,0
8651,0,2.372301,0,2,0
8653,0,2.415269,0,2,0
8655,0,2.458238,0,2,0
8657,0,2.501206,0,2,0
8659,0,2.544174,0,2,0
8661,0,2.587142,0,2,0
8663,0,2.630111,0,2,0
8665,3.35858E-06,2.661727,0,2,0
8667,1.007574E-05,2.659653,0,2,0
8669,1.67929E-05,2.712007,0,2,0
8671,2.351006E-05,2.453425,0,2,0
8673,3.022722E-05,2.302028,0,2,0
8675,3.694438E-05,2.268728,0,2,0
8677,4.366154E-05,2.338679,0,2,0
8679,5.03787E-05,2.301228,0,2,0
8681,5.709586E-05,2.891446,0,2,0
8683,6.381302E-05,2.89145,0,2,0
8685,7.053018E-05,2.891467,0,2,0
8687,7.724734E-05,2.891484,0,2,0
8689,8.39645E-05,2.891372,0,2,0
8691,9.068166E-05,2.891261,0,2,0
8693,9.739882E-05,2.89115,0,2,0
8695,0.000104116,2.891038,0,2,0
8697,0.0001108331,2.886844,0,2,0
8699,0.0001175503,2.88265,0,2,0
8701,0.0001242675,2.850802,0,2,0
8703,0.0001309846,2.819073,0,2,0
8705,0.0001377018,2.787344,0,2,0
8707,0.0001444189,2.756429,0,2,0
8709,0.0001511361,2.701603,0,2,0
8711,0.0001578533,2.70233,0,2,0
8713,0.0001645704,2.948438,0,1.999799,0
8715,0.0001712876,2.9363,0,2,0
8717,0.0001780047,2.924161,0,2,0
8719,0.0001847219,2.912023,0,2,0
8721,0.0001914391,2.876086,0,2,0
8723,0.0001981562,2.81635,0,1.999898,0
8725,0.0002048734,2.759539,0,1.993202,0
8727,0.0002115905,2.702728,0,1.984931,0
8729,0.0002183077,2.645916,0,1.975834,0
8731,0.0002250249,2.645916,0,1.969664,0
8733,0.000231742,2.645916,0,1.992427,0
8735,0.0002384592,2.592581,0,1.959722,0
8737,0.0002451763,2.521647,0,1.947647,0
8739,0.0002518935,2.475292,0,1.940566,0
8741,0.0002586107,2.453514,0,1.943656,0
8743,0.0002653278,2.431737,0,1.94604,0
8745,0.000272045,2.409959,0,1.916169,0
8747,0.0002787621,2.388182,0,1.890935,0
8749,0.0002854793,2.366404,0,1.89087,0
8751,0.0002921965,2.344627,0,1.903214,0
8753,0.0002989136,2.322849,0,1.902338,0
8755,0.0003056308,2.314291,0,1.900863,0
8757,0.0003123479,2.313939,0,1.9011,0
8759,0.0003190651,2.313586,0,1.901338,0
8761,0.0003257823,2.313222,0,1.964719,0
8763,0.0003324994,2.312859,0,1.965256,0
8765,0.0003392166,2.192184,0,1.902049,0
8767,0.0003459337,2.181393,0,1.90228,0
8769,0.0003526509,2.181728,0,1.902472,0
8771,0.0004778151,2.232085,0,1.954968,0
8773,0.0006029793,2.282442,0,1.957979,0
8775,0.0007281436,2.332798,0,1.970822,0
8777,0.0007684904,2.288642,0,1.972468,0
8779,0.0008088372,2.134933,0,1.9426,0
8781,0.000849184,2.091553,0,1.867475,0
8783,0.0008895308,2.089856,0,1.851136,0
8785,0.0009298776,2.08816,0,1.868112,0
8787,0.0009702245,2.086463,0,1.812129,0
8789,0.001010571,2.084767,0,1.817839,0
8791,0.001050918,2.082876,0,1.823549,0
8793,0.001091265,2.080792,0,1.718433,0
8795,0.001131612,2.080016,0,1.737572,0
8797,0.001171959,2.18176,0,1.750868,0
8799,0.001212305,2.206994,0,1.809839,0
8801,0.001564736,2.160276,0,1.863868,0
8803,0.002229251,2.253629,0,1.875726,0
8805,0.003351693,2.295954,0,1.880106,0
8807,0.004932061,2.301733,0,1.873388,0
8809,0.00651243,2.264181,0,1.866097,0
8811,0.008092798,2.091525,0,1.867576,0
8813,0.009673167,2.111217,0,1.869055,0
8815,0.01125354,2.13114,0,1.875075,0
8817,0.0128339,2.093622,0,1.885636,0
8819,0.01441427,2.101,0,1.847368,0
8821,0.01599464,2.185131,0,1.874857,0
8823,0.01757501,2.123202,0,1.872284,0
8825,0.01915538,2.09879,0,1.869711,0
8827,0.02073575,2.100245,0,1.776232,0
8829,0.02231612,2.099325,0,1.718705,0
8831,0.02389649,2.316152,0,1.714718,0
8833,0.02547685,2.321796,0,1.64967,0
8835,0.02705722,2.334086,0,1.850877,0
8837,0.02863759,2.223778,0,1.813389,0
8839,0.03021796,2.128551,0,1.7759,0
8841,0.03179833,2.120673,0,1.522552,0
8843,0.0333787,2.107352,0,1.537386,0
8845,0.03495907,2.094031,0,1.603193,0
8847,0.03653944,2.048935,0,1.632605,0
8849,0.0381198,2.023631,0,1.671118,0
8851,0.03970017,2.023365,0,1.67835,0
8853,0.04128054,2.022867,0,1.664022,0
8855,0.04286091,2.022369,0,1.649694,0
8857,0.04444128,2.012402,0,1.724325,0
8859,0.04602164,2.000203,0,1.69166,0
8861,0.04760201,2.000233,0,1.70233,0
8863,0.04918238,2.000262,0,1.691985,0
8865,0.05075939,2.000292,0,1.680564,0
8867,0.05233305,2.000321,0,1.669142,0
8869,0.05390669,2.000351,0,1.657721,0
8871,0.05548035,2.000381,0,1.6463,0
8873,0.057054,2,0,1.570906,0
8875,0.05862765,2,0,1.603106,0
8877,0.0602013,2,0,1.589211,0
8879,0.06177495,2,0,1.598364,0
8881,0.06334861,2,0,1.363793,0
8883,0.06492226,2,0,1.322704,0
8885,0.06649591,2,0,1.231989,0
8887,0.06806955,2,0,1.193168,0
8889,0.06964321,2,0,1.15853,0
8891,0.07121686,2,0,1.157858,0
8893,0.07279051,2,0,1.157187,0
8895,0.07436416,2,0,1.162179,0
8897,0.07593782,2,0,1.169666,0
8899,0.07751147,2,0,1.177153,0
8901,0.07908512,2,0,1.18464,0
8903,0.08065877,2,0,1.192127,0
8905,0.08223242,2,0,1.153158,0
8907,0.08380608,2,0,1.152487,0
8909,0.08537973,2,0,1.120716,0
8911,0.08695338,2,0,1.13157,0
8913,0.08852702,2,0,1.133303,0
8915,0.09010068,2,0,1.099954,0
8917,0.09167433,2,0,1.100217,0
8919,0.09324798,2,0,1.100478,0
8921,0.09482163,2,0,1.096602,0
8923,0.09639528,2,0,1.087426,0
8925,0.09796894,2,0,1.078251,0
8927,0.09954259,2,0,1.069071,0
8929,0.1011162,2,0,1.061472,0
8931,0.1026899,1.999957,0,1.050702,0
8933,0.1042635,1.999954,0,1.041517,0
8935,0.1058372,1.99995,0,1.032854,0
8937,0.1074108,1.999946,0,1.042971,0
8939,0.1089845,1.999942,0,1.053087,0
8941,0.1105581,1.999938,0,1.032124,0
8943,0.1121318,1.999934,0,1.032894,0
8945,0.1489665,1.99993,0,1.038381,0
8947,0.1858013,1.999926,0,1.057502,0
8949,0.222636,1.999922,0,1.098402,0
8951,0.2594707,1.999918,0,1.102711,0
8953,0.296746,1.999914,0,1.132855,0
8955,0.3244108,1.99991,0,1.173925,0
8957,0.3340901,1.999907,0,1.185815,0
8959,0.3358347,2,0,1.158131,0
8961,0.3375793,1.999899,0,1.195298,0
8963,0.3393238,1.999895,0,1.236488,0
8965,0.3410684,2,0,1.302571,0
8967,0.342813,2,0,1.470647,0
8969,0.3445575,2,0,1.547283,0
8971,0.3461837,2,0,1.547532,0
8973,0.3478098,2,0,1.546966,0
8975,0.3494359,2,0,1.544103,0
8977,0.3507307,2,0,1.548163,0
8979,0.3516094,2,0,1.651888,0
8981,0.3525378,2,0,1.644059,0
8983,0.3534663,2,0,1.603103,0
8985,0.3543947,2,0,1.664033,0
8987,0.3627371,2,0,1.668615,0
8989,0.4092295,2,0,1.673198,0
8991,0.4938719,2,0,1.695035,0
8993,0.5785143,2,0,1.729103,0
8995,0.6631567,2,0,1.729231,0
8997,0.747799,2,0,1.729339,0
8999,0.8324414,2,0,1.748679,0
9001,1.033123,2,0,1.718277,0
9003,1.349845,2,0,1.720457,0
9005,1.351801,2,0,1.715298,0
9007,1.353298,2,0,1.717564,0
9009,1.354796,2,0,1.719831,0
9011,1.356294,2,0,1.722097,0
9013,1.356687,2,0,1.666856,0
9015,1.355975,2.000195,0,1.697814,0
9017,1.355264,2.000776,0,1.706324,0
9019,1.354553,2.002568,0,1.706251,0
9021,1.353841,2.005661,0,1.646962,0
9023,1.35313,2.005642,0,1.602652,0
9025,1.352418,2.005623,0,1.584366,0
9027,1.351707,2.005605,0,1.581763,0
9029,1.350996,2.005685,0,1.580169,0
9031,1.35027,2.005708,0,1.59213,0
9033,1.349531,2.003121,0,1.596193,0
9035,1.348791,2.005639,0,1.600253,0
9037,1.348052,2.005605,0,1.62409,0
9039,1.347313,2.005571,0,1.643976,0
9041,1.346573,2.005537,0,1.640998,0
9043,1.345849,2.005502,0,1.637396,0
9045,1.34514,2.005468,0,1.635043,0
9047,1.344414,2.005434,0,1.632066,0
9049,1.343687,2.005399,0,1.629088,0
9051,1.34296,2.005375,0,1.62611,0
9053,1.342234,2.005361,0,1.623132,0
9055,1.341507,2.005347,0,1.590793,0
9057,1.340781,2.007413,0,1.612332,0
9059,1.340054,2.045898,0,1.618384,0
9061,1.339445,2.067955,0,1.622112,0
9063,1.338837,2.073583,0,1.619663,0
9065,1.338441,2.072847,0,1.619948,0
9067,1.338175,2.072643,0,1.632605,0
9069,1.337909,2.072439,0,1.663026,0
9071,1.337643,2.072235,0,1.663982,0
9073,1.341113,2.097293,0,1.66759,0
9075,1.351311,2.093241,0,1.764897,0
9077,1.359812,2.089196,0,1.767037,0
9079,1.366616,2.085157,0,1.811643,0
9081,1.37342,2.081119,0,1.767037,0
9083,1.380224,2.07708,0,1.767037,0
9085,1.387028,2.073042,0,1.767037,0
9087,1.393831,2.070183,0,1.822859,0
9089,1.400635,2.069923,0,1.820954,0
9091,1.407439,2.069664,0,1.822972,0
9093,1.414243,2.069404,0,1.817144,0
9095,1.421047,2.069144,0,1.815239,0
9097,1.43701,2.104818,0,1.830334,0
9099,1.462131,2.197861,0,1.822847,0
9101,1.487253,2.290905,0,1.81536,0
9103,1.512375,2.383949,0,1.818285,0
9105,1.517673,2.732695,0,1.876408,0
9107,1.522971,2.731972,0,1.877084,0
9109,1.528269,2.731248,0,1.874387,0
9111,1.533568,2.730293,0,1.871691,0
9113,1.538866,2.729106,0,1.868994,0
9115,1.544164,2.728826,0,1.866298,0
9117,1.549462,2.728546,0,1.863602,0
9119,1.55476,2.728266,0,1.860905,0
9121,1.560059,2.727986,0,1.858209,0
9123,1.565357,2.727706,0,1.855512,0
9125,1.570655,2.727426,0,1.807019,0
9127,1.575953,2.727135,0,1.821398,0
9129,1.581251,2.726833,0,1.873399,0
9131,1.58655,2.726532,0,1.869432,0
9133,1.591848,2.72623,0,1.865466,0
9135,1.597146,2.725929,0,1.8615,0
9137,1.602444,2.725627,0,1.857534,0
9139,1.607742,2.740555,0,1.853568,0
9141,1.613041,2.756228,0,1.849602,0
9143,1.618339,2.771902,0,1.878891,0
9145,1.588376,2.724421,0,1.910545,0
9147,1.558413,2.717114,0,1.891462,0
9149,1.52845,2.682534,0,1.787883,0
9151,1.498487,2.665734,0,1.888309,0
9153,1.468084,2.648933,0,1.843629,0
9155,1.447291,2.632133,0,1.754165,0
9157,1.444483,2.615332,0,1.752273,0
9159,1.449611,2.598531,0,1.766946,0
9161,1.454738,2.581731,0,1.76692,0
9163,1.467811,2.561716,0,1.746594,0
9165,1.48883,2.239691,0,1.588644,0
9167,1.509849,2.169906,0,1.423083,0
9169,1.530867,2.100116,0,1.363873,0
9171,1.551886,2.030321,0,1.361375,0
9173,1.572905,2.00367,0,1.358878,0
9175,1.593924,2.003528,0,1.35638,0
9177,1.615359,2.000235,0,1.348408,0
9179,1.63721,2,0,1.351385,0
9181,1.664962,2.025049,0,1.358246,0
9183,1.698663,2,0,1.353053,0
9185,1.732365,2,0,1.24647,0
9187,1.758653,2,0,1.243578,0
9189,1.746791,2,0,1.214594,0
9191,1.696779,2,0,1.211961,0
9193,1.646767,2,0,1.223308,0
9195,1.596755,2,0,1.206696,0
9197,1.546743,2,0,1.181778,0
9199,1.496731,2,0,1.160144,0
9201,1.39061,2,0,1.126311,0
9203,1.074869,2,0,1.107816,0
9205,1.073437,2,0,1.104738,0
9207,1.072005,2,0,1.126446,0
9209,1.070572,2,0,1.126496,0
9211,1.06914,2,0,1.095502,0
9213,1.068812,2,0,1.092424,0
9215,1.069589,2,0,1.089346,0
9217,1.070366,2,0,1.033057,0
9219,1.071142,2,0,1.029225,0
9221,1.071919,2,0,1.046796,0
9223,1.072696,2,0,1.077032,0
9225,1.073472,2,0,1.073954,0
9227,1.074249,2,0,1.07128,0
9229,1.075026,2,0,1.092151,0
9231,1.075817,2,0,1.089133,0
9233,1.076621,2,0,1.121441,0
9235,1.077426,2,0,1.026623,0
9237,1.078231,2,0,1.042624,0
9239,1.079035,2,0,1.043324,0
9241,1.07984,2,0,1.048821,0
9243,1.08063,2,0,1.034989,0
9245,1.081404,2,0,1.032436,0
9247,1.082196,2,0,1.029984,0
9249,1.082987,2,0,1.027533,0
9251,1.083779,2,0,1.027912,0
9253,1.084571,2,0,1.03155,0
9255,1.085363,2,0,1.033143,0
9257,1.086155,2,0,1.026896,0
9259,1.086947,2,0,1.026921,0
9261,1.087621,2,0,1.026946,0
9263,1.088295,2,0,1.020497,0
9265,1.088756,2,0,1.020046,0
9267,1.089088,2,0,1.02702,0
9269,1.089419,2,0,1.027045,0
9271,1.08975,2,0,1.015306,0
9273,1.086346,2,0,1.011135,0
9275,1.076213,2,0,1.011564,0
9277,1.067777,1.999992,0,1.008829,0
9279,1.061038,1.999975,0,1.005351,0
9281,1.0543,1.999958,0,1.005471,0
9283,1.053903,1.999942,0,1.013277,0
9285,1.047161,1.999925,0,1.013349,0
9287,1.040418,1.999908,0,1.005591,0
9289,1.033676,1.999891,0,1.005591,0
9291,1.026933,2,0,1.00566,0
9293,1.020191,2,0,1.003069,0
9295,1.013045,2,0,1.003198,0
9297,0.9967394,2,0,1.003255,0
9299,0.9712754,2,0,1.00324,0
9301,0.9458115,2,0,1.003225,0
9303,0.9203474,2,0,1.002001,0
9305,0.9147069,2,0,1.000764,0
9307,0.9090664,2,0,1.000475,0
9309,0.9034259,2,0,1.000477,0
9311,0.8977855,2,0,1.000775,0
9313,0.892145,2,0,1.001971,0
9315,0.8865045,2,0,1.001965,0
9317,0.880864,2,0,1.003317,0
9319,0.8751823,2,0,1.001953,0
9321,0.8694595,2,0,1.007713,0
9323,0.8637367,2,0,1.031489,0
9325,0.8580139,2,0,1.043601,0
9327,0.852291,2,0,1.066256,0
9329,0.8465682,2.000682,0,1.051271,0
9331,0.8408454,2.000522,0,1.043378,0
9333,0.8351226,2.00035,0,1.043304,0
9335,0.8293998,2.000337,0,1.063072,0
9337,0.8236769,2.000324,0,1.062259,0
9339,0.8179541,2.001233,0,1.061445,0
9341,0.8122313,2.000904,0,1.082676,0
9343,0.8065085,2.002535,0,1.08138,0
9345,0.8007857,2.008447,0,1.14395,0
9347,0.7950628,2.010808,0,1.147868,0
9349,0.78934,2.010955,0,1.151785,0
9351,0.7836171,2.011102,0,1.155703,0
9353,0.7778943,2.011249,0,1.077836,0
9355,0.7721715,2.011396,0,1.077063,0
9357,0.7670671,2.011544,0,1.12087,0
9359,0.762581,2.011691,0,1.075515,0
9361,0.7580949,2.011838,0,1.074741,0
9363,0.745663,2.011985,0,1.073968,0
9365,0.7252854,2.012132,0,1.073194,0
9367,0.7049078,2.01228,0,1.135384,0
9369,0.6845302,2.012086,0,1.133272,0
9371,0.6641526,2.012129,0,1.136209,0
9373,0.643775,2.012276,0,1.18533,0
9375,0.6241544,2.047775,0,1.233484,0
9377,0.6045338,2.049,0,1.28755,0
9379,0.5846195,2.05402,0,1.348809,0
9381,0.5587548,2.100195,0,1.349071,0
9383,0.5273512,2.099195,0,1.360491,0
9385,0.4950183,2.098196,0,1.363343,0
9387,0.4626855,2.097197,0,1.349661,0
9389,0.4303526,2.096197,0,1.353139,0
9391,0.3980198,2.088788,0,1.341051,0
9393,0.3656869,2.079235,0,1.333418,0
9395,0.3333541,2.069683,0,1.328003,0
9397,0.3010212,2.06013,0,1.328866,0
9399,0.2686884,2.050577,0,1.402944,0
9401,0.1761135,2.028464,0,1.410195,0
9403,0.1768056,2.031489,0,1.419194,0
9405,0.1774978,2.078711,0,1.421674,0
9407,0.17819,2.087203,0,1.59323,0
9409,0.1788822,2.086204,0,1.790326,0
9411,0.1795744,2.170938,0,1.876408,0
9413,0.1802666,2.114042,0,1.878081,0
9415,0.1809588,2.083049,0,1.879754,0
9417,0.181651,2.081945,0,1.881426,0
9419,0.1823432,2.080842,0,1.883099,0
9421,0.1830354,2.079738,0,1.884772,0
9423,0.1837276,2.078634,0,1.972746,0
9425,0.1844198,2.07753,0,1.972532,0
9427,0.185112,2.076426,0,1.88979,0
9429,0.1858042,2.075322,0,1.891462,0
9431,0.1864964,2.074219,0,1.891462,0
9433,0.1871886,2.073115,0,1.786032,0
9435,0.1878808,2.139367,0,1.811015,0
9437,0.1885729,2.070903,0,1.954926,0
9439,0.1892651,2.071175,0,1.995877,0
9441,0.1899573,2.0718,0,1.997244,0
9443,0.1906534,2.072303,0,1.998191,0
9445,0.1913494,2.072806,0,1.999058,0
9447,0.1920455,2.073229,0,2,0
9449,0.192758,2.078711,0,2,0
9451,0.1934593,2.353698,0,2,0
9453,0.1941607,2.353698,0,2,0
9455,0.1948621,2.353698,0,2,0
9457,0.1955634,2.353698,0,2,0
9459,0.1962648,2.353698,0,2,0
9461,0.1969661,2.353698,0,2,0
9463,0.1976675,2.353698,0,2,0
9465,0.1983689,2.353698,0,2,0
9467,0.1990702,2.353698,0,2,0
9469,0.1997716,2.353698,0,2,0
9471,0.2029193,2.353698,0,2,0
9473,0.2085134,2.353698,0,2,0
9475,0.2141074,2.70233,0,2,0
9477,0.2203885,2.767037,0,2,0
9479,0.2209763,2.920382,0,2,0
9481,0.2193306,2.958678,0,2,0
9483,0.2113429,2.979561,0,2,0
9485,0.2097012,2.967592,0,2,0
9487,0.2080595,2.999202,0,2,0
9489,0.2064178,2.999067,0,2,0
9491,0.2047761,2.998931,0,2,0
9493,0.2031343,2.998795,0,2,0
9495,0.2018963,2.998281,0,2,0
9497,1.004961,2.997768,0,2,0
9499,1.140921,2.997323,0,2,0
9501,1.224758,2.996947,0,2,0
9503,1.299499,2.99657,0,2,0
9505,1.37424,2.996194,0,2,0
9507,1.437485,2.995818,0,2,0
9509,1.489234,2.995442,0,2,0
9511,1.492607,2.995065,0,2,0
9513,1.491459,2.994689,0,2,0
9515,1.490311,2.994313,0,2,0
9517,1.489163,2.993937,0,2,0
9519,1.488056,2.986655,0,2,0
9521,1.486991,2.919717,0,2,0
9523,1.485925,2.859974,0,2,0
9525,1.484859,2.812752,0,2,0
9527,1.483793,2.7837,0,2,0
9529,1.482728,2.783152,0,2,0
9531,1.481662,2.782604,0,2,0
9533,1.480596,2.782056,0,2,0
9535,1.47953,2.805889,0,2,0
9537,1.478465,2.890186,0,2,0
9539,1.477399,2.910693,0,1.999954,0
9541,1.477228,2.956929,0,1.999806,0
9543,1.476436,2.97874,0,1.999653,0
9545,1.475644,3,0,1.999954,0
9547,1.474852,3.00045,0,1.999954,0
9549,1.473879,3.00035,0,1.999954,0
9551,1.472723,3.00025,0,2,0
9553,1.471567,3.015013,0,2,0
9555,1.470411,3.014801,0,2,0
9557,1.468637,3.014588,0,2,0
9559,1.466245,3.014375,0,2,0
9561,1.463852,3.000203,0,2,0
9563,1.46146,3.000169,0,2,0
9565,1.459067,3.000135,0,2,0
9567,1.456675,3.000101,0,2,0
9569,1.454282,3.000067,0,2,0
9571,1.45189,3,0,2,0
9573,1.449497,3,0,2,0
9575,1.446348,3,0,2,0
9577,1.443198,3,0,2,0
9579,1.440343,3,0,2,0
9581,1.437487,3,0,2,0
9583,1.43422,3,0,2,0
9585,1.431882,3,0,2,0
9587,1.429544,3,0,2.028089,0
9589,1.42722,3,0,2.031619,0
9591,1.42491,3,0,2.029509,0
9593,1.422601,2.994437,0,2.019676,0
