seq_id	taxid	score
EX_NC_077216.1_507	698400	0.132
EX_NC_077216.1_967	698400	0.317
EX_NC_077216.1_91	698400	0.458
EX_NC_077008.1_67	2073044	0.988
EX_NC_076132.1_983	2843917	0.568
EX_NC_076132.1_283	2843917	1.0
EX_NC_077008.1_947	2073044	0.986
EX_NC_076132.1_715	2843917	1.0
EX_NC_077008.1_1199	2073044	0.988
EX_NC_077216.1_331	698400	0.538
EX_NC_077216.1_531	698400	0.769
EX_NC_077008.1_359	2073044	1.0
EX_NC_077216.1_487	698400	0.469
EX_NC_076132.1_903	2843917	0.79
EX_NC_077008.1_31	2073044	1.0
EX_NC_077216.1_783	698400	1.0
EX_NC_077008.1_379	2073044	0.987
EX_NC_076132.1_1011	2843917	1.0
EX_NC_076132.1_411	2843917	0.797
EX_NC_076132.1_303	2843917	0.936
EX_NC_077216.1_343	698400	0.181
EX_NC_076132.1_455	2843917	0.88
EX_NC_077216.1_1127	698400	0.537
EX_NC_077008.1_467	2073044	0.93
EX_NC_077216.1_535	698400	0.875
EX_NC_076132.1_1063	2843917	0.701
EX_NC_077008.1_403	2073044	1.0
EX_NC_077008.1_871	2073044	1.0
EX_NC_077008.1_1027	2073044	1.0
EX_NC_077008.1_15	2073044	1.0
EX_NC_077008.1_1071	2073044	0.96
EX_NC_077008.1_355	2073044	1.0
EX_NC_077216.1_219	698400	0.139
EX_NC_077008.1_319	2073044	1.0
EX_NC_076132.1_991	2843917	1.0
EX_NC_077008.1_775	2073044	0.971
EX_NC_077008.1_1047	2073044	0.93
EX_NC_077216.1_227	698400	0.024
EX_NC_077008.1_1123	2073044	1.0
EX_NC_077008.1_883	2073044	1.0
EX_NC_077216.1_799	698400	0.295
EX_NC_076132.1_891	2843917	0.557
EX_NC_077008.1_587	2073044	0.963
EX_NC_076132.1_543	2843917	1.0
EX_NC_077008.1_631	2073044	1.0
EX_NC_077008.1_835	2073044	1.0
EX_NC_076132.1_907	2843917	0.688
EX_NC_077008.1_395	2073044	1.0
EX_NC_077008.1_739	2073044	1.0
EX_NC_077216.1_831	698400	0.273
EX_NC_076132.1_971	2843917	1.0
EX_NC_076132.1_135	2843917	1.0
EX_NC_076132.1_219	2843917	1.0
EX_NC_076132.1_927	2843917	1.0
EX_NC_077008.1_1111	2073044	0.927
EX_NC_076132.1_499	2843917	1.0
EX_NC_077216.1_591	698400	1.0
EX_NC_077008.1_1155	2073044	0.985
EX_NC_076132.1_23	2843917	0.855
EX_NC_077008.1_599	2073044	1.0
EX_NC_077216.1_503	698400	0.27
EX_NC_077008.1_911	2073044	0.987
EX_NC_077008.1_447	2073044	1.0
EX_NC_076132.1_1031	2843917	0.878
EX_NC_076132.1_427	2843917	0.714
EX_NC_077008.1_311	2073044	0.959
EX_NC_077216.1_551	698400	0.198
EX_NC_077216.1_15	698400	0.712
EX_NC_077008.1_987	2073044	1.0
EX_NC_077008.1_867	2073044	0.976
EX_NC_076132.1_1183	2843917	0.935
EX_NC_076132.1_151	2843917	1.0
EX_NC_077008.1_843	2073044	0.988
EX_NC_076132.1_1191	2843917	0.688
EX_NC_077216.1_39	698400	0.171
EX_NC_076132.1_155	2843917	1.0
EX_NC_077216.1_923	698400	0.064
EX_NC_077216.1_311	698400	0.367
EX_NC_077216.1_595	698400	0.372
EX_NC_077008.1_255	2073044	1.0
EX_NC_077008.1_331	2073044	0.988
EX_NC_077216.1_355	698400	0.333
EX_NC_077216.1_843	698400	0.233
EX_NC_077216.1_859	698400	0.038
EX_NC_076132.1_159	2843917	1.0
EX_NC_076132.1_663	2843917	1.0
EX_NC_077216.1_919	698400	0.183
EX_NC_077008.1_603	2073044	0.962
EX_NC_077008.1_647	2073044	0.931
EX_NC_076132.1_31	2843917	0.987
EX_NC_077008.1_887	2073044	1.0
EX_NC_077216.1_903	698400	0.173
EX_NC_076132.1_899	2843917	1.0
EX_NC_077008.1_1195	2073044	1.0
EX_NC_077216.1_47	698400	0.038
EX_NC_076132.1_1071	2843917	1.0
EX_NC_077216.1_747	698400	0.945
EX_NC_076132.1_63	2843917	1.0
EX_NC_076132.1_915	2843917	1.0
EX_NC_076132.1_231	2843917	0.822
EX_NC_077008.1_1023	2073044	1.0
EX_NC_077216.1_1011	698400	1.0
EX_NC_076132.1_267	2843917	0.973
EX_NC_077216.1_455	698400	1.0
EX_NC_077216.1_727	698400	0.358
EX_NC_076132.1_571	2843917	1.0
EX_NC_077008.1_263	2073044	1.0
EX_NC_076132.1_319	2843917	0.405
EX_NC_077216.1_947	698400	1.0
EX_NC_077008.1_763	2073044	0.988
EX_NC_077216.1_1031	698400	0.338
EX_NC_077008.1_1163	2073044	1.0
EX_NC_077216.1_383	698400	0.88
EX_NC_077216.1_259	698400	0.219
EX_NC_077008.1_827	2073044	1.0
EX_NC_076132.1_1187	2843917	1.0
EX_NC_077008.1_443	2073044	0.974
EX_NC_077216.1_779	698400	0.425
EX_NC_076132.1_587	2843917	1.0
EX_NC_077216.1_939	698400	0.169
EX_NC_077216.1_223	698400	0.23
EX_NC_077216.1_659	698400	0.024
EX_NC_077008.1_751	2073044	0.974
EX_NC_076132.1_1135	2843917	1.0
EX_NC_077216.1_19	698400	0.037
EX_NC_077216.1_607	698400	0.512
EX_NC_077216.1_243	698400	0.457
EX_NC_077216.1_423	698400	1.0
EX_NC_077008.1_1011	2073044	0.974
EX_NC_077216.1_1063	698400	0.154
EX_NC_077216.1_475	698400	0.427
EX_NC_077008.1_115	2073044	0.975
EX_NC_077216.1_1163	119164	0.987
EX_NC_077216.1_1179	698400	0.536
EX_NC_076132.1_603	2843917	1.0
EX_NC_077216.1_915	698400	0.377
EX_NC_077008.1_803	2073044	1.0
EX_NC_077008.1_271	2073044	0.987
EX_NC_076132.1_951	2843917	1.0
EX_NC_076132.1_243	2843917	1.0
EX_NC_077008.1_791	2073044	1.0
EX_NC_076132.1_403	2843917	1.0
EX_NC_077008.1_119	2073044	0.985
EX_NC_077216.1_1027	698400	0.718
EX_NC_076132.1_415	2843917	1.0
EX_NC_076132.1_867	2843917	1.0
EX_NC_076132.1_195	2843917	1.0
EX_NC_077008.1_991	2073044	0.974
EX_NC_077216.1_183	698400	0.253
EX_NC_077216.1_855	698400	0.221
EX_NC_076132.1_7	2843917	1.0
EX_NC_077216.1_555	698400	0.958
EX_NC_076132.1_555	2843917	0.789
EX_NC_076132.1_1087	2843917	1.0
EX_NC_077216.1_547	698400	1.0
EX_NC_077216.1_627	698400	0.325
EX_NC_077216.1_1115	698400	0.88
EX_NC_077216.1_131	698400	0.079
EX_NC_076132.1_943	2843917	0.525
EX_NC_077008.1_663	2073044	0.904
EX_NC_076132.1_647	2843917	0.94
EX_NC_077008.1_1059	2073044	1.0
EX_NC_077008.1_419	2073044	0.688
EX_NC_076132.1_683	2843917	0.56
EX_NC_076132.1_847	2843917	0.772
EX_NC_077008.1_99	2073044	1.0
EX_NC_077216.1_927	698400	0.2
EX_NC_077008.1_967	2073044	0.902
EX_NC_077216.1_935	698400	0.173
EX_NC_077008.1_1119	2073044	0.987
EX_NC_077008.1_351	2073044	1.0
EX_NC_077008.1_651	2073044	1.0
EX_NC_076132.1_959	2843917	0.938
EX_NC_076132.1_623	2843917	0.602
EX_NC_077216.1_315	698400	0.067
EX_NC_077008.1_1103	2073044	1.0
EX_NC_077216.1_1075	698400	0.304
EX_NC_077216.1_119	698400	0.364
EX_NC_076132.1_1007	2843917	0.61
EX_NC_076132.1_55	2843917	1.0
EX_NC_076132.1_1163	2843917	0.628
EX_NC_077216.1_75	698400	0.36
EX_NC_077008.1_1079	2073044	0.974
EX_NC_077216.1_279	698400	0.276
EX_NC_076132.1_1171	2843917	1.0
EX_NC_077216.1_71	698400	0.071
EX_NC_077216.1_323	698400	0.414
EX_NC_077216.1_1143	698400	0.452
EX_NC_076132.1_575	2843917	0.684
EX_NC_077216.1_439	698400	1.0
EX_NC_076132.1_1003	2843917	1.0
EX_NC_076132.1_595	2843917	1.0
EX_NC_077008.1_715	2073044	0.987
EX_NC_077216.1_571	698400	0.959
EX_NC_077216.1_467	698400	0.274
EX_NC_076132.1_599	2843917	1.0
EX_NC_077008.1_1115	2073044	1.0
EX_NC_076132.1_1039	2843917	1.0
EX_NC_077216.1_839	698400	0.346
EX_NC_077008.1_107	2073044	0.987
EX_NC_077216.1_835	698400	0.162
EX_NC_077008.1_363	2073044	0.973
EX_NC_076132.1_1059	2843917	0.868
EX_NC_076132.1_103	2843917	1.0
EX_NC_077008.1_607	2073044	1.0
EX_NC_076132.1_559	2843917	1.0
EX_NC_077216.1_339	698400	0.329
EX_NC_076132.1_919	2843917	0.987
EX_NC_077216.1_7	698400	0.435
EX_NC_077008.1_95	2073044	0.986
EX_NC_077216.1_55	698400	0.114
EX_NC_077216.1_611	698400	0.099
EX_NC_077216.1_451	698400	0.55
EX_NC_077216.1_751	698400	1.0
EX_NC_077216.1_359	698400	0.593
EX_NC_077008.1_55	2073044	0.949
EX_NC_077216.1_195	698400	0.985
EX_NC_077008.1_951	2073044	0.96
EX_NC_076132.1_1079	2843917	1.0
EX_NC_076132.1_143	2843917	0.933
EX_NC_077008.1_615	2073044	1.0
EX_NC_077216.1_435	698400	0.551
EX_NC_077008.1_671	2073044	1.0
EX_NC_076132.1_931	2843917	0.593
EX_NC_077216.1_295	698400	0.169
EX_NC_077008.1_675	2073044	1.0
EX_NC_077008.1_391	2073044	1.0
EX_NC_077216.1_419	698400	0.253
EX_NC_076132.1_287	2843917	1.0
EX_NC_077216.1_291	119164	0.987
EX_NC_077008.1_431	2073044	0.713
EX_NC_077216.1_899	698400	0.027
EX_NC_076132.1_475	2843917	1.0
EX_NC_077216.1_363	698400	0.287
EX_NC_077216.1_999	698400	0.827
EX_NC_076132.1_827	2843917	1.0
EX_NC_077216.1_803	698400	0.034
EX_NC_076132.1_839	2843917	0.833
EX_NC_077008.1_163	2073044	0.987
EX_NC_076132.1_67	2843917	1.0
EX_NC_077216.1_707	698400	0.224
EX_NC_077216.1_251	698400	0.118
EX_NC_077008.1_583	2073044	0.941
EX_NC_076132.1_1111	2843917	1.0
EX_NC_077216.1_67	698400	0.233
EX_NC_077008.1_339	2073044	1.0
EX_NC_076132.1_179	2843917	0.578
EX_NC_077008.1_499	2073044	1.0
EX_NC_076132.1_1099	2843917	1.0
EX_NC_076132.1_987	2843917	1.0
EX_NC_077008.1_727	2073044	1.0
EX_NC_076132.1_419	2843917	0.367
EX_NC_077216.1_395	698400	0.481
EX_NC_077008.1_563	2073044	0.986
EX_NC_076132.1_327	2843917	1.0
EX_NC_076132.1_763	2843917	1.0
EX_NC_077216.1_763	698400	0.308
EX_NC_077008.1_159	2073044	0.959
EX_NC_077216.1_527	698400	0.208
EX_NC_077008.1_779	2073044	1.0
EX_NC_077008.1_439	2073044	0.959
EX_NC_077216.1_235	698400	0.024
EX_NC_077216.1_619	698400	0.419
EX_NC_077216.1_991	698400	0.154
EX_NC_077216.1_299	698400	0.176
EX_NC_077216.1_275	698400	0.545
EX_NC_076132.1_1159	2843917	0.988
EX_NC_077216.1_931	698400	0.267
EX_NC_077008.1_1147	2073044	1.0
EX_NC_077216.1_559	698400	1.0
EX_NC_076132.1_843	2843917	0.737
EX_NC_076132.1_1091	2843917	0.892
EX_NC_076132.1_743	2843917	1.0
EX_NC_077216.1_171	698400	0.821
EX_NC_076132.1_671	2843917	1.0
EX_NC_077216.1_771	698400	0.584
EX_NC_076132.1_175	2843917	1.0
EX_NC_076132.1_611	2843917	1.0
EX_NC_077216.1_1007	698400	1.0
EX_NC_077008.1_43	2073044	1.0
EX_NC_076132.1_15	2843917	1.0
EX_NC_077008.1_579	2073044	0.987
EX_NC_077216.1_807	698400	0.65
EX_NC_077216.1_327	698400	0.329
EX_NC_077008.1_895	2073044	1.0
EX_NC_076132.1_523	2843917	0.519
EX_NC_076132.1_651	2843917	1.0
EX_NC_077216.1_511	698400	0.06
EX_NC_077216.1_319	698400	0.235
EX_NC_076132.1_747	2843917	1.0
EX_NC_077216.1_1071	698400	0.577
EX_NC_077008.1_323	2073044	1.0
EX_NC_077008.1_195	2073044	1.0
EX_NC_076132.1_211	2843917	1.0
EX_NC_077216.1_1067	698400	0.312
EX_NC_076132.1_299	2843917	0.987
EX_NC_077216.1_699	698400	0.548
EX_NC_076132.1_963	2843917	1.0
EX_NC_076132.1_887	2843917	1.0
EX_NC_077008.1_551	2073044	1.0
EX_NC_076132.1_1107	2843917	1.0
EX_NC_077216.1_3	698400	0.157
EX_NC_077216.1_895	698400	0.405
EX_NC_077216.1_695	698400	0.397
EX_NC_077008.1_507	2073044	1.0
EX_NC_077008.1_343	2073044	1.0
EX_NC_077008.1_659	2073044	1.0
EX_NC_077008.1_371	2073044	1.0
EX_NC_076132.1_751	2843917	1.0
EX_NC_077216.1_691	698400	0.174
EX_NC_077008.1_927	2073044	1.0
EX_NC_077008.1_1159	2073044	0.951
EX_NC_077216.1_403	698400	0.038
EX_NC_077216.1_819	698400	0.553
EX_NC_076132.1_87	2843917	1.0
EX_NC_076132.1_75	2843917	0.513
EX_NC_077216.1_851	698400	0.394
EX_NC_077008.1_519	2073044	1.0
EX_NC_076132.1_563	2843917	1.0
EX_NC_077216.1_399	698400	0.733
EX_NC_076132.1_1043	2843917	0.878
EX_NC_077216.1_203	698400	0.291
EX_NC_076132.1_1199	2843917	0.778
EX_NC_077216.1_971	698400	0.095
EX_NC_077008.1_283	2073044	0.986
EX_NC_076132.1_459	2843917	1.0
EX_NC_077216.1_459	698400	0.588
EX_NC_077216.1_351	698400	0.96
EX_NC_076132.1_391	2843917	0.744
EX_NC_076132.1_247	2843917	1.0
EX_NC_077216.1_867	698400	0.312
EX_NC_077216.1_407	698400	0.145
EX_NC_077008.1_495	2073044	1.0
EX_NC_077216.1_1119	698400	0.463
EX_NC_077008.1_267	2073044	1.0
EX_NC_076132.1_1019	2843917	1.0
EX_NC_076132.1_1095	2843917	0.593
EX_NC_077008.1_135	2073044	1.0
EX_NC_077008.1_139	2073044	0.987
EX_NC_077008.1_299	2073044	1.0
EX_NC_077216.1_907	698400	0.216
EX_NC_077216.1_643	698400	0.65
EX_NC_077216.1_1135	698400	0.299
EX_NC_077008.1_87	2073044	0.948
EX_NC_077008.1_451	2073044	0.931
EX_NC_077008.1_915	2073044	1.0
EX_NC_077008.1_1139	2073044	1.0
EX_NC_076132.1_607	2843917	1.0
EX_NC_077008.1_635	2073044	0.987
EX_NC_076132.1_51	2843917	1.0
EX_NC_077008.1_1043	2073044	0.987
EX_NC_076132.1_215	2843917	0.779
EX_NC_077216.1_1195	698400	0.776
EX_NC_077216.1_671	698400	0.476
EX_NC_076132.1_635	2843917	1.0
EX_NC_077008.1_1015	2073044	1.0
EX_NC_077008.1_487	2073044	1.0
EX_NC_077008.1_1131	2073044	0.728
EX_NC_077216.1_647	698400	0.662
EX_NC_076132.1_107	2843917	0.615
EX_NC_077008.1_215	2073044	1.0
EX_NC_077216.1_115	698400	0.566
EX_NC_077008.1_239	2073044	1.0
EX_NC_077008.1_1039	2073044	1.0
EX_NC_077008.1_463	2073044	0.961
EX_NC_077008.1_219	2073044	0.929
EX_NC_077008.1_1051	2073044	1.0
EX_NC_077008.1_743	2073044	1.0
EX_NC_076132.1_275	2843917	1.0
EX_NC_077008.1_1179	2073044	1.0
EX_NC_076132.1_1035	2843917	1.0
EX_NC_077008.1_483	2073044	0.986
EX_NC_077216.1_1123	698400	0.623
EX_NC_077216.1_479	698400	0.224
EX_NC_077008.1_1099	2073044	1.0
EX_NC_077008.1_279	2073044	1.0
EX_NC_077216.1_575	698400	0.541
EX_NC_077216.1_739	698400	0.118
EX_NC_077008.1_1075	2073044	0.815
EX_NC_077008.1_291	2073044	0.96
EX_NC_077008.1_711	2073044	1.0
EX_NC_076132.1_719	2843917	1.0
EX_NC_077008.1_859	2073044	1.0
EX_NC_077216.1_255	698400	0.378
EX_NC_076132.1_1147	2843917	0.732
EX_NC_077216.1_1043	698400	0.446
EX_NC_076132.1_779	2843917	0.602
EX_NC_077216.1_767	698400	0.789
EX_NC_077216.1_539	698400	0.099
EX_NC_076132.1_11	2843917	0.709
EX_NC_076132.1_351	2843917	0.614
EX_NC_077216.1_1087	698400	0.414
EX_NC_077216.1_31	698400	0.075
EX_NC_077008.1_143	2073044	0.949
EX_NC_077216.1_1187	698400	0.671
EX_NC_077216.1_631	698400	0.566
EX_NC_077216.1_1167	698400	0.488
EX_NC_076132.1_807	2843917	1.0
EX_NC_077008.1_755	2073044	0.988
EX_NC_076132.1_507	2843917	1.0
EX_NC_077216.1_563	698400	0.154
EX_NC_076132.1_711	2843917	1.0
EX_NC_077216.1_147	698400	0.577
EX_NC_077008.1_123	2073044	0.931
EX_NC_077216.1_1055	698400	0.556
EX_NC_076132.1_1167	2843917	0.772
EX_NC_076132.1_251	2843917	0.778
EX_NC_076132.1_375	2843917	0.932
EX_NC_076132.1_491	2843917	1.0
EX_NC_076132.1_131	2843917	0.803
EX_NC_077008.1_179	2073044	1.0
EX_NC_077008.1_759	2073044	1.0
EX_NC_077216.1_283	119164	1.0
EX_NC_076132.1_795	2843917	1.0
EX_NC_077216.1_375	698400	0.125
EX_NC_077008.1_831	2073044	1.0
EX_NC_077008.1_503	2073044	1.0
EX_NC_077216.1_975	698400	0.486
EX_NC_077216.1_1199	698400	0.309
EX_NC_076132.1_1195	2843917	0.936
EX_NC_077008.1_183	2073044	0.974
EX_NC_076132.1_271	2843917	0.8
EX_NC_077216.1_795	698400	0.354
EX_NC_077008.1_511	2073044	0.986
EX_NC_076132.1_995	2843917	1.0
EX_NC_077216.1_491	698400	0.158
EX_NC_077216.1_211	119164	0.988
EX_NC_077008.1_591	2073044	0.987
EX_NC_077008.1_79	2073044	0.962
EX_NC_076132.1_119	2843917	1.0
EX_NC_077216.1_791	698400	0.358
EX_NC_077216.1_267	698400	0.066
EX_NC_077216.1_427	698400	0.16
EX_NC_076132.1_939	2843917	1.0
EX_NC_077216.1_107	698400	0.184
EX_NC_077008.1_1183	2073044	1.0
EX_NC_077216.1_163	698400	0.814
EX_NC_076132.1_359	2843917	1.0
EX_NC_076132.1_703	2843917	1.0
EX_NC_076132.1_791	2843917	1.0
EX_NC_076132.1_187	2843917	1.0
EX_NC_076132.1_1127	2843917	1.0
EX_NC_077008.1_1091	2073044	1.0
EX_NC_076132.1_975	2843917	0.76
EX_NC_077216.1_775	698400	1.0
EX_NC_077008.1_251	2073044	1.0
EX_NC_077216.1_191	698400	0.321
EX_NC_077216.1_59	698400	0.287
EX_NC_077216.1_335	698400	0.308
EX_NC_077008.1_723	2073044	0.988
EX_NC_077216.1_63	698400	0.362
EX_NC_077216.1_955	698400	0.87
EX_NC_076132.1_123	2843917	1.0
EX_NC_076132.1_679	2843917	1.0
EX_NC_077008.1_375	2073044	1.0
EX_NC_076132.1_879	2843917	0.896
EX_NC_077008.1_855	2073044	1.0
EX_NC_077008.1_979	2073044	1.0
EX_NC_077008.1_103	2073044	1.0
EX_NC_076132.1_399	2843917	1.0
EX_NC_077008.1_7	2073044	0.792
EX_NC_076132.1_583	2843917	1.0
EX_NC_077216.1_1051	698400	0.368
EX_NC_077216.1_1039	698400	1.0
EX_NC_077216.1_51	698400	0.256
EX_NC_077008.1_3	2073044	1.0
EX_NC_077008.1_91	2073044	1.0
EX_NC_077008.1_427	2073044	0.931
EX_NC_077216.1_143	698400	0.759
EX_NC_077216.1_443	698400	0.284
EX_NC_077008.1_35	2073044	1.0
EX_NC_076132.1_35	2843917	0.797
EX_NC_077216.1_951	698400	0.449
EX_NC_077216.1_367	698400	0.263
EX_NC_077216.1_651	698400	0.282
EX_NC_077216.1_875	698400	0.47
EX_NC_076132.1_111	2843917	1.0
EX_NC_077216.1_675	698400	0.3
EX_NC_077008.1_187	2073044	0.987
EX_NC_076132.1_691	2843917	1.0
EX_NC_077008.1_903	2073044	1.0
EX_NC_076132.1_295	2843917	0.506
EX_NC_077216.1_1159	698400	0.127
EX_NC_076132.1_407	2843917	1.0
EX_NC_077008.1_191	2073044	1.0
EX_NC_077216.1_303	698400	1.0
EX_NC_077216.1_231	698400	0.7
EX_NC_076132.1_655	2843917	0.519
EX_NC_076132.1_643	2843917	0.938
EX_NC_077008.1_1167	2073044	1.0
EX_NC_077216.1_159	698400	1.0
EX_NC_077008.1_707	2073044	0.959
EX_NC_077216.1_655	698400	1.0
EX_NC_077008.1_531	2073044	0.986
EX_NC_077216.1_787	698400	0.63
EX_NC_077008.1_819	2073044	1.0
EX_NC_077008.1_75	2073044	1.0
EX_NC_077216.1_515	698400	0.253
EX_NC_076132.1_363	2843917	1.0
EX_NC_076132.1_379	2843917	1.0
EX_NC_077008.1_767	2073044	1.0
EX_NC_077216.1_1111	698400	0.037
EX_NC_077008.1_51	2073044	1.0
EX_NC_076132.1_27	2843917	0.667
EX_NC_077008.1_1035	2073044	1.0
EX_NC_077216.1_95	698400	0.282
EX_NC_076132.1_335	2843917	0.637
EX_NC_077008.1_527	2073044	1.0
EX_NC_077216.1_79	698400	0.104
EX_NC_076132.1_139	2843917	1.0
EX_NC_076132.1_815	2843917	1.0
EX_NC_077216.1_887	698400	0.538
EX_NC_077008.1_623	2073044	1.0
EX_NC_077008.1_303	2073044	1.0
EX_NC_077008.1_639	2073044	0.987
EX_NC_077008.1_995	2073044	0.988
EX_NC_077216.1_215	698400	0.291
EX_NC_077008.1_547	2073044	1.0
EX_NC_076132.1_91	2843917	0.695
EX_NC_077216.1_979	698400	0.259
EX_NC_077008.1_111	2073044	1.0
EX_NC_077008.1_491	2073044	1.0
EX_NC_076132.1_223	2843917	0.915
EX_NC_076132.1_1179	2843917	0.785
EX_NC_077216.1_635	698400	0.146
EX_NC_076132.1_1103	2843917	0.936
EX_NC_076132.1_3	2843917	1.0
EX_NC_077008.1_567	2073044	0.974
EX_NC_076132.1_171	2843917	1.0
EX_NC_077216.1_759	698400	0.171
EX_NC_077008.1_1063	2073044	1.0
EX_NC_077216.1_99	698400	0.413
EX_NC_076132.1_803	2843917	0.829
EX_NC_077216.1_731	698400	0.318
EX_NC_077008.1_907	2073044	0.986
EX_NC_076132.1_291	2843917	1.0
EX_NC_076132.1_675	2843917	1.0
EX_NC_076132.1_947	2843917	0.932
EX_NC_077216.1_175	698400	0.169
EX_NC_077216.1_1083	698400	0.623
EX_NC_076132.1_439	2843917	0.8
EX_NC_077216.1_391	698400	0.037
EX_NC_077216.1_379	698400	0.224
EX_NC_077216.1_447	698400	0.222
EX_NC_076132.1_307	2843917	0.904
EX_NC_076132.1_567	2843917	0.753
EX_NC_077008.1_19	2073044	0.973
EX_NC_077008.1_875	2073044	0.987
EX_NC_077008.1_1087	2073044	0.949
EX_NC_077216.1_11	698400	0.212
EX_NC_077216.1_703	698400	0.566
EX_NC_076132.1_579	2843917	0.773
EX_NC_077008.1_539	2073044	1.0
EX_NC_077216.1_1035	698400	0.321
EX_NC_076132.1_371	2843917	1.0
EX_NC_077008.1_367	2073044	0.805
EX_NC_076132.1_99	2843917	0.608
EX_NC_076132.1_83	2843917	0.519
EX_NC_076132.1_503	2843917	1.0
EX_NC_077216.1_815	698400	0.143
EX_NC_076132.1_615	2843917	1.0
EX_NC_077008.1_435	2073044	1.0
EX_NC_076132.1_767	2843917	1.0
EX_NC_076132.1_883	2843917	0.457
EX_NC_077008.1_63	2073044	0.971
EX_NC_077008.1_687	2073044	1.0
EX_NC_077216.1_1103	698400	0.404
EX_NC_076132.1_511	2843917	1.0
EX_NC_076132.1_1139	2843917	1.0
EX_NC_076132.1_1075	2843917	1.0
EX_NC_076132.1_707	2843917	0.797
EX_NC_077008.1_27	2073044	1.0
EX_NC_077216.1_1003	698400	0.444
EX_NC_077216.1_23	698400	0.179
EX_NC_077008.1_275	2073044	0.985
EX_NC_077008.1_683	2073044	0.96
EX_NC_077008.1_223	2073044	0.961
EX_NC_076132.1_787	2843917	1.0
EX_NC_077216.1_735	698400	0.481
EX_NC_076132.1_259	2843917	0.939
EX_NC_077008.1_559	2073044	1.0
EX_NC_077008.1_935	2073044	0.975
EX_NC_077216.1_127	698400	0.56
EX_NC_077216.1_499	698400	0.341
EX_NC_077008.1_1019	2073044	1.0
EX_NC_077008.1_959	2073044	1.0
EX_NC_077008.1_695	2073044	1.0
EX_NC_077216.1_167	698400	0.013
EX_NC_076132.1_235	2843917	1.0
EX_NC_077216.1_679	698400	0.127
EX_NC_076132.1_659	2843917	1.0
EX_NC_076132.1_423	2843917	1.0
EX_NC_077008.1_83	2073044	1.0
EX_NC_077216.1_187	698400	0.163
EX_NC_077008.1_147	2073044	1.0
EX_NC_077216.1_271	698400	0.269
EX_NC_077008.1_747	2073044	1.0
EX_NC_077008.1_131	2073044	0.833
EX_NC_077216.1_523	698400	0.676
EX_NC_076132.1_759	2843917	1.0
EX_NC_077216.1_103	698400	0.299
EX_NC_076132.1_979	2843917	1.0
EX_NC_077008.1_1083	2073044	0.987
EX_NC_076132.1_871	2843917	1.0
EX_NC_077216.1_723	698400	0.309
EX_NC_077008.1_699	2073044	0.937
EX_NC_077008.1_71	2073044	0.974
EX_NC_076132.1_539	2843917	0.621
EX_NC_077216.1_135	698400	0.091
EX_NC_077216.1_1015	698400	1.0
EX_NC_076132.1_755	2843917	1.0
EX_NC_077008.1_415	2073044	1.0
EX_NC_076132.1_443	2843917	1.0
EX_NC_077216.1_1183	698400	0.169
EX_NC_077008.1_931	2073044	1.0
EX_NC_077008.1_243	2073044	0.988
EX_NC_077216.1_683	698400	0.263
EX_NC_077008.1_203	2073044	0.987
EX_NC_076132.1_775	2843917	0.773
EX_NC_077216.1_1155	698400	0.163
EX_NC_077216.1_27	698400	0.247
EX_NC_077216.1_715	698400	0.316
EX_NC_076132.1_39	2843917	1.0
EX_NC_077216.1_911	698400	0.104
EX_NC_077216.1_43	698400	1.0
EX_NC_077008.1_795	2073044	0.986
EX_NC_077008.1_1031	2073044	1.0
EX_NC_077216.1_111	698400	0.31
EX_NC_077216.1_879	698400	0.184
EX_NC_076132.1_895	2843917	0.773
EX_NC_076132.1_1151	2843917	0.766
EX_NC_076132.1_547	2843917	1.0
EX_NC_076132.1_467	2843917	1.0
EX_NC_076132.1_395	2843917	0.986
EX_NC_077216.1_239	698400	0.671
EX_NC_077216.1_1095	698400	0.333
EX_NC_077008.1_1151	2073044	0.958
EX_NC_077216.1_387	698400	0.447
EX_NC_077008.1_1175	2073044	0.986
EX_NC_077216.1_483	698400	0.333
EX_NC_076132.1_495	2843917	1.0
EX_NC_077216.1_83	698400	0.236
EX_NC_076132.1_1083	2843917	0.897
EX_NC_077216.1_87	698400	0.575
EX_NC_077216.1_623	698400	0.036
EX_NC_077216.1_663	698400	0.38
EX_NC_077008.1_1187	2073044	1.0
EX_NC_077008.1_555	2073044	1.0
EX_NC_077008.1_1007	2073044	0.934
EX_NC_076132.1_1115	2843917	1.0
EX_NC_077008.1_839	2073044	1.0
EX_NC_076132.1_799	2843917	1.0
EX_NC_077216.1_1047	698400	0.207
EX_NC_077008.1_315	2073044	1.0
EX_NC_077216.1_519	698400	0.878
EX_NC_077216.1_1191	698400	0.457
EX_NC_077216.1_431	698400	0.772
EX_NC_076132.1_999	2843917	1.0
EX_NC_077008.1_975	2073044	1.0
EX_NC_077216.1_959	698400	0.329
EX_NC_077008.1_23	2073044	1.0
EX_NC_077216.1_1023	698400	0.155
EX_NC_076132.1_687	2843917	1.0
EX_NC_076132.1_819	2843917	0.762
EX_NC_077008.1_211	2073044	1.0
EX_NC_076132.1_1123	2843917	1.0
EX_NC_077216.1_579	698400	0.333
EX_NC_077216.1_687	698400	0.26
EX_NC_076132.1_835	2843917	1.0
EX_NC_077008.1_1171	2073044	0.988
EX_NC_076132.1_531	2843917	0.988
EX_NC_077216.1_1079	698400	0.169
EX_NC_077216.1_1131	698400	0.185
EX_NC_077216.1_811	698400	0.6
EX_NC_077008.1_411	2073044	1.0
EX_NC_077216.1_123	698400	0.413
EX_NC_076132.1_727	2843917	1.0
EX_NC_077216.1_1171	698400	0.253
EX_NC_076132.1_47	2843917	0.781
EX_NC_076132.1_203	2843917	0.696
EX_NC_077216.1_603	698400	0.171
EX_NC_077216.1_891	698400	0.091
EX_NC_076132.1_783	2843917	1.0
EX_NC_076132.1_355	2843917	1.0
EX_NC_077216.1_667	698400	0.157
EX_NC_077216.1_307	119164	0.987
EX_NC_076132.1_43	2843917	1.0
EX_NC_077008.1_259	2073044	0.963
EX_NC_077008.1_479	2073044	1.0
EX_NC_077008.1_783	2073044	1.0
EX_NC_077008.1_943	2073044	1.0
EX_NC_077008.1_703	2073044	1.0
EX_NC_076132.1_279	2843917	1.0
EX_NC_077216.1_983	698400	0.269
EX_NC_077008.1_47	2073044	1.0
EX_NC_077008.1_1095	2073044	0.936
EX_NC_077216.1_943	698400	0.734
EX_NC_077008.1_1143	2073044	1.0
EX_NC_076132.1_487	2843917	1.0
EX_NC_076132.1_859	2843917	0.987
EX_NC_077008.1_811	2073044	1.0
EX_NC_076132.1_591	2843917	1.0
EX_NC_077008.1_535	2073044	0.928
EX_NC_076132.1_483	2843917	1.0
EX_NC_077216.1_743	698400	0.537
EX_NC_076132.1_863	2843917	1.0
EX_NC_077008.1_939	2073044	1.0
EX_NC_077008.1_231	2073044	1.0
EX_NC_077216.1_1019	698400	0.054
EX_NC_076132.1_19	2843917	1.0
EX_NC_077008.1_471	2073044	0.973
EX_NC_077008.1_11	2073044	1.0
EX_NC_077216.1_583	698400	0.556
EX_NC_076132.1_1155	2843917	0.987
EX_NC_077008.1_575	2073044	0.935
EX_NC_076132.1_479	2843917	0.75
EX_NC_077216.1_587	698400	0.181
EX_NC_076132.1_167	2843917	1.0
EX_NC_076132.1_811	2843917	1.0
EX_NC_077008.1_227	2073044	1.0
EX_NC_076132.1_71	2843917	1.0
EX_NC_077008.1_1107	2073044	0.928
EX_NC_077008.1_151	2073044	1.0
EX_NC_077216.1_1091	698400	1.0
EX_NC_077008.1_879	2073044	0.934
EX_NC_076132.1_435	2843917	1.0
EX_NC_077008.1_655	2073044	0.974
EX_NC_077008.1_287	2073044	1.0
EX_NC_077008.1_295	2073044	0.737
EX_NC_077216.1_639	698400	0.709
EX_NC_077008.1_627	2073044	1.0
EX_NC_077008.1_515	2073044	1.0
EX_NC_076132.1_431	2843917	1.0
EX_NC_077008.1_423	2073044	0.972
EX_NC_076132.1_207	2843917	1.0
EX_NC_076132.1_387	2843917	0.885
EX_NC_076132.1_263	2843917	1.0
EX_NC_077008.1_347	2073044	0.988
EX_NC_077008.1_719	2073044	1.0
EX_NC_077216.1_371	698400	0.012
EX_NC_077008.1_1003	2073044	0.838
EX_NC_076132.1_639	2843917	1.0
EX_NC_077008.1_571	2073044	1.0
EX_NC_076132.1_935	2843917	0.711
EX_NC_076132.1_183	2843917	0.627
EX_NC_077216.1_1147	698400	0.278
EX_NC_077008.1_923	2073044	0.959
EX_NC_077008.1_459	2073044	0.696
EX_NC_077216.1_179	698400	0.582
EX_NC_077216.1_755	698400	0.151
EX_NC_076132.1_147	2843917	1.0
EX_NC_076132.1_127	2843917	1.0
EX_NC_077008.1_847	2073044	1.0
EX_NC_077008.1_595	2073044	0.987
EX_NC_077008.1_851	2073044	1.0
EX_NC_076132.1_771	2843917	1.0
EX_NC_076132.1_323	2843917	1.0
EX_NC_076132.1_239	2843917	1.0
EX_NC_077216.1_599	698400	0.171
EX_NC_077216.1_711	698400	0.716
EX_NC_077216.1_463	698400	0.61
EX_NC_077008.1_807	2073044	0.955
EX_NC_077216.1_567	698400	0.128
EX_NC_076132.1_331	2843917	1.0
EX_NC_076132.1_1119	2843917	1.0
EX_NC_076132.1_1023	2843917	1.0
EX_NC_077008.1_387	2073044	1.0
EX_NC_077008.1_307	2073044	0.972
EX_NC_077216.1_1139	698400	0.358
EX_NC_077216.1_543	698400	0.208
EX_NC_077008.1_823	2073044	1.0
EX_NC_076132.1_163	2843917	1.0
EX_NC_077008.1_523	2073044	1.0
EX_NC_077216.1_1151	698400	0.667
EX_NC_077008.1_643	2073044	0.973
EX_NC_076132.1_367	2843917	0.753
EX_NC_076132.1_339	2843917	1.0
EX_NC_076132.1_667	2843917	0.762
EX_NC_076132.1_471	2843917	1.0
EX_NC_076132.1_527	2843917	1.0
EX_NC_077008.1_619	2073044	0.959
EX_NC_077008.1_899	2073044	1.0
EX_NC_076132.1_1143	2843917	0.987
EX_NC_077008.1_731	2073044	1.0
EX_NC_077008.1_1135	2073044	0.987
EX_NC_077008.1_1067	2073044	0.987
EX_NC_076132.1_447	2843917	0.725
EX_NC_077008.1_247	2073044	0.988
EX_NC_077008.1_815	2073044	0.785
EX_NC_076132.1_1131	2843917	1.0
EX_NC_076132.1_855	2843917	1.0
EX_NC_077216.1_207	698400	0.25
EX_NC_076132.1_731	2843917	1.0
EX_NC_076132.1_923	2843917	1.0
EX_NC_077008.1_735	2073044	1.0
EX_NC_077008.1_667	2073044	0.962
EX_NC_077216.1_883	698400	0.398
EX_NC_077008.1_127	2073044	1.0
EX_NC_077216.1_1099	698400	0.388
EX_NC_077216.1_35	698400	0.26
EX_NC_077008.1_787	2073044	1.0
EX_NC_077008.1_155	2073044	1.0
EX_NC_077008.1_543	2073044	1.0
EX_NC_077008.1_175	2073044	1.0
EX_NC_076132.1_451	2843917	1.0
EX_NC_076132.1_115	2843917	1.0
EX_NC_077008.1_771	2073044	0.929
EX_NC_076132.1_699	2843917	1.0
EX_NC_077008.1_1055	2073044	1.0
EX_NC_076132.1_347	2843917	0.945
EX_NC_077008.1_39	2073044	1.0
EX_NC_076132.1_823	2843917	0.934
EX_NC_077008.1_407	2073044	0.95
EX_NC_077216.1_847	698400	0.267
EX_NC_077008.1_691	2073044	0.975
EX_NC_077008.1_1191	2073044	0.988
EX_NC_076132.1_627	2843917	0.675
EX_NC_077008.1_235	2073044	0.986
EX_NC_077008.1_1127	2073044	1.0
EX_NC_077008.1_799	2073044	1.0
EX_NC_077008.1_399	2073044	1.0
EX_NC_076132.1_955	2843917	0.6
EX_NC_077008.1_335	2073044	1.0
EX_NC_076132.1_315	2843917	0.822
EX_NC_077008.1_999	2073044	1.0
EX_NC_076132.1_255	2843917	1.0
EX_NC_076132.1_1047	2843917	0.59
EX_NC_076132.1_95	2843917	1.0
EX_NC_077216.1_987	698400	1.0
EX_NC_077008.1_199	2073044	1.0
EX_NC_077216.1_263	698400	0.036
EX_NC_076132.1_311	2843917	0.855
EX_NC_077008.1_963	2073044	0.961
EX_NC_077216.1_139	698400	0.145
EX_NC_076132.1_967	2843917	0.762
EX_NC_077216.1_199	698400	0.134
EX_NC_076132.1_1051	2843917	0.68
EX_NC_076132.1_79	2843917	1.0
EX_NC_077008.1_891	2073044	1.0
EX_NC_077216.1_495	698400	1.0
EX_NC_077216.1_415	698400	0.012
EX_NC_077216.1_863	698400	0.329
EX_NC_076132.1_383	2843917	0.53
EX_NC_077008.1_955	2073044	0.987
EX_NC_077008.1_863	2073044	1.0
EX_NC_076132.1_515	2843917	1.0
EX_NC_076132.1_535	2843917	1.0
EX_NC_077216.1_471	698400	0.418
EX_NC_077216.1_247	698400	0.354
EX_NC_077008.1_207	2073044	0.987
EX_NC_077216.1_1175	698400	0.537
EX_NC_076132.1_851	2843917	1.0
EX_NC_076132.1_831	2843917	0.987
EX_NC_077008.1_475	2073044	1.0
EX_NC_076132.1_463	2843917	0.797
EX_NC_076132.1_343	2843917	1.0
EX_NC_077008.1_919	2073044	1.0
EX_NC_076132.1_191	2843917	0.628
EX_NC_077216.1_871	698400	0.617
EX_NC_077216.1_823	698400	0.341
EX_NC_077216.1_719	698400	0.474
EX_NC_076132.1_1175	2843917	1.0
EX_NC_076132.1_199	2843917	0.827
EX_NC_077008.1_59	2073044	0.987
EX_NC_076132.1_619	2843917	0.688
EX_NC_076132.1_59	2843917	1.0
EX_NC_076132.1_631	2843917	0.737
EX_NC_077008.1_167	2073044	1.0
EX_NC_076132.1_227	2843917	1.0
EX_NC_077008.1_327	2073044	1.0
EX_NC_077216.1_827	698400	0.15
EX_NC_077008.1_611	2073044	1.0
EX_NC_077216.1_995	698400	0.184
EX_NC_077008.1_171	2073044	0.986
EX_NC_076132.1_911	2843917	1.0
EX_NC_076132.1_723	2843917	1.0
EX_NC_076132.1_551	2843917	0.759
EX_NC_077008.1_383	2073044	0.987
EX_NC_077216.1_1107	698400	0.234
EX_NC_077216.1_1059	698400	0.506
EX_NC_077008.1_983	2073044	0.941
EX_NC_076132.1_1027	2843917	0.776
EX_NC_077216.1_411	698400	0.667
EX_NC_077216.1_155	698400	0.163
EX_NC_077008.1_679	2073044	0.974
EX_NC_076132.1_1015	2843917	1.0
EX_NC_077216.1_615	698400	1.0
EX_NC_076132.1_519	2843917	1.0
EX_NC_076132.1_875	2843917	1.0
EX_NC_077008.1_455	2073044	0.987
EX_NC_076132.1_739	2843917	1.0
EX_NC_076132.1_735	2843917	1.0
EX_NC_077008.1_971	2073044	0.973
EX_NC_077216.1_287	698400	0.145
EX_NC_077216.1_963	698400	0.65
EX_NC_076132.1_695	2843917	0.776
EX_NC_077216.1_151	698400	0.012
EX_NC_076132.1_1055	2843917	0.866
EX_NC_077216.1_347	698400	0.294
EX_NC_076132.1_1067	2843917	1.0
EX_NC_077216.1_1108	698400	0.193
EX_NC_077008.1_932	2073044	1.0
EX_NC_076132.1_428	2843917	0.937
EX_NC_077216.1_692	698400	0.173
EX_NC_076132.1_1060	2843917	1.0
EX_NC_076132.1_748	2843917	0.778
EX_NC_076132.1_908	2843917	1.0
EX_NC_077216.1_976	698400	0.253
EX_NC_077216.1_372	698400	0.207
EX_NC_077216.1_116	698400	0.014
EX_NC_076132.1_360	2843917	0.808
EX_NC_077216.1_176	698400	0.259
EX_NC_077008.1_112	2073044	0.963
EX_NC_077008.1_448	2073044	1.0
EX_NC_076132.1_840	2843917	1.0
EX_NC_077008.1_344	2073044	1.0
EX_NC_077008.1_316	2073044	0.987
EX_NC_077008.1_440	2073044	0.93
EX_NC_076132.1_456	2843917	0.987
EX_NC_077008.1_896	2073044	1.0
EX_NC_077008.1_48	2073044	1.0
EX_NC_077008.1_1172	2073044	1.0
EX_NC_077008.1_736	2073044	1.0
EX_NC_077008.1_984	2073044	0.987
EX_NC_077008.1_32	2073044	1.0
EX_NC_077008.1_68	2073044	1.0
EX_NC_077216.1_360	698400	1.0
EX_NC_077216.1_296	698400	0.136
EX_NC_076132.1_720	2843917	1.0
EX_NC_077216.1_1096	698400	0.062
EX_NC_076132.1_1168	2843917	0.808
EX_NC_077216.1_200	698400	1.0
EX_NC_077216.1_980	698400	0.347
EX_NC_077008.1_788	2073044	1.0
EX_NC_076132.1_176	2843917	0.615
EX_NC_077008.1_76	2073044	0.986
EX_NC_076132.1_724	2843917	0.795
EX_NC_077216.1_452	698400	0.115
EX_NC_077216.1_964	698400	1.0
EX_NC_077008.1_672	2073044	1.0
EX_NC_077216.1_80	698400	0.229
EX_NC_077008.1_216	2073044	1.0
EX_NC_077216.1_552	698400	1.0
EX_NC_076132.1_296	2843917	1.0
EX_NC_077008.1_304	2073044	1.0
EX_NC_077216.1_4	698400	0.47
EX_NC_077216.1_844	698400	0.676
EX_NC_076132.1_880	2843917	0.446
EX_NC_077216.1_384	698400	0.342
EX_NC_077008.1_1004	2073044	1.0
EX_NC_077216.1_332	698400	1.0
EX_NC_077216.1_104	698400	0.316
EX_NC_077216.1_968	698400	0.181
EX_NC_077008.1_136	2073044	0.974
EX_NC_076132.1_352	2843917	1.0
EX_NC_077216.1_1032	698400	0.623
EX_NC_077216.1_352	698400	0.179
EX_NC_076132.1_1064	2843917	0.935
EX_NC_077008.1_856	2073044	1.0
EX_NC_077216.1_544	698400	0.785
EX_NC_076132.1_552	2843917	1.0
EX_NC_076132.1_888	2843917	1.0
EX_NC_077216.1_1056	698400	0.203
EX_NC_077216.1_1172	698400	0.316
EX_NC_077216.1_636	698400	0.762
EX_NC_077008.1_636	2073044	1.0
EX_NC_076132.1_708	2843917	0.506
EX_NC_076132.1_304	2843917	1.0
EX_NC_077216.1_224	698400	0.518
EX_NC_076132.1_996	2843917	1.0
EX_NC_076132.1_728	2843917	0.728
EX_NC_077216.1_1048	698400	0.205
EX_NC_077216.1_1160	698400	0.118
EX_NC_077216.1_716	698400	0.253
EX_NC_077008.1_156	2073044	1.0
EX_NC_076132.1_744	2843917	0.617
EX_NC_077008.1_4	2073044	0.946
EX_NC_076132.1_676	2843917	1.0
EX_NC_077216.1_1020	698400	1.0
EX_NC_077008.1_556	2073044	1.0
EX_NC_077008.1_424	2073044	1.0
EX_NC_077216.1_1004	698400	0.111
EX_NC_077216.1_724	698400	0.476
EX_NC_077216.1_268	698400	0.145
EX_NC_076132.1_1084	2843917	1.0
EX_NC_076132.1_1176	2843917	1.0
EX_NC_076132.1_496	2843917	1.0
EX_NC_076132.1_228	2843917	1.0
EX_NC_076132.1_964	2843917	1.0
EX_NC_076132.1_336	2843917	0.451
EX_NC_077216.1_228	698400	0.192
EX_NC_077216.1_308	698400	0.824
EX_NC_077008.1_1108	2073044	0.96
EX_NC_076132.1_164	2843917	1.0
EX_NC_077216.1_992	698400	0.053
EX_NC_077216.1_528	698400	1.0
EX_NC_076132.1_16	2843917	0.987
EX_NC_077008.1_964	2073044	1.0
EX_NC_077216.1_292	698400	0.294
EX_NC_077216.1_508	698400	0.171
EX_NC_076132.1_240	2843917	1.0
EX_NC_077008.1_688	2073044	0.974
EX_NC_076132.1_1092	2843917	1.0
EX_NC_076132.1_120	2843917	0.988
EX_NC_077216.1_32	698400	0.476
EX_NC_077216.1_1104	698400	0.026
EX_NC_076132.1_1104	2843917	1.0
EX_NC_077008.1_240	2073044	0.986
EX_NC_077008.1_108	2073044	1.0
EX_NC_076132.1_684	2843917	1.0
EX_NC_077008.1_628	2073044	1.0
EX_NC_077216.1_1128	698400	0.165
EX_NC_076132.1_800	2843917	0.688
EX_NC_077008.1_472	2073044	0.973
EX_NC_077216.1_236	698400	0.208
EX_NC_077008.1_900	2073044	1.0
EX_NC_076132.1_348	2843917	0.512
EX_NC_077008.1_1088	2073044	1.0
EX_NC_077008.1_868	2073044	1.0
EX_NC_076132.1_928	2843917	1.0
EX_NC_076132.1_172	2843917	0.824
EX_NC_076132.1_1184	2843917	0.59
EX_NC_077216.1_1008	698400	0.398
EX_NC_076132.1_660	2843917	1.0
EX_NC_076132.1_1160	2843917	0.84
EX_NC_077008.1_488	2073044	1.0
EX_NC_077008.1_124	2073044	0.987
EX_NC_077008.1_980	2073044	1.0
EX_NC_077008.1_1184	2073044	0.949
EX_NC_076132.1_640	2843917	1.0
EX_NC_076132.1_432	2843917	1.0
EX_NC_077008.1_620	2073044	0.962
EX_NC_077008.1_232	2073044	1.0
EX_NC_077216.1_312	698400	0.625
EX_NC_077216.1_948	698400	0.31
EX_NC_077008.1_908	2073044	0.976
EX_NC_077216.1_532	698400	0.27
EX_NC_076132.1_884	2843917	0.53
EX_NC_076132.1_476	2843917	0.855
EX_NC_077216.1_624	698400	0.658
EX_NC_076132.1_12	2843917	0.469
EX_NC_077008.1_312	2073044	0.987
EX_NC_077008.1_960	2073044	1.0
EX_NC_077216.1_560	698400	0.655
EX_NC_077008.1_612	2073044	1.0
EX_NC_076132.1_912	2843917	0.519
EX_NC_077008.1_936	2073044	0.975
EX_NC_076132.1_520	2843917	1.0
EX_NC_076132.1_472	2843917	1.0
EX_NC_077008.1_20	2073044	0.986
EX_NC_076132.1_156	2843917	0.8
EX_NC_077216.1_136	698400	0.284
EX_NC_077216.1_876	698400	0.459
EX_NC_076132.1_180	2843917	1.0
EX_NC_077216.1_260	698400	0.756
EX_NC_076132.1_324	2843917	0.671
EX_NC_076132.1_700	2843917	0.8
EX_NC_077216.1_72	698400	0.167
EX_NC_076132.1_104	2843917	0.617
EX_NC_077008.1_632	2073044	1.0
EX_NC_077008.1_1096	2073044	1.0
EX_NC_076132.1_416	2843917	1.0
EX_NC_077216.1_152	698400	0.193
EX_NC_077216.1_492	698400	0.098
EX_NC_077008.1_64	2073044	1.0
EX_NC_076132.1_284	2843917	1.0
EX_NC_077216.1_656	119164	1.0
EX_NC_076132.1_448	2843917	1.0
EX_NC_077008.1_604	2073044	0.892
EX_NC_077008.1_1056	2073044	1.0
EX_NC_077216.1_156	698400	0.463
EX_NC_077216.1_488	698400	1.0
EX_NC_076132.1_500	2843917	1.0
EX_NC_077008.1_296	2073044	0.973
EX_NC_077216.1_300	698400	0.284
EX_NC_077008.1_52	2073044	0.948
EX_NC_077216.1_668	698400	0.073
EX_NC_076132.1_36	2843917	1.0
EX_NC_077216.1_760	698400	0.423
EX_NC_077008.1_740	2073044	0.944
EX_NC_076132.1_688	2843917	0.811
EX_NC_076132.1_852	2843917	1.0
EX_NC_076132.1_680	2843917	1.0
EX_NC_077008.1_712	2073044	1.0
EX_NC_076132.1_492	2843917	0.893
EX_NC_077216.1_144	698400	0.329
EX_NC_077216.1_812	119164	0.987
EX_NC_076132.1_780	2843917	1.0
EX_NC_076132.1_656	2843917	0.747
EX_NC_077216.1_1064	698400	0.297
EX_NC_077008.1_60	2073044	0.987
EX_NC_076132.1_692	2843917	1.0
EX_NC_077008.1_12	2073044	1.0
EX_NC_077008.1_184	2073044	0.973
EX_NC_077008.1_1048	2073044	1.0
EX_NC_077216.1_520	698400	0.462
EX_NC_076132.1_1132	2843917	0.688
EX_NC_076132.1_868	2843917	0.584
EX_NC_076132.1_664	2843917	0.769
EX_NC_077008.1_236	2073044	1.0
EX_NC_077216.1_640	698400	0.039
EX_NC_077216.1_1156	698400	0.648
EX_NC_077216.1_712	698400	0.36
EX_NC_077216.1_556	698400	0.012
EX_NC_076132.1_760	2843917	1.0
EX_NC_076132.1_112	2843917	1.0
EX_NC_077216.1_404	698400	0.099
EX_NC_076132.1_508	2843917	0.778
EX_NC_076132.1_1100	2843917	1.0
EX_NC_077216.1_284	698400	0.538
EX_NC_077216.1_672	698400	0.654
EX_NC_077216.1_816	698400	0.259
EX_NC_077216.1_1192	698400	0.133
EX_NC_077216.1_444	698400	0.13
EX_NC_076132.1_64	2843917	0.763
EX_NC_077008.1_396	2073044	1.0
EX_NC_077216.1_60	698400	0.157
EX_NC_077008.1_460	2073044	0.974
EX_NC_076132.1_1032	2843917	1.0
EX_NC_076132.1_256	2843917	1.0
EX_NC_076132.1_216	2843917	1.0
EX_NC_076132.1_212	2843917	1.0
EX_NC_077008.1_1192	2073044	0.972
EX_NC_077216.1_376	698400	1.0
EX_NC_076132.1_764	2843917	1.0
EX_NC_077216.1_348	698400	0.333
EX_NC_077216.1_704	698400	1.0
EX_NC_076132.1_1012	2843917	1.0
EX_NC_077216.1_664	698400	0.919
EX_NC_077216.1_524	698400	0.36
EX_NC_076132.1_1008	2843917	1.0
EX_NC_077008.1_1052	2073044	1.0
EX_NC_077008.1_148	2073044	0.962
EX_NC_076132.1_56	2843917	1.0
EX_NC_077216.1_276	698400	0.398
EX_NC_076132.1_328	2843917	1.0
EX_NC_076132.1_364	2843917	1.0
EX_NC_076132.1_84	2843917	1.0
EX_NC_077216.1_356	698400	0.704
EX_NC_077216.1_740	698400	0.303
EX_NC_076132.1_1136	2843917	0.524
EX_NC_077216.1_288	698400	0.28
EX_NC_077216.1_936	698400	0.663
EX_NC_077216.1_148	698400	0.325
EX_NC_077216.1_112	698400	0.176
EX_NC_077008.1_776	2073044	1.0
EX_NC_077216.1_44	698400	1.0
EX_NC_077216.1_324	698400	0.675
EX_NC_076132.1_932	2843917	0.987
EX_NC_077216.1_232	698400	0.305
EX_NC_076132.1_368	2843917	0.9
EX_NC_077008.1_884	2073044	1.0
EX_NC_076132.1_992	2843917	0.446
EX_NC_077008.1_228	2073044	1.0
EX_NC_077008.1_992	2073044	1.0
EX_NC_076132.1_52	2843917	1.0
EX_NC_077008.1_340	2073044	1.0
EX_NC_077216.1_720	698400	0.525
EX_NC_077216.1_456	698400	0.273
EX_NC_077008.1_1160	2073044	1.0
EX_NC_076132.1_936	2843917	0.949
EX_NC_077216.1_972	698400	0.11
EX_NC_076132.1_1192	2843917	1.0
EX_NC_077008.1_812	2073044	0.96
EX_NC_077008.1_724	2073044	0.975
EX_NC_077216.1_732	698400	0.218
EX_NC_077008.1_904	2073044	1.0
EX_NC_076132.1_332	2843917	0.683
EX_NC_077216.1_1040	698400	1.0
EX_NC_076132.1_200	2843917	0.525
EX_NC_077216.1_996	698400	0.707
EX_NC_077008.1_924	2073044	0.987
EX_NC_076132.1_820	2843917	0.595
EX_NC_077216.1_772	698400	0.494
EX_NC_076132.1_732	2843917	1.0
EX_NC_076132.1_1120	2843917	0.513
EX_NC_077216.1_36	698400	0.586
EX_NC_077216.1_780	698400	0.616
EX_NC_077216.1_96	698400	0.536
EX_NC_077216.1_1088	698400	0.613
EX_NC_077216.1_828	698400	0.291
EX_NC_076132.1_384	2843917	1.0
EX_NC_076132.1_184	2843917	0.671
EX_NC_077008.1_792	2073044	1.0
EX_NC_077216.1_660	698400	0.189
EX_NC_077216.1_644	698400	0.197
EX_NC_077216.1_884	698400	0.36
EX_NC_077216.1_16	698400	0.115
EX_NC_077008.1_192	2073044	1.0
EX_NC_077008.1_1012	2073044	0.899
EX_NC_077216.1_8	698400	0.718
EX_NC_076132.1_208	2843917	1.0
EX_NC_077216.1_164	698400	0.512
EX_NC_076132.1_80	2843917	0.753
EX_NC_077216.1_472	698400	0.16
EX_NC_076132.1_648	2843917	0.551
EX_NC_076132.1_848	2843917	1.0
EX_NC_077216.1_396	698400	0.058
EX_NC_077216.1_448	698400	0.548
EX_NC_077008.1_436	2073044	0.692
EX_NC_077008.1_484	2073044	1.0
EX_NC_077008.1_1024	2073044	1.0
EX_NC_076132.1_292	2843917	1.0
EX_NC_077008.1_164	2073044	0.961
EX_NC_076132.1_712	2843917	1.0
EX_NC_077008.1_1188	2073044	0.976
EX_NC_077216.1_28	698400	0.53
EX_NC_076132.1_596	2843917	1.0
EX_NC_077008.1_756	2073044	1.0
EX_NC_077008.1_456	2073044	0.973
EX_NC_077216.1_792	698400	0.645
EX_NC_077008.1_412	2073044	0.961
EX_NC_077008.1_512	2073044	1.0
EX_NC_077216.1_1136	698400	0.118
EX_NC_077216.1_220	698400	0.586
EX_NC_077216.1_956	698400	1.0
EX_NC_077008.1_360	2073044	1.0
EX_NC_077008.1_1100	2073044	1.0
EX_NC_076132.1_1096	2843917	0.6
EX_NC_077216.1_568	698400	0.079
EX_NC_077216.1_856	698400	0.063
EX_NC_077008.1_892	2073044	0.986
EX_NC_076132.1_100	2843917	1.0
EX_NC_076132.1_356	2843917	1.0
EX_NC_077008.1_200	2073044	0.938
EX_NC_076132.1_1172	2843917	0.733
EX_NC_076132.1_872	2843917	1.0
EX_NC_076132.1_28	2843917	0.853
EX_NC_076132.1_152	2843917	0.552
EX_NC_077008.1_888	2073044	0.988
EX_NC_076132.1_584	2843917	0.882
EX_NC_077216.1_652	698400	0.346
EX_NC_077216.1_40	698400	0.122
EX_NC_076132.1_452	2843917	1.0
EX_NC_076132.1_696	2843917	0.494
EX_NC_077008.1_920	2073044	1.0
EX_NC_077008.1_104	2073044	0.972
EX_NC_077216.1_908	698400	0.259
EX_NC_077008.1_580	2073044	0.988
EX_NC_077008.1_840	2073044	0.976
EX_NC_077216.1_1188	698400	0.377
EX_NC_077008.1_268	2073044	0.933
EX_NC_076132.1_948	2843917	0.714
EX_NC_076132.1_812	2843917	1.0
EX_NC_077008.1_288	2073044	1.0
EX_NC_077008.1_824	2073044	0.987
EX_NC_077008.1_1128	2073044	1.0
EX_NC_076132.1_288	2843917	0.921
EX_NC_077008.1_652	2073044	1.0
EX_NC_077216.1_264	698400	0.675
EX_NC_077008.1_196	2073044	0.986
EX_NC_077216.1_924	698400	0.4
EX_NC_077008.1_796	2073044	0.907
EX_NC_076132.1_896	2843917	0.763
EX_NC_077008.1_728	2073044	1.0
EX_NC_077008.1_1068	2073044	1.0
EX_NC_077008.1_820	2073044	1.0
EX_NC_076132.1_952	2843917	1.0
EX_NC_077008.1_948	2073044	1.0
EX_NC_076132.1_652	2843917	0.787
EX_NC_076132.1_244	2843917	1.0
EX_NC_076132.1_792	2843917	0.619
EX_NC_077216.1_168	698400	0.171
EX_NC_077216.1_252	698400	0.298
EX_NC_076132.1_532	2843917	1.0
EX_NC_077008.1_1076	2073044	0.963
EX_NC_076132.1_40	2843917	1.0
EX_NC_077008.1_384	2073044	1.0
EX_NC_076132.1_788	2843917	1.0
EX_NC_077216.1_620	698400	0.131
EX_NC_076132.1_4	2843917	0.617
EX_NC_077008.1_116	2073044	1.0
EX_NC_077008.1_1020	2073044	0.96
EX_NC_077216.1_1132	698400	0.012
EX_NC_076132.1_444	2843917	0.797
EX_NC_077008.1_864	2073044	0.988
EX_NC_077008.1_100	2073044	1.0
EX_NC_076132.1_300	2843917	0.6
EX_NC_077216.1_392	698400	0.225
EX_NC_076132.1_976	2843917	1.0
EX_NC_077008.1_524	2073044	1.0
EX_NC_077216.1_504	698400	0.025
EX_NC_077216.1_892	698400	0.078
EX_NC_076132.1_824	2843917	1.0
EX_NC_077008.1_152	2073044	0.986
EX_NC_077008.1_520	2073044	1.0
EX_NC_077216.1_756	698400	0.071
EX_NC_076132.1_440	2843917	0.778
EX_NC_077008.1_968	2073044	1.0
EX_NC_077008.1_264	2073044	0.904
EX_NC_077008.1_16	2073044	1.0
EX_NC_076132.1_544	2843917	0.78
EX_NC_077008.1_204	2073044	0.987
EX_NC_077216.1_1176	698400	0.069
EX_NC_077008.1_828	2073044	1.0
EX_NC_076132.1_784	2843917	1.0
EX_NC_077216.1_600	698400	0.96
EX_NC_077008.1_168	2073044	0.987
EX_NC_076132.1_1056	2843917	1.0
EX_NC_076132.1_160	2843917	1.0
EX_NC_077008.1_784	2073044	1.0
EX_NC_076132.1_1144	2843917	0.693
EX_NC_076132.1_924	2843917	1.0
EX_NC_077008.1_708	2073044	1.0
EX_NC_077216.1_1080	698400	0.325
EX_NC_076132.1_260	2843917	0.55
EX_NC_077216.1_1092	698400	0.398
EX_NC_076132.1_864	2843917	0.802
EX_NC_077216.1_180	698400	0.547
EX_NC_077008.1_1016	2073044	1.0
EX_NC_077008.1_876	2073044	1.0
EX_NC_077216.1_1152	698400	0.203
EX_NC_077216.1_1052	698400	0.452
EX_NC_077008.1_940	2073044	1.0
EX_NC_077216.1_744	698400	0.169
EX_NC_077216.1_12	698400	0.211
EX_NC_076132.1_1156	2843917	1.0
EX_NC_076132.1_128	2843917	0.974
EX_NC_077008.1_244	2073044	0.934
EX_NC_077216.1_800	698400	0.744
EX_NC_077008.1_832	2073044	0.908
EX_NC_076132.1_60	2843917	1.0
EX_NC_077216.1_612	698400	0.697
EX_NC_076132.1_904	2843917	1.0
EX_NC_077216.1_24	698400	0.272
EX_NC_077216.1_208	698400	0.329
EX_NC_076132.1_564	2843917	1.0
EX_NC_076132.1_380	2843917	1.0
EX_NC_076132.1_1164	2843917	1.0
EX_NC_077216.1_1016	698400	0.175
EX_NC_077008.1_1152	2073044	0.974
EX_NC_076132.1_76	2843917	0.778
EX_NC_077216.1_1028	698400	0.074
EX_NC_077008.1_912	2073044	0.987
EX_NC_076132.1_248	2843917	0.439
EX_NC_077216.1_848	698400	0.531
EX_NC_077008.1_704	2073044	1.0
EX_NC_077216.1_1000	698400	0.439
EX_NC_077008.1_1136	2073044	1.0
EX_NC_076132.1_388	2843917	1.0
EX_NC_076132.1_768	2843917	1.0
EX_NC_077216.1_952	698400	0.221
EX_NC_077216.1_572	698400	0.395
EX_NC_077216.1_944	698400	0.424
EX_NC_077008.1_1176	2073044	1.0
EX_NC_077216.1_580	698400	0.027
EX_NC_077216.1_92	698400	0.364
EX_NC_077216.1_316	698400	0.256
EX_NC_077008.1_336	2073044	1.0
EX_NC_077008.1_532	2073044	1.0
EX_NC_077008.1_1072	2073044	1.0
EX_NC_076132.1_1188	2843917	0.76
EX_NC_077216.1_536	698400	0.266
EX_NC_077008.1_660	2073044	0.987
EX_NC_077008.1_144	2073044	0.987
EX_NC_077216.1_616	698400	0.181
EX_NC_076132.1_400	2843917	1.0
EX_NC_077216.1_1112	698400	1.0
EX_NC_076132.1_24	2843917	1.0
EX_NC_077216.1_928	698400	0.317
EX_NC_076132.1_1040	2843917	1.0
EX_NC_077216.1_768	698400	0.195
EX_NC_076132.1_968	2843917	0.987
EX_NC_076132.1_196	2843917	0.444
EX_NC_076132.1_736	2843917	1.0
EX_NC_076132.1_892	2843917	1.0
EX_NC_076132.1_68	2843917	1.0
EX_NC_077008.1_1144	2073044	1.0
EX_NC_076132.1_464	2843917	1.0
EX_NC_077008.1_684	2073044	1.0
EX_NC_077216.1_48	698400	0.195
EX_NC_076132.1_140	2843917	1.0
EX_NC_077008.1_560	2073044	1.0
EX_NC_077008.1_176	2073044	1.0
EX_NC_077216.1_932	698400	0.338
EX_NC_076132.1_828	2843917	0.864
EX_NC_076132.1_816	2843917	0.75
EX_NC_077008.1_376	2073044	1.0
EX_NC_077216.1_912	119164	1.0
EX_NC_077216.1_820	698400	1.0
EX_NC_076132.1_308	2843917	0.63
EX_NC_077008.1_400	2073044	1.0
EX_NC_077216.1_1084	698400	0.115
EX_NC_077008.1_452	2073044	1.0
EX_NC_077008.1_528	2073044	1.0
EX_NC_076132.1_192	2843917	1.0
EX_NC_077216.1_840	698400	0.131
EX_NC_077008.1_1168	2073044	1.0
EX_NC_077008.1_80	2073044	0.963
EX_NC_076132.1_616	2843917	1.0
EX_NC_077216.1_592	698400	0.123
EX_NC_076132.1_804	2843917	0.776
EX_NC_077008.1_544	2073044	1.0
EX_NC_077216.1_100	698400	0.235
EX_NC_077008.1_276	2073044	1.0
EX_NC_077216.1_20	698400	0.412
EX_NC_077216.1_184	698400	0.025
EX_NC_077008.1_624	2073044	1.0
EX_NC_077216.1_604	698400	0.273
EX_NC_077008.1_188	2073044	1.0
EX_NC_076132.1_1088	2843917	0.844
EX_NC_077008.1_584	2073044	0.986
EX_NC_076132.1_188	2843917	1.0
EX_NC_077008.1_348	2073044	1.0
EX_NC_076132.1_108	2843917	1.0
EX_NC_077008.1_432	2073044	0.973
EX_NC_077008.1_588	2073044	1.0
EX_NC_077216.1_752	698400	0.819
EX_NC_076132.1_460	2843917	1.0
EX_NC_077008.1_608	2073044	0.987
EX_NC_076132.1_1072	2843917	0.938
EX_NC_077008.1_468	2073044	1.0
EX_NC_076132.1_168	2843917	0.566
EX_NC_077216.1_1180	698400	0.09
EX_NC_076132.1_412	2843917	1.0
EX_NC_076132.1_1196	2843917	0.582
EX_NC_076132.1_1028	2843917	1.0
EX_NC_077008.1_416	2073044	1.0
EX_NC_077008.1_648	2073044	1.0
EX_NC_076132.1_776	2843917	1.0
EX_NC_077008.1_1120	2073044	1.0
EX_NC_077216.1_916	698400	1.0
EX_NC_077008.1_380	2073044	0.986
EX_NC_076132.1_320	2843917	0.733
EX_NC_076132.1_44	2843917	0.63
EX_NC_077216.1_576	698400	0.385
EX_NC_076132.1_1152	2843917	0.537
EX_NC_077008.1_1000	2073044	0.974
EX_NC_077216.1_440	698400	0.687
EX_NC_077216.1_420	698400	0.756
EX_NC_077216.1_248	698400	0.1
EX_NC_076132.1_420	2843917	1.0
EX_NC_077216.1_564	698400	1.0
EX_NC_077216.1_676	698400	0.256
EX_NC_077008.1_372	2073044	0.975
EX_NC_077216.1_280	698400	0.519
EX_NC_077008.1_616	2073044	1.0
EX_NC_077216.1_256	698400	0.412
EX_NC_077008.1_1044	2073044	0.961
EX_NC_076132.1_1128	2843917	0.763
EX_NC_077008.1_916	2073044	1.0
EX_NC_077216.1_476	698400	0.329
EX_NC_076132.1_96	2843917	1.0
EX_NC_076132.1_1180	2843917	1.0
EX_NC_077008.1_352	2073044	0.987
EX_NC_076132.1_1076	2843917	0.962
EX_NC_077008.1_368	2073044	1.0
EX_NC_076132.1_148	2843917	0.625
EX_NC_076132.1_1020	2843917	1.0
EX_NC_077008.1_496	2073044	0.859
EX_NC_077008.1_476	2073044	0.971
EX_NC_077008.1_780	2073044	1.0
EX_NC_077216.1_364	698400	0.092
EX_NC_076132.1_568	2843917	0.987
EX_NC_076132.1_560	2843917	1.0
EX_NC_077216.1_696	698400	0.333
EX_NC_077008.1_444	2073044	0.975
EX_NC_076132.1_340	2843917	1.0
EX_NC_076132.1_220	2843917	0.778
EX_NC_077216.1_896	698400	0.532
EX_NC_076132.1_1108	2843917	0.53
EX_NC_077008.1_260	2073044	1.0
EX_NC_077008.1_72	2073044	1.0
EX_NC_077216.1_1044	698400	0.537
EX_NC_077216.1_1116	698400	1.0
EX_NC_077216.1_468	698400	0.253
EX_NC_077008.1_320	2073044	0.705
EX_NC_076132.1_528	2843917	1.0
EX_NC_077216.1_1036	698400	0.023
EX_NC_077008.1_1092	2073044	1.0
EX_NC_077008.1_760	2073044	0.962
EX_NC_077008.1_552	2073044	1.0
EX_NC_077216.1_328	119164	1.0
EX_NC_076132.1_124	2843917	0.948
EX_NC_077008.1_1064	2073044	0.948
EX_NC_077216.1_700	698400	0.383
EX_NC_077008.1_928	2073044	1.0
EX_NC_077216.1_304	698400	0.28
EX_NC_076132.1_920	2843917	1.0
EX_NC_077008.1_1196	2073044	0.949
EX_NC_077216.1_64	698400	0.295
EX_NC_077216.1_584	698400	0.205
EX_NC_077216.1_1100	698400	0.253
EX_NC_077008.1_508	2073044	1.0
EX_NC_077216.1_192	698400	0.024
EX_NC_076132.1_1080	2843917	1.0
EX_NC_076132.1_276	2843917	1.0
EX_NC_076132.1_92	2843917	0.684
EX_NC_076132.1_900	2843917	0.457
EX_NC_076132.1_88	2843917	1.0
EX_NC_077008.1_328	2073044	1.0
EX_NC_076132.1_488	2843917	1.0
EX_NC_077008.1_1148	2073044	1.0
EX_NC_077216.1_124	698400	0.183
EX_NC_077216.1_836	698400	0.642
EX_NC_077216.1_832	698400	0.286
EX_NC_077216.1_52	698400	0.667
EX_NC_077216.1_400	698400	0.649
EX_NC_077216.1_56	698400	0.286
EX_NC_077216.1_0	698400	0.651
EX_NC_076132.1_0	2843917	1.0
EX_NC_077008.1_716	2073044	1.0
EX_NC_077008.1_972	2073044	1.0
EX_NC_077216.1_340	698400	0.203
EX_NC_077008.1_1060	2073044	1.0
EX_NC_077008.1_772	2073044	1.0
EX_NC_077216.1_1196	698400	0.312
EX_NC_077008.1_0	2073044	0.973
EX_NC_077216.1_484	698400	0.231
EX_NC_076132.1_632	2843917	1.0
EX_NC_077216.1_808	698400	0.756
EX_NC_077008.1_720	2073044	1.0
EX_NC_076132.1_572	2843917	0.744
EX_NC_077216.1_1124	698400	1.0
EX_NC_077216.1_76	698400	0.5
EX_NC_077216.1_500	698400	0.413
EX_NC_077216.1_140	698400	0.177
EX_NC_076132.1_232	2843917	0.42
EX_NC_076132.1_856	2843917	0.566
EX_NC_077008.1_592	2073044	1.0
EX_NC_077008.1_808	2073044	0.936
EX_NC_076132.1_940	2843917	1.0
EX_NC_077216.1_1060	698400	0.241
EX_NC_077216.1_872	698400	0.733
EX_NC_076132.1_136	2843917	1.0
EX_NC_077008.1_976	2073044	1.0
EX_NC_076132.1_1068	2843917	1.0
EX_NC_077008.1_324	2073044	1.0
EX_NC_076132.1_624	2843917	1.0
EX_NC_077008.1_92	2073044	1.0
EX_NC_076132.1_740	2843917	1.0
EX_NC_077216.1_684	698400	0.349
EX_NC_077216.1_160	698400	0.671
EX_NC_077008.1_692	2073044	0.928
EX_NC_077216.1_588	698400	0.096
EX_NC_077008.1_280	2073044	0.973
EX_NC_077216.1_1168	698400	0.355
EX_NC_076132.1_224	2843917	1.0
EX_NC_077008.1_84	2073044	0.857
EX_NC_076132.1_1124	2843917	1.0
EX_NC_076132.1_272	2843917	0.988
EX_NC_076132.1_592	2843917	1.0
EX_NC_077008.1_680	2073044	0.987
EX_NC_077216.1_680	698400	1.0
EX_NC_077008.1_564	2073044	0.908
EX_NC_076132.1_424	2843917	1.0
EX_NC_077216.1_784	698400	0.269
EX_NC_076132.1_672	2843917	0.987
EX_NC_077216.1_688	698400	0.241
EX_NC_077216.1_1068	698400	0.365
EX_NC_077216.1_1144	698400	0.537
EX_NC_076132.1_480	2843917	1.0
EX_NC_077216.1_1164	698400	0.347
EX_NC_077008.1_696	2073044	0.986
EX_NC_077216.1_736	698400	0.455
EX_NC_077216.1_68	698400	1.0
EX_NC_077008.1_732	2073044	0.908
EX_NC_077216.1_84	698400	0.119
EX_NC_076132.1_984	2843917	1.0
EX_NC_076132.1_956	2843917	1.0
EX_NC_077008.1_300	2073044	0.987
EX_NC_076132.1_1024	2843917	0.917
EX_NC_077216.1_764	698400	0.633
EX_NC_077008.1_332	2073044	1.0
EX_NC_076132.1_504	2843917	0.702
EX_NC_077216.1_496	698400	0.2
EX_NC_076132.1_716	2843917	1.0
EX_NC_077008.1_464	2073044	1.0
EX_NC_077216.1_436	698400	0.676
EX_NC_077008.1_248	2073044	0.692
EX_NC_077008.1_28	2073044	1.0
EX_NC_076132.1_644	2843917	0.487
EX_NC_077008.1_644	2073044	1.0
EX_NC_077216.1_880	698400	0.195
EX_NC_076132.1_620	2843917	0.75
EX_NC_077008.1_536	2073044	1.0
EX_NC_077216.1_904	698400	0.421
EX_NC_077008.1_752	2073044	1.0
EX_NC_077216.1_864	698400	0.062
EX_NC_077008.1_1008	2073044	1.0
EX_NC_077216.1_320	698400	0.613
EX_NC_076132.1_556	2843917	0.575
EX_NC_076132.1_612	2843917	0.933
EX_NC_077216.1_868	698400	0.762
EX_NC_076132.1_980	2843917	0.709
EX_NC_077008.1_748	2073044	1.0
EX_NC_076132.1_704	2843917	0.949
EX_NC_076132.1_468	2843917	0.803
EX_NC_077216.1_608	698400	0.024
EX_NC_076132.1_1004	2843917	1.0
EX_NC_077008.1_1084	2073044	1.0
EX_NC_077216.1_852	698400	0.253
EX_NC_077216.1_776	698400	0.26
EX_NC_077008.1_1164	2073044	0.951
EX_NC_076132.1_236	2843917	0.933
EX_NC_077008.1_272	2073044	0.951
EX_NC_077008.1_848	2073044	1.0
EX_NC_076132.1_252	2843917	1.0
EX_NC_076132.1_116	2843917	1.0
EX_NC_077216.1_196	698400	0.885
EX_NC_077008.1_944	2073044	0.988
EX_NC_076132.1_576	2843917	0.488
EX_NC_077216.1_1024	698400	0.25
EX_NC_077216.1_960	698400	0.351
EX_NC_077216.1_788	698400	0.235
EX_NC_077008.1_676	2073044	1.0
EX_NC_076132.1_844	2843917	0.693
EX_NC_077216.1_516	698400	1.0
EX_NC_077216.1_344	698400	1.0
EX_NC_076132.1_408	2843917	1.0
EX_NC_077008.1_132	2073044	0.986
EX_NC_076132.1_392	2843917	0.797
EX_NC_076132.1_1036	2843917	0.822
EX_NC_077216.1_648	698400	0.442
EX_NC_076132.1_772	2843917	1.0
EX_NC_077216.1_988	698400	0.651
EX_NC_077008.1_516	2073044	1.0
EX_NC_077008.1_860	2073044	1.0
EX_NC_076132.1_132	2843917	1.0
EX_NC_076132.1_280	2843917	1.0
EX_NC_077008.1_844	2073044	1.0
EX_NC_077216.1_1184	698400	0.342
EX_NC_077216.1_888	698400	0.24
EX_NC_077008.1_1080	2073044	1.0
EX_NC_076132.1_404	2843917	0.961
EX_NC_077216.1_920	698400	0.434
EX_NC_076132.1_396	2843917	0.494
EX_NC_077008.1_656	2073044	1.0
EX_NC_077008.1_480	2073044	1.0
EX_NC_077008.1_664	2073044	1.0
EX_NC_076132.1_512	2843917	0.988
EX_NC_077216.1_1120	698400	0.79
EX_NC_077216.1_460	698400	0.346
EX_NC_077216.1_628	698400	0.325
EX_NC_077008.1_408	2073044	1.0
EX_NC_076132.1_580	2843917	1.0
EX_NC_077008.1_668	2073044	0.959
EX_NC_076132.1_32	2843917	0.646
EX_NC_077008.1_404	2073044	0.958
EX_NC_076132.1_72	2843917	0.654
EX_NC_077008.1_576	2073044	1.0
EX_NC_077216.1_388	698400	0.07
EX_NC_077008.1_744	2073044	1.0
EX_NC_077216.1_548	119164	1.0
EX_NC_077008.1_88	2073044	1.0
EX_NC_076132.1_316	2843917	0.867
EX_NC_077216.1_188	698400	0.247
EX_NC_077216.1_1012	698400	0.697
EX_NC_076132.1_48	2843917	1.0
EX_NC_077008.1_208	2073044	1.0
EX_NC_077008.1_568	2073044	0.958
EX_NC_076132.1_344	2843917	0.536
EX_NC_077216.1_212	698400	0.208
EX_NC_077008.1_220	2073044	1.0
EX_NC_077216.1_1140	698400	0.747
EX_NC_077216.1_108	698400	0.316
EX_NC_076132.1_372	2843917	1.0
EX_NC_077008.1_988	2073044	0.987
EX_NC_076132.1_376	2843917	1.0
EX_NC_076132.1_484	2843917	1.0
EX_NC_076132.1_1140	2843917	0.506
EX_NC_077008.1_492	2073044	1.0
EX_NC_077008.1_160	2073044	1.0
EX_NC_077216.1_416	698400	0.231
EX_NC_077008.1_44	2073044	0.959
EX_NC_076132.1_1044	2843917	0.671
EX_NC_077008.1_548	2073044	1.0
EX_NC_076132.1_588	2843917	1.0
EX_NC_077008.1_1104	2073044	0.951
EX_NC_077008.1_996	2073044	1.0
EX_NC_077008.1_292	2073044	0.973
EX_NC_076132.1_944	2843917	0.649
EX_NC_077008.1_700	2073044	0.958
EX_NC_076132.1_988	2843917	1.0
EX_NC_076132.1_796	2843917	1.0
EX_NC_077216.1_216	698400	0.156
EX_NC_076132.1_832	2843917	0.605
EX_NC_077008.1_420	2073044	0.732
EX_NC_077008.1_1112	2073044	1.0
EX_NC_077008.1_504	2073044	0.987
EX_NC_077216.1_380	698400	0.221
EX_NC_076132.1_1116	2843917	1.0
EX_NC_076132.1_1000	2843917	0.551
EX_NC_077008.1_40	2073044	1.0
EX_NC_076132.1_1112	2843917	0.688
EX_NC_077216.1_132	698400	0.413
EX_NC_076132.1_808	2843917	1.0
EX_NC_077008.1_252	2073044	1.0
EX_NC_077008.1_96	2073044	1.0
EX_NC_077008.1_120	2073044	0.973
EX_NC_077216.1_540	698400	0.422
EX_NC_077008.1_284	2073044	1.0
EX_NC_077216.1_428	698400	0.25
EX_NC_077008.1_256	2073044	0.899
EX_NC_077008.1_180	2073044	1.0
EX_NC_077216.1_728	698400	0.53
EX_NC_077008.1_816	2073044	0.704
EX_NC_076132.1_972	2843917	1.0
EX_NC_077008.1_388	2073044	1.0
EX_NC_077008.1_172	2073044	1.0
EX_NC_077008.1_1036	2073044	1.0
EX_NC_077008.1_804	2073044	1.0
EX_NC_076132.1_524	2843917	0.778
EX_NC_077216.1_88	698400	0.439
EX_NC_076132.1_436	2843917	0.988
EX_NC_077216.1_900	698400	0.961
EX_NC_077216.1_708	698400	0.418
EX_NC_076132.1_20	2843917	1.0
EX_NC_077216.1_596	698400	0.573
EX_NC_077216.1_632	698400	0.024
EX_NC_076132.1_204	2843917	1.0
EX_NC_076132.1_600	2843917	0.733
EX_NC_077008.1_768	2073044	1.0
EX_NC_077008.1_1124	2073044	1.0
EX_NC_077008.1_1140	2073044	0.986
EX_NC_077008.1_428	2073044	1.0
EX_NC_077008.1_1116	2073044	0.975
EX_NC_077008.1_24	2073044	0.883
EX_NC_077008.1_872	2073044	1.0
EX_NC_077008.1_572	2073044	1.0
EX_NC_077008.1_8	2073044	1.0
EX_NC_076132.1_516	2843917	1.0
EX_NC_077216.1_240	698400	0.012
EX_NC_077216.1_244	698400	0.211
EX_NC_077008.1_1132	2073044	1.0
EX_NC_077008.1_500	2073044	1.0
EX_NC_076132.1_756	2843917	1.0
EX_NC_077216.1_412	698400	0.197
EX_NC_077216.1_748	119164	0.987
EX_NC_076132.1_1048	2843917	1.0
EX_NC_077216.1_172	698400	0.269
EX_NC_077008.1_1032	2073044	0.948
EX_NC_077008.1_392	2073044	1.0
EX_NC_077008.1_836	2073044	0.949
EX_NC_077216.1_408	119164	1.0
EX_NC_077216.1_824	698400	0.163
EX_NC_077008.1_308	2073044	0.987
EX_NC_077008.1_140	2073044	1.0
EX_NC_077216.1_1148	698400	0.695
EX_NC_076132.1_604	2843917	0.615
EX_NC_076132.1_1052	2843917	1.0
EX_NC_077008.1_212	2073044	0.973
EX_NC_076132.1_752	2843917	1.0
EX_NC_076132.1_960	2843917	1.0
EX_NC_077216.1_940	698400	0.269
EX_NC_077008.1_600	2073044	1.0
EX_NC_076132.1_836	2843917	1.0
EX_NC_077008.1_800	2073044	1.0
EX_NC_077216.1_796	698400	0.469
EX_NC_077008.1_56	2073044	0.964
EX_NC_077216.1_120	698400	0.321
EX_NC_076132.1_264	2843917	1.0
EX_NC_076132.1_540	2843917	0.813
EX_NC_076132.1_628	2843917	1.0
EX_NC_076132.1_268	2843917	0.646
EX_NC_076132.1_916	2843917	1.0
EX_NC_077216.1_1076	698400	0.187
EX_NC_077216.1_804	698400	0.237
EX_NC_076132.1_144	2843917	1.0
EX_NC_077216.1_204	698400	0.481
EX_NC_077216.1_432	698400	0.338
EX_NC_077008.1_1156	2073044	0.974
EX_NC_077008.1_764	2073044	1.0
EX_NC_076132.1_536	2843917	1.0
EX_NC_077008.1_356	2073044	0.974
EX_NC_077008.1_128	2073044	1.0
EX_NC_077216.1_128	698400	0.972
EX_NC_076132.1_8	2843917	1.0
EX_NC_077008.1_952	2073044	1.0
EX_NC_077008.1_1040	2073044	0.974
EX_NC_077008.1_640	2073044	0.949
EX_NC_077008.1_364	2073044	0.896
EX_NC_077008.1_540	2073044	1.0
EX_NC_077216.1_424	698400	0.273
EX_NC_077216.1_1072	698400	0.416
EX_NC_077216.1_336	698400	0.366
EX_NC_077216.1_464	698400	0.012
EX_NC_077008.1_880	2073044	0.986
EX_NC_077008.1_956	2073044	0.932
EX_NC_076132.1_312	2843917	0.889
EX_NC_076132.1_860	2843917	1.0
EX_NC_077216.1_984	698400	0.671
EX_NC_076132.1_1148	2843917	0.676
EX_NC_076132.1_876	2843917	0.933
EX_NC_076132.1_668	2843917	0.641
EX_NC_077216.1_272	698400	1.0
EX_NC_077216.1_860	698400	1.0
EX_NC_077216.1_368	698400	0.623
EX_NC_077216.1_480	698400	1.0
EX_NC_076132.1_608	2843917	0.926
EX_NC_076132.1_1016	2843917	0.5
EX_NC_077008.1_1028	2073044	1.0
EX_NC_077008.1_852	2073044	1.0
EX_NC_077008.1_1180	2073044	1.0
EX_NC_077008.1_596	2073044	0.972
EX_NC_077216.1_512	698400	0.455
EX_NC_077008.1_36	2073044	0.753
EX_NC_076132.1_548	2843917	0.89
EX_NC_076132.1_636	2843917	0.562
EX_NC_077008.1_224	2073044	0.75
EX_NC_077216.1_725	698400	0.388
EX_NC_076132.1_101	2843917	1.0
EX_NC_077216.1_645	698400	0.556
EX_NC_077008.1_29	2073044	1.0
EX_NC_077216.1_885	698400	0.578
EX_NC_077008.1_353	2073044	1.0
EX_NC_077008.1_965	2073044	1.0
EX_NC_077216.1_833	698400	0.308
EX_NC_077008.1_37	2073044	1.0
EX_NC_077008.1_1	2073044	1.0
EX_NC_077216.1_465	698400	0.329
EX_NC_076132.1_985	2843917	0.405
EX_NC_077008.1_553	2073044	0.958
EX_NC_076132.1_245	2843917	1.0
EX_NC_077008.1_265	2073044	1.0
EX_NC_076132.1_409	2843917	0.541
EX_NC_077008.1_905	2073044	0.947
EX_NC_077216.1_29	698400	0.305
EX_NC_077008.1_993	2073044	0.986
EX_NC_077008.1_837	2073044	0.987
EX_NC_077216.1_209	698400	0.337
EX_NC_076132.1_1001	2843917	1.0
EX_NC_077008.1_1093	2073044	1.0
EX_NC_077216.1_717	698400	0.231
EX_NC_077216.1_501	698400	0.444
EX_NC_076132.1_641	2843917	0.725
EX_NC_077216.1_185	698400	0.221
EX_NC_077008.1_917	2073044	1.0
EX_NC_076132.1_925	2843917	1.0
EX_NC_076132.1_205	2843917	1.0
EX_NC_077216.1_865	698400	0.074
EX_NC_077216.1_597	698400	0.42
EX_NC_077008.1_273	2073044	1.0
EX_NC_077008.1_89	2073044	0.987
EX_NC_077008.1_529	2073044	1.0
EX_NC_076132.1_1105	2843917	1.0
EX_NC_077008.1_949	2073044	0.975
EX_NC_076132.1_289	2843917	0.582
EX_NC_077008.1_69	2073044	1.0
EX_NC_077216.1_817	698400	1.0
EX_NC_077008.1_517	2073044	0.973
EX_NC_077216.1_85	698400	0.434
EX_NC_077216.1_1033	698400	0.525
EX_NC_077008.1_1021	2073044	1.0
EX_NC_076132.1_29	2843917	1.0
EX_NC_076132.1_913	2843917	1.0
EX_NC_077216.1_445	698400	0.013
EX_NC_077216.1_1045	698400	0.349
EX_NC_076132.1_121	2843917	1.0
EX_NC_077216.1_325	698400	0.358
EX_NC_077008.1_1173	2073044	1.0
EX_NC_077008.1_729	2073044	0.975
EX_NC_077216.1_1025	698400	1.0
EX_NC_076132.1_565	2843917	0.988
EX_NC_077008.1_1121	2073044	0.986
EX_NC_077216.1_361	698400	0.859
EX_NC_077216.1_253	698400	0.091
EX_NC_077008.1_893	2073044	1.0
EX_NC_077216.1_1089	698400	1.0
EX_NC_077216.1_1117	698400	0.243
EX_NC_076132.1_569	2843917	1.0
EX_NC_076132.1_393	2843917	1.0
EX_NC_076132.1_805	2843917	1.0
EX_NC_077008.1_57	2073044	1.0
EX_NC_077008.1_101	2073044	1.0
EX_NC_076132.1_109	2843917	1.0
EX_NC_077216.1_193	698400	0.425
EX_NC_077008.1_201	2073044	0.973
EX_NC_077008.1_65	2073044	1.0
EX_NC_077008.1_969	2073044	1.0
EX_NC_077216.1_1105	698400	0.103
EX_NC_076132.1_897	2843917	0.696
EX_NC_077216.1_593	698400	0.545
EX_NC_077008.1_433	2073044	1.0
EX_NC_077008.1_821	2073044	1.0
EX_NC_077216.1_781	698400	0.637
EX_NC_077008.1_637	2073044	0.974
EX_NC_076132.1_553	2843917	0.614
EX_NC_076132.1_901	2843917	1.0
EX_NC_076132.1_529	2843917	1.0
EX_NC_077008.1_109	2073044	1.0
EX_NC_077216.1_229	698400	0.653
EX_NC_077216.1_233	698400	0.513
EX_NC_077216.1_17	698400	0.173
EX_NC_076132.1_69	2843917	0.737
EX_NC_076132.1_789	2843917	0.763
EX_NC_077216.1_1181	698400	0.797
EX_NC_077216.1_653	698400	0.175
EX_NC_076132.1_325	2843917	0.702
EX_NC_077216.1_909	698400	0.636
EX_NC_077008.1_1057	2073044	0.987
EX_NC_077216.1_949	698400	1.0
EX_NC_077008.1_13	2073044	0.944
EX_NC_077216.1_181	698400	0.482
EX_NC_076132.1_621	2843917	1.0
EX_NC_076132.1_329	2843917	0.494
EX_NC_077216.1_429	698400	0.086
EX_NC_076132.1_997	2843917	1.0
EX_NC_076132.1_545	2843917	0.873
EX_NC_076132.1_857	2843917	1.0
EX_NC_077216.1_649	698400	0.088
EX_NC_077008.1_305	2073044	1.0
EX_NC_076132.1_201	2843917	0.943
EX_NC_076132.1_1033	2843917	1.0
EX_NC_077216.1_433	698400	0.152
EX_NC_076132.1_981	2843917	0.679
EX_NC_077008.1_721	2073044	0.987
EX_NC_077008.1_289	2073044	0.986
EX_NC_076132.1_701	2843917	1.0
EX_NC_076132.1_993	2843917	0.988
EX_NC_077216.1_1085	698400	0.2
EX_NC_077216.1_213	698400	0.108
EX_NC_076132.1_1021	2843917	1.0
EX_NC_076132.1_1057	2843917	1.0
EX_NC_076132.1_693	2843917	0.75
EX_NC_077216.1_853	698400	0.114
EX_NC_076132.1_961	2843917	1.0
EX_NC_076132.1_665	2843917	1.0
EX_NC_076132.1_685	2843917	0.987
EX_NC_077008.1_697	2073044	1.0
EX_NC_076132.1_1097	2843917	0.803
EX_NC_076132.1_785	2843917	0.645
EX_NC_077008.1_645	2073044	0.987
EX_NC_077216.1_745	698400	0.506
EX_NC_077216.1_929	698400	0.731
EX_NC_077008.1_77	2073044	0.973
EX_NC_077216.1_329	698400	0.714
EX_NC_076132.1_189	2843917	1.0
EX_NC_077216.1_357	698400	0.154
EX_NC_077216.1_609	698400	0.59
EX_NC_077008.1_41	2073044	1.0
EX_NC_076132.1_57	2843917	1.0
EX_NC_076132.1_1093	2843917	1.0
EX_NC_077008.1_309	2073044	1.0
EX_NC_077216.1_141	698400	0.769
EX_NC_077216.1_189	698400	0.012
EX_NC_076132.1_1029	2843917	0.691
EX_NC_077008.1_161	2073044	1.0
EX_NC_077216.1_825	698400	0.19
EX_NC_076132.1_113	2843917	1.0
EX_NC_077216.1_789	698400	0.244
EX_NC_077008.1_193	2073044	1.0
EX_NC_076132.1_741	2843917	0.785
EX_NC_076132.1_949	2843917	0.875
EX_NC_077008.1_441	2073044	0.987
EX_NC_077216.1_173	698400	0.386
EX_NC_077008.1_173	2073044	0.974
EX_NC_076132.1_1109	2843917	1.0
EX_NC_077008.1_505	2073044	0.959
EX_NC_077008.1_629	2073044	0.949
EX_NC_076132.1_1013	2843917	1.0
EX_NC_077008.1_609	2073044	1.0
EX_NC_076132.1_129	2843917	0.988
EX_NC_077216.1_77	698400	0.463
EX_NC_077008.1_205	2073044	0.986
EX_NC_076132.1_689	2843917	1.0
EX_NC_077216.1_893	698400	0.623
EX_NC_077216.1_297	698400	0.452
EX_NC_077216.1_45	698400	1.0
EX_NC_077008.1_1085	2073044	0.987
EX_NC_077216.1_473	698400	0.096
EX_NC_077216.1_341	698400	0.036
EX_NC_077216.1_553	698400	0.853
EX_NC_077008.1_377	2073044	0.972
EX_NC_077216.1_621	698400	0.317
EX_NC_076132.1_89	2843917	0.639
EX_NC_077216.1_1173	698400	0.878
EX_NC_077008.1_853	2073044	0.974
EX_NC_077008.1_177	2073044	1.0
EX_NC_077008.1_1125	2073044	1.0
EX_NC_077008.1_285	2073044	1.0
EX_NC_077008.1_369	2073044	0.709
EX_NC_076132.1_381	2843917	1.0
EX_NC_077216.1_1165	698400	0.36
EX_NC_077216.1_345	698400	0.347
EX_NC_077216.1_301	698400	0.57
EX_NC_077008.1_381	2073044	0.704
EX_NC_076132.1_177	2843917	1.0
EX_NC_077008.1_673	2073044	0.987
EX_NC_077216.1_805	698400	0.014
EX_NC_077216.1_541	698400	0.104
EX_NC_076132.1_881	2843917	0.625
EX_NC_077008.1_681	2073044	0.946
EX_NC_077216.1_921	698400	0.012
EX_NC_077216.1_149	698400	0.214
EX_NC_076132.1_317	2843917	0.622
EX_NC_077008.1_1161	2073044	0.975
EX_NC_076132.1_53	2843917	0.659
EX_NC_076132.1_137	2843917	0.671
EX_NC_077216.1_249	698400	0.566
EX_NC_077216.1_333	698400	0.294
EX_NC_077008.1_953	2073044	1.0
EX_NC_077216.1_1097	698400	0.358
EX_NC_076132.1_305	2843917	1.0
EX_NC_076132.1_1069	2843917	0.654
EX_NC_077216.1_801	698400	0.312
EX_NC_077008.1_85	2073044	1.0
EX_NC_076132.1_477	2843917	0.925
EX_NC_077008.1_5	2073044	1.0
EX_NC_077008.1_513	2073044	0.973
EX_NC_076132.1_369	2843917	0.933
EX_NC_076132.1_1053	2843917	0.632
EX_NC_077216.1_1101	698400	0.618
EX_NC_077216.1_613	698400	0.218
EX_NC_076132.1_73	2843917	1.0
EX_NC_076132.1_765	2843917	1.0
EX_NC_077216.1_205	698400	0.295
EX_NC_076132.1_85	2843917	1.0
EX_NC_077216.1_901	698400	0.221
EX_NC_076132.1_537	2843917	1.0
EX_NC_077008.1_669	2073044	1.0
EX_NC_077008.1_997	2073044	1.0
EX_NC_077008.1_413	2073044	0.987
EX_NC_077216.1_881	698400	0.305
EX_NC_076132.1_681	2843917	1.0
EX_NC_077216.1_589	698400	0.113
EX_NC_076132.1_1165	2843917	0.679
EX_NC_077008.1_453	2073044	0.959
EX_NC_077216.1_761	698400	0.913
EX_NC_076132.1_301	2843917	1.0
EX_NC_076132.1_629	2843917	1.0
EX_NC_077216.1_393	698400	0.205
EX_NC_077008.1_1001	2073044	1.0
EX_NC_076132.1_1009	2843917	1.0
EX_NC_077216.1_165	698400	0.253
EX_NC_076132.1_733	2843917	0.759
EX_NC_077216.1_405	698400	0.118
EX_NC_076132.1_561	2843917	1.0
EX_NC_076132.1_773	2843917	0.987
EX_NC_076132.1_293	2843917	0.775
EX_NC_076132.1_821	2843917	0.8
EX_NC_076132.1_861	2843917	0.987
EX_NC_077008.1_1185	2073044	0.975
EX_NC_077216.1_889	698400	0.312
EX_NC_077216.1_125	698400	0.211
EX_NC_077008.1_533	2073044	1.0
EX_NC_077008.1_661	2073044	1.0
EX_NC_077216.1_913	698400	0.578
EX_NC_076132.1_473	2843917	1.0
EX_NC_076132.1_549	2843917	0.713
EX_NC_077216.1_989	698400	0.036
EX_NC_077216.1_57	698400	0.545
EX_NC_076132.1_141	2843917	0.76
EX_NC_077216.1_773	698400	0.036
EX_NC_077008.1_1037	2073044	0.975
EX_NC_076132.1_841	2843917	1.0
EX_NC_077008.1_321	2073044	1.0
EX_NC_077216.1_685	698400	0.475
EX_NC_077008.1_393	2073044	1.0
EX_NC_077216.1_661	698400	0.231
EX_NC_077216.1_953	698400	0.216
EX_NC_076132.1_541	2843917	1.0
EX_NC_077008.1_885	2073044	1.0
EX_NC_077008.1_293	2073044	0.957
EX_NC_077216.1_121	698400	0.093
EX_NC_077216.1_493	698400	0.215
EX_NC_076132.1_173	2843917	1.0
EX_NC_076132.1_749	2843917	0.615
EX_NC_076132.1_933	2843917	0.938
EX_NC_077008.1_981	2073044	1.0
EX_NC_077008.1_973	2073044	1.0
EX_NC_077008.1_169	2073044	1.0
EX_NC_077008.1_341	2073044	1.0
EX_NC_077008.1_573	2073044	1.0
EX_NC_077216.1_857	698400	0.446
EX_NC_076132.1_525	2843917	1.0
EX_NC_077216.1_89	698400	0.524
EX_NC_077216.1_637	698400	0.122
EX_NC_077216.1_705	698400	0.266
EX_NC_076132.1_869	2843917	1.0
EX_NC_076132.1_33	2843917	1.0
EX_NC_076132.1_125	2843917	1.0
EX_NC_077216.1_981	698400	0.419
EX_NC_076132.1_1129	2843917	1.0
EX_NC_077216.1_869	698400	0.263
EX_NC_077216.1_401	698400	0.277
EX_NC_076132.1_489	2843917	1.0
EX_NC_076132.1_485	2843917	1.0
EX_NC_077008.1_489	2073044	1.0
EX_NC_076132.1_929	2843917	1.0
EX_NC_077216.1_669	698400	0.221
EX_NC_077216.1_821	698400	0.55
EX_NC_076132.1_193	2843917	1.0
EX_NC_077216.1_137	698400	0.684
EX_NC_077216.1_945	698400	0.329
EX_NC_077008.1_1101	2073044	1.0
EX_NC_076132.1_373	2843917	1.0
EX_NC_076132.1_1073	2843917	1.0
EX_NC_077008.1_693	2073044	1.0
EX_NC_077008.1_213	2073044	1.0
EX_NC_077008.1_357	2073044	0.986
EX_NC_077008.1_1177	2073044	1.0
EX_NC_076132.1_97	2843917	0.512
EX_NC_077008.1_153	2073044	0.987
EX_NC_077216.1_237	698400	0.549
EX_NC_077008.1_1157	2073044	1.0
EX_NC_077216.1_337	698400	0.506
EX_NC_076132.1_181	2843917	0.951
EX_NC_077216.1_13	698400	0.092
EX_NC_077216.1_1133	698400	0.113
EX_NC_077008.1_1113	2073044	1.0
EX_NC_077008.1_841	2073044	0.949
EX_NC_076132.1_169	2843917	1.0
EX_NC_077008.1_401	2073044	1.0
EX_NC_076132.1_209	2843917	1.0
EX_NC_076132.1_921	2843917	0.658
EX_NC_076132.1_825	2843917	1.0
EX_NC_077008.1_909	2073044	1.0
EX_NC_077008.1_849	2073044	0.873
EX_NC_076132.1_17	2843917	1.0
EX_NC_076132.1_589	2843917	1.0
EX_NC_077008.1_1129	2073044	1.0
EX_NC_076132.1_917	2843917	1.0
EX_NC_077216.1_441	119164	1.0
EX_NC_076132.1_905	2843917	1.0
EX_NC_077008.1_1009	2073044	0.931
EX_NC_077008.1_249	2073044	0.974
EX_NC_077008.1_281	2073044	1.0
EX_NC_077216.1_53	698400	0.084
EX_NC_077216.1_117	698400	0.221
EX_NC_077008.1_389	2073044	0.987
EX_NC_077008.1_1165	2073044	1.0
EX_NC_077216.1_1197	698400	0.714
EX_NC_076132.1_937	2843917	1.0
EX_NC_077008.1_129	2073044	1.0
EX_NC_077216.1_285	698400	0.157
EX_NC_077008.1_817	2073044	1.0
EX_NC_077008.1_581	2073044	1.0
EX_NC_077008.1_797	2073044	1.0
EX_NC_077216.1_721	698400	0.256
EX_NC_076132.1_61	2843917	1.0
EX_NC_077008.1_437	2073044	0.8
EX_NC_077008.1_597	2073044	0.988
EX_NC_077008.1_1061	2073044	0.973
EX_NC_077216.1_517	119164	1.0
EX_NC_077008.1_373	2073044	1.0
EX_NC_077008.1_641	2073044	0.987
EX_NC_077008.1_929	2073044	0.973
EX_NC_077008.1_653	2073044	1.0
EX_NC_077008.1_1089	2073044	1.0
EX_NC_077216.1_873	698400	0.208
EX_NC_077008.1_621	2073044	1.0
EX_NC_077216.1_693	698400	0.459
EX_NC_076132.1_761	2843917	1.0
EX_NC_077216.1_481	698400	1.0
EX_NC_077216.1_509	698400	0.724
EX_NC_076132.1_1193	2843917	0.757
EX_NC_076132.1_725	2843917	0.518
EX_NC_077216.1_585	119164	0.911
EX_NC_077008.1_1117	2073044	1.0
EX_NC_076132.1_977	2843917	0.878
EX_NC_077216.1_737	698400	0.024
EX_NC_076132.1_533	2843917	1.0
EX_NC_077216.1_973	698400	1.0
EX_NC_077008.1_337	2073044	1.0
EX_NC_076132.1_593	2843917	1.0
EX_NC_076132.1_1085	2843917	1.0
EX_NC_076132.1_265	2843917	0.785
EX_NC_077216.1_933	119164	0.987
EX_NC_077216.1_1057	698400	1.0
EX_NC_077216.1_421	698400	0.438
EX_NC_077216.1_69	698400	0.613
EX_NC_077216.1_289	698400	0.165
EX_NC_076132.1_165	2843917	0.987
EX_NC_076132.1_517	2843917	1.0
EX_NC_077216.1_993	698400	0.333
EX_NC_076132.1_1077	2843917	0.667
EX_NC_077008.1_813	2073044	0.986
EX_NC_077216.1_81	698400	1.0
EX_NC_077216.1_33	698400	0.616
EX_NC_077216.1_565	698400	0.632
EX_NC_077008.1_781	2073044	1.0
EX_NC_077008.1_753	2073044	0.987
EX_NC_077008.1_977	2073044	1.0
EX_NC_077216.1_629	698400	0.312
EX_NC_077008.1_1049	2073044	1.0
EX_NC_077216.1_657	698400	0.073
EX_NC_076132.1_829	2843917	0.64
EX_NC_077216.1_665	698400	0.036
EX_NC_076132.1_1181	2843917	1.0
EX_NC_076132.1_49	2843917	1.0
EX_NC_076132.1_585	2843917	1.0
EX_NC_076132.1_1161	2843917	1.0
EX_NC_077216.1_897	698400	0.012
EX_NC_076132.1_617	2843917	1.0
EX_NC_076132.1_309	2843917	1.0
EX_NC_077216.1_1093	698400	0.5
EX_NC_076132.1_45	2843917	0.531
EX_NC_077216.1_633	698400	0.972
EX_NC_076132.1_313	2843917	1.0
EX_NC_077008.1_901	2073044	0.959
EX_NC_077008.1_845	2073044	0.987
EX_NC_077008.1_985	2073044	1.0
EX_NC_077008.1_793	2073044	0.986
EX_NC_077216.1_537	698400	0.177
EX_NC_077008.1_1141	2073044	0.963
EX_NC_076132.1_521	2843917	0.861
EX_NC_077008.1_461	2073044	1.0
EX_NC_077008.1_421	2073044	0.974
EX_NC_076132.1_1065	2843917	1.0
EX_NC_077008.1_809	2073044	1.0
EX_NC_076132.1_337	2843917	0.679
EX_NC_077216.1_1145	698400	1.0
EX_NC_077008.1_557	2073044	1.0
EX_NC_076132.1_1045	2843917	0.766
EX_NC_076132.1_433	2843917	1.0
EX_NC_076132.1_297	2843917	0.753
EX_NC_076132.1_737	2843917	1.0
EX_NC_076132.1_333	2843917	1.0
EX_NC_077216.1_765	698400	0.691
EX_NC_077008.1_725	2073044	1.0
EX_NC_076132.1_1197	2843917	0.614
EX_NC_076132.1_801	2843917	1.0
EX_NC_076132.1_877	2843917	0.476
EX_NC_076132.1_781	2843917	0.789
EX_NC_077216.1_129	698400	0.582
EX_NC_076132.1_813	2843917	0.947
EX_NC_077008.1_921	2073044	1.0
EX_NC_077216.1_1021	698400	0.26
EX_NC_077008.1_473	2073044	1.0
EX_NC_076132.1_797	2843917	1.0
EX_NC_076132.1_237	2843917	0.73
EX_NC_077216.1_809	698400	0.271
EX_NC_076132.1_9	2843917	0.763
EX_NC_076132.1_449	2843917	0.562
EX_NC_077216.1_1109	698400	0.537
EX_NC_077008.1_261	2073044	1.0
EX_NC_077216.1_277	698400	0.286
EX_NC_077008.1_789	2073044	1.0
EX_NC_077216.1_1013	698400	0.747
EX_NC_077008.1_601	2073044	1.0
EX_NC_076132.1_461	2843917	1.0
EX_NC_077216.1_197	698400	0.127
EX_NC_077008.1_989	2073044	1.0
EX_NC_077008.1_737	2073044	0.935
EX_NC_076132.1_105	2843917	1.0
EX_NC_077216.1_217	698400	0.282
EX_NC_077216.1_93	698400	0.147
EX_NC_077216.1_957	698400	1.0
EX_NC_077216.1_1161	698400	0.024
EX_NC_076132.1_1061	2843917	1.0
EX_NC_077008.1_869	2073044	0.973
EX_NC_077008.1_1041	2073044	0.946
EX_NC_077216.1_61	698400	0.291
EX_NC_077216.1_1041	698400	0.321
EX_NC_077008.1_361	2073044	1.0
EX_NC_077216.1_369	698400	0.346
EX_NC_077216.1_377	698400	0.198
EX_NC_076132.1_153	2843917	0.747
EX_NC_077216.1_569	698400	0.035
EX_NC_077216.1_605	698400	0.524
EX_NC_077008.1_125	2073044	1.0
EX_NC_076132.1_217	2843917	1.0
EX_NC_077216.1_201	698400	0.55
EX_NC_077216.1_73	698400	0.436
EX_NC_076132.1_273	2843917	0.753
EX_NC_077008.1_1069	2073044	1.0
EX_NC_077008.1_1105	2073044	1.0
EX_NC_077008.1_49	2073044	1.0
EX_NC_077008.1_113	2073044	0.973
EX_NC_077008.1_785	2073044	1.0
EX_NC_077008.1_301	2073044	1.0
EX_NC_076132.1_513	2843917	0.718
EX_NC_076132.1_157	2843917	1.0
EX_NC_077008.1_365	2073044	1.0
EX_NC_077008.1_1137	2073044	0.899
EX_NC_077216.1_9	698400	0.824
EX_NC_077008.1_941	2073044	1.0
EX_NC_076132.1_1153	2843917	0.722
EX_NC_076132.1_653	2843917	1.0
EX_NC_076132.1_437	2843917	0.57
EX_NC_077216.1_385	698400	0.135
EX_NC_077216.1_937	698400	0.526
EX_NC_077216.1_1153	698400	0.538
EX_NC_077216.1_813	698400	0.014
EX_NC_077216.1_601	698400	0.064
EX_NC_077008.1_1197	2073044	1.0
EX_NC_076132.1_341	2843917	0.878
EX_NC_077008.1_709	2073044	1.0
EX_NC_077216.1_245	698400	0.519
EX_NC_077008.1_825	2073044	1.0
EX_NC_077216.1_617	698400	0.513
EX_NC_077008.1_913	2073044	1.0
EX_NC_077216.1_849	698400	0.211
EX_NC_076132.1_481	2843917	0.631
EX_NC_077008.1_449	2073044	0.907
EX_NC_076132.1_277	2843917	0.468
EX_NC_076132.1_417	2843917	0.743
EX_NC_077216.1_145	698400	0.101
EX_NC_077008.1_445	2073044	1.0
EX_NC_077216.1_161	698400	0.135
EX_NC_077008.1_165	2073044	1.0
EX_NC_077008.1_497	2073044	0.973
EX_NC_077216.1_977	698400	0.392
EX_NC_077008.1_97	2073044	1.0
EX_NC_077008.1_493	2073044	1.0
EX_NC_077216.1_1009	698400	0.21
EX_NC_076132.1_93	2843917	0.711
EX_NC_077216.1_461	698400	0.304
EX_NC_077216.1_409	698400	0.381
EX_NC_077008.1_329	2073044	1.0
EX_NC_077216.1_25	698400	0.169
EX_NC_076132.1_5	2843917	1.0
EX_NC_077216.1_257	698400	0.171
EX_NC_076132.1_145	2843917	1.0
EX_NC_077008.1_141	2073044	1.0
EX_NC_077008.1_829	2073044	1.0
EX_NC_077008.1_149	2073044	0.987
EX_NC_077216.1_521	698400	0.329
EX_NC_076132.1_605	2843917	0.602
EX_NC_076132.1_573	2843917	1.0
EX_NC_077216.1_677	698400	0.099
EX_NC_076132.1_1113	2843917	0.675
EX_NC_077216.1_221	698400	0.316
EX_NC_077008.1_269	2073044	0.988
EX_NC_076132.1_849	2843917	0.605
EX_NC_077008.1_937	2073044	1.0
EX_NC_076132.1_1189	2843917	0.696
EX_NC_077216.1_97	698400	0.397
EX_NC_076132.1_225	2843917	0.987
EX_NC_077008.1_1081	2073044	1.0
EX_NC_077008.1_705	2073044	1.0
EX_NC_077216.1_729	698400	0.704
EX_NC_077216.1_837	698400	0.228
EX_NC_077008.1_157	2073044	1.0
EX_NC_077008.1_1005	2073044	1.0
EX_NC_076132.1_817	2843917	1.0
EX_NC_077008.1_117	2073044	1.0
EX_NC_076132.1_493	2843917	1.0
EX_NC_076132.1_469	2843917	1.0
EX_NC_077216.1_477	698400	0.424
EX_NC_077008.1_525	2073044	1.0
EX_NC_077008.1_889	2073044	1.0
EX_NC_076132.1_401	2843917	1.0
EX_NC_077008.1_1065	2073044	1.0
EX_NC_077008.1_605	2073044	0.987
EX_NC_077216.1_793	698400	0.253
EX_NC_076132.1_649	2843917	0.87
EX_NC_076132.1_865	2843917	0.987
EX_NC_077008.1_877	2073044	0.974
EX_NC_076132.1_597	2843917	1.0
EX_NC_077008.1_745	2073044	1.0
EX_NC_077008.1_25	2073044	0.975
EX_NC_077216.1_169	698400	0.064
EX_NC_077216.1_1169	698400	0.165
EX_NC_076132.1_965	2843917	1.0
EX_NC_077008.1_1029	2073044	1.0
EX_NC_077216.1_1077	698400	0.341
EX_NC_077008.1_717	2073044	1.0
EX_NC_076132.1_625	2843917	0.646
EX_NC_076132.1_909	2843917	1.0
EX_NC_077008.1_397	2073044	1.0
EX_NC_077008.1_861	2073044	1.0
EX_NC_076132.1_241	2843917	1.0
EX_NC_077008.1_457	2073044	1.0
EX_NC_077216.1_105	698400	0.365
EX_NC_076132.1_717	2843917	1.0
EX_NC_076132.1_345	2843917	1.0
EX_NC_076132.1_973	2843917	1.0
EX_NC_077216.1_941	698400	0.037
EX_NC_077008.1_229	2073044	1.0
EX_NC_077008.1_805	2073044	0.986
EX_NC_076132.1_853	2843917	0.544
EX_NC_077216.1_757	698400	0.295
EX_NC_077008.1_541	2073044	0.974
EX_NC_076132.1_453	2843917	1.0
EX_NC_076132.1_729	2843917	1.0
EX_NC_077216.1_701	698400	0.63
EX_NC_077008.1_253	2073044	1.0
EX_NC_076132.1_425	2843917	1.0
EX_NC_077008.1_257	2073044	1.0
EX_NC_077216.1_309	698400	0.455
EX_NC_076132.1_397	2843917	1.0
EX_NC_077008.1_521	2073044	1.0
EX_NC_077216.1_269	698400	0.308
EX_NC_077216.1_1069	698400	0.066
EX_NC_077008.1_61	2073044	1.0
EX_NC_077216.1_713	698400	0.321
EX_NC_077216.1_689	698400	0.289
EX_NC_077008.1_577	2073044	1.0
EX_NC_076132.1_37	2843917	0.747
EX_NC_076132.1_885	2843917	1.0
EX_NC_076132.1_501	2843917	0.512
EX_NC_077008.1_657	2073044	0.988
EX_NC_077216.1_1141	698400	0.452
EX_NC_077008.1_221	2073044	0.949
EX_NC_077008.1_501	2073044	1.0
EX_NC_077216.1_1073	698400	0.709
EX_NC_076132.1_349	2843917	1.0
EX_NC_077216.1_489	698400	0.014
EX_NC_077008.1_105	2073044	0.987
EX_NC_077216.1_49	698400	0.171
EX_NC_076132.1_893	2843917	1.0
EX_NC_077216.1_349	698400	0.11
EX_NC_077216.1_769	698400	0.321
EX_NC_077216.1_101	119164	0.987
EX_NC_077216.1_109	698400	1.0
EX_NC_077008.1_665	2073044	1.0
EX_NC_077216.1_113	698400	0.519
EX_NC_076132.1_1149	2843917	1.0
EX_NC_077216.1_1001	698400	0.145
EX_NC_077008.1_833	2073044	0.912
EX_NC_077008.1_93	2073044	1.0
EX_NC_077008.1_633	2073044	1.0
EX_NC_076132.1_793	2843917	0.551
EX_NC_077216.1_925	698400	0.157
EX_NC_077216.1_625	698400	0.329
EX_NC_077008.1_1153	2073044	0.986
EX_NC_077008.1_961	2073044	0.7
EX_NC_076132.1_1005	2843917	0.518
EX_NC_077216.1_281	698400	1.0
EX_NC_076132.1_285	2843917	1.0
EX_NC_076132.1_1037	2843917	1.0
EX_NC_077216.1_749	698400	0.532
EX_NC_077216.1_177	698400	0.3
EX_NC_077008.1_561	2073044	0.974
EX_NC_077216.1_905	119164	0.987
EX_NC_077008.1_1189	2073044	1.0
EX_NC_077008.1_425	2073044	0.944
EX_NC_077216.1_673	698400	0.831
EX_NC_076132.1_709	2843917	0.865
EX_NC_077216.1_1193	698400	0.867
EX_NC_077216.1_305	698400	0.231
EX_NC_076132.1_365	2843917	0.851
EX_NC_077216.1_381	698400	1.0
EX_NC_077216.1_533	119164	0.987
EX_NC_077216.1_709	698400	0.012
EX_NC_077008.1_1073	2073044	0.947
EX_NC_077216.1_425	698400	0.329
EX_NC_077216.1_1125	698400	0.037
EX_NC_077216.1_917	698400	0.169
EX_NC_076132.1_645	2843917	1.0
EX_NC_077216.1_417	698400	0.449
EX_NC_077216.1_961	698400	0.263
EX_NC_077216.1_785	698400	0.277
EX_NC_077008.1_549	2073044	0.974
EX_NC_076132.1_1025	2843917	0.588
EX_NC_077008.1_21	2073044	0.988
EX_NC_076132.1_465	2843917	1.0
EX_NC_077216.1_1053	698400	0.25
EX_NC_076132.1_845	2843917	0.688
EX_NC_077216.1_1049	698400	0.141
EX_NC_077216.1_1017	698400	0.153
EX_NC_076132.1_1089	2843917	1.0
EX_NC_077216.1_1037	698400	0.636
EX_NC_077008.1_185	2073044	1.0
EX_NC_077008.1_897	2073044	0.946
EX_NC_077008.1_1109	2073044	1.0
EX_NC_077216.1_365	698400	1.0
EX_NC_077008.1_349	2073044	1.0
EX_NC_077008.1_1149	2073044	1.0
EX_NC_077008.1_749	2073044	1.0
EX_NC_077008.1_881	2073044	0.986
EX_NC_077008.1_1181	2073044	0.947
EX_NC_077008.1_1025	2073044	1.0
EX_NC_077008.1_241	2073044	0.975
EX_NC_077008.1_233	2073044	1.0
EX_NC_077216.1_697	698400	0.202
EX_NC_076132.1_557	2843917	1.0
EX_NC_076132.1_705	2843917	1.0
EX_NC_076132.1_257	2843917	0.689
EX_NC_077216.1_969	698400	0.325
EX_NC_077008.1_1145	2073044	1.0
EX_NC_077216.1_877	698400	0.35
EX_NC_076132.1_969	2843917	1.0
EX_NC_076132.1_953	2843917	1.0
EX_NC_076132.1_249	2843917	0.902
EX_NC_077008.1_617	2073044	1.0
EX_NC_076132.1_1157	2843917	1.0
EX_NC_076132.1_1049	2843917	0.933
EX_NC_076132.1_13	2843917	1.0
EX_NC_076132.1_385	2843917	0.753
EX_NC_076132.1_613	2843917	1.0
EX_NC_077216.1_741	698400	0.211
EX_NC_076132.1_21	2843917	0.756
EX_NC_076132.1_753	2843917	1.0
EX_NC_076132.1_389	2843917	0.802
EX_NC_077216.1_1081	698400	1.0
EX_NC_077216.1_1029	698400	0.139
EX_NC_076132.1_321	2843917	1.0
EX_NC_077008.1_417	2073044	0.945
EX_NC_077008.1_405	2073044	1.0
EX_NC_076132.1_757	2843917	0.631
EX_NC_077008.1_209	2073044	0.973
EX_NC_077008.1_649	2073044	0.961
EX_NC_077008.1_1033	2073044	1.0
EX_NC_077216.1_437	698400	0.734
EX_NC_077008.1_477	2073044	1.0
EX_NC_077008.1_53	2073044	0.928
EX_NC_077216.1_373	119164	1.0
EX_NC_077008.1_345	2073044	1.0
EX_NC_077008.1_1169	2073044	0.973
EX_NC_077008.1_429	2073044	1.0
EX_NC_076132.1_809	2843917	1.0
EX_NC_077008.1_189	2073044	0.962
EX_NC_076132.1_601	2843917	0.987
EX_NC_077008.1_325	2073044	1.0
EX_NC_077008.1_625	2073044	0.986
EX_NC_077216.1_313	698400	0.113
EX_NC_077216.1_1157	698400	0.359
EX_NC_077008.1_145	2073044	0.961
EX_NC_077008.1_17	2073044	1.0
EX_NC_077008.1_225	2073044	1.0
EX_NC_077216.1_577	698400	0.329
EX_NC_077008.1_245	2073044	1.0
EX_NC_077216.1_133	698400	0.351
EX_NC_076132.1_81	2843917	1.0
EX_NC_077216.1_353	698400	0.308
EX_NC_077216.1_153	698400	1.0
EX_NC_077216.1_529	698400	0.125
EX_NC_076132.1_1125	2843917	1.0
EX_NC_076132.1_149	2843917	1.0
EX_NC_077216.1_641	698400	0.284
EX_NC_077008.1_485	2073044	1.0
EX_NC_077216.1_41	698400	0.346
EX_NC_077008.1_45	2073044	0.988
EX_NC_077216.1_273	698400	0.671
EX_NC_076132.1_221	2843917	0.772
EX_NC_077008.1_409	2073044	1.0
EX_NC_077216.1_485	698400	1.0
EX_NC_076132.1_429	2843917	1.0
EX_NC_077216.1_965	698400	0.312
EX_NC_076132.1_577	2843917	0.474
EX_NC_077216.1_1185	698400	0.095
EX_NC_077008.1_277	2073044	0.95
EX_NC_077008.1_1097	2073044	1.0
EX_NC_076132.1_77	2843917	0.631
EX_NC_077216.1_1113	698400	0.444
EX_NC_076132.1_361	2843917	1.0
EX_NC_077008.1_741	2073044	0.987
EX_NC_077008.1_9	2073044	1.0
EX_NC_077008.1_733	2073044	0.938
EX_NC_077216.1_453	698400	0.671
EX_NC_076132.1_281	2843917	1.0
EX_NC_077216.1_513	698400	0.747
EX_NC_077008.1_569	2073044	1.0
EX_NC_076132.1_185	2843917	0.784
EX_NC_077216.1_985	698400	0.316
EX_NC_077216.1_573	698400	0.024
EX_NC_076132.1_945	2843917	1.0
EX_NC_077216.1_1	698400	0.325
EX_NC_077008.1_121	2073044	1.0
EX_NC_076132.1_377	2843917	0.987
EX_NC_077216.1_261	698400	0.405
EX_NC_077008.1_801	2073044	1.0
EX_NC_077216.1_65	698400	0.28
EX_NC_076132.1_661	2843917	1.0
EX_NC_077216.1_241	698400	0.5
EX_NC_077008.1_585	2073044	1.0
EX_NC_076132.1_1041	2843917	1.0
EX_NC_076132.1_713	2843917	1.0
EX_NC_076132.1_657	2843917	1.0
EX_NC_077216.1_1129	698400	0.434
EX_NC_077008.1_945	2073044	0.949
EX_NC_077216.1_505	698400	0.097
EX_NC_076132.1_873	2843917	1.0
EX_NC_076132.1_233	2843917	1.0
EX_NC_077008.1_133	2073044	0.986
EX_NC_076132.1_161	2843917	1.0
EX_NC_076132.1_457	2843917	1.0
EX_NC_077216.1_829	698400	0.291
EX_NC_077008.1_1193	2073044	1.0
EX_NC_077008.1_769	2073044	0.986
EX_NC_077216.1_1121	698400	0.091
EX_NC_077216.1_449	698400	0.027
EX_NC_077216.1_525	698400	0.709
EX_NC_077008.1_545	2073044	1.0
EX_NC_077216.1_457	698400	0.084
EX_NC_076132.1_445	2843917	1.0
EX_NC_076132.1_497	2843917	0.7
EX_NC_077008.1_773	2073044	1.0
EX_NC_077008.1_1013	2073044	1.0
EX_NC_076132.1_509	2843917	1.0
EX_NC_077216.1_265	698400	0.372
EX_NC_077008.1_1077	2073044	0.975
EX_NC_077008.1_1133	2073044	0.987
EX_NC_077008.1_73	2073044	1.0
EX_NC_077216.1_317	698400	0.176
EX_NC_077216.1_797	698400	0.195
EX_NC_076132.1_1101	2843917	0.543
EX_NC_077008.1_197	2073044	1.0
EX_NC_077216.1_561	698400	0.573
EX_NC_077008.1_689	2073044	1.0
EX_NC_077216.1_5	698400	0.137
EX_NC_076132.1_989	2843917	1.0
EX_NC_077216.1_157	698400	0.957
EX_NC_077008.1_217	2073044	0.988
EX_NC_077008.1_865	2073044	1.0
EX_NC_076132.1_637	2843917	0.536
EX_NC_077008.1_385	2073044	1.0
EX_NC_076132.1_1177	2843917	1.0
EX_NC_076132.1_1081	2843917	0.697
EX_NC_077008.1_33	2073044	0.961
EX_NC_076132.1_269	2843917	1.0
EX_NC_077216.1_1061	698400	1.0
EX_NC_077008.1_685	2073044	1.0
EX_NC_077216.1_225	698400	0.263
EX_NC_077216.1_545	698400	0.427
EX_NC_076132.1_405	2843917	0.934
EX_NC_077216.1_753	698400	0.882
EX_NC_076132.1_505	2843917	1.0
EX_NC_077008.1_81	2073044	0.987
EX_NC_077008.1_237	2073044	1.0
EX_NC_077008.1_761	2073044	0.986
EX_NC_076132.1_669	2843917	1.0
EX_NC_077008.1_1017	2073044	1.0
EX_NC_077008.1_181	2073044	1.0
EX_NC_076132.1_941	2843917	0.737
EX_NC_077216.1_1189	698400	0.724
EX_NC_076132.1_581	2843917	0.557
EX_NC_076132.1_1169	2843917	1.0
EX_NC_076132.1_1121	2843917	1.0
EX_NC_077008.1_137	2073044	0.987
EX_NC_076132.1_837	2843917	0.624
EX_NC_077216.1_21	698400	1.0
EX_NC_077008.1_481	2073044	1.0
EX_NC_076132.1_1117	2843917	1.0
EX_NC_076132.1_413	2843917	0.494
EX_NC_077216.1_37	698400	0.299
EX_NC_076132.1_697	2843917	0.934
EX_NC_077008.1_565	2073044	1.0
EX_NC_076132.1_421	2843917	0.75
EX_NC_077008.1_317	2073044	1.0
EX_NC_076132.1_769	2843917	1.0
EX_NC_077216.1_733	698400	0.513
EX_NC_077008.1_593	2073044	1.0
EX_NC_076132.1_133	2843917	0.883
EX_NC_076132.1_889	2843917	1.0
EX_NC_077008.1_537	2073044	1.0
EX_NC_077216.1_1137	698400	0.413
EX_NC_077216.1_321	698400	0.346
EX_NC_077008.1_1053	2073044	1.0
EX_NC_077216.1_681	698400	0.179
EX_NC_076132.1_721	2843917	1.0
EX_NC_077216.1_997	698400	0.392
EX_NC_077216.1_777	698400	0.629
EX_NC_077008.1_777	2073044	0.987
EX_NC_076132.1_1017	2843917	1.0
EX_NC_077008.1_313	2073044	1.0
EX_NC_077216.1_581	698400	0.725
EX_NC_077216.1_293	698400	0.354
EX_NC_077008.1_677	2073044	1.0
EX_NC_076132.1_353	2843917	1.0
EX_NC_077008.1_613	2073044	1.0
EX_NC_076132.1_677	2843917	0.679
EX_NC_077008.1_765	2073044	1.0
EX_NC_076132.1_441	2843917	1.0
EX_NC_076132.1_65	2843917	0.704
EX_NC_077216.1_549	698400	0.519
EX_NC_076132.1_833	2843917	1.0
EX_NC_076132.1_25	2843917	1.0
EX_NC_076132.1_117	2843917	0.602
EX_NC_077008.1_509	2073044	1.0
EX_NC_076132.1_957	2843917	0.756
EX_NC_077008.1_757	2073044	1.0
EX_NC_076132.1_609	2843917	0.684
EX_NC_076132.1_213	2843917	0.696
EX_NC_077216.1_1065	698400	0.325
EX_NC_077008.1_713	2073044	1.0
EX_NC_076132.1_261	2843917	1.0
EX_NC_077008.1_1045	2073044	1.0
EX_NC_076132.1_1141	2843917	0.753
EX_NC_077216.1_1149	698400	0.176
EX_NC_077216.1_389	698400	0.048
EX_NC_076132.1_253	2843917	1.0
EX_NC_077008.1_297	2073044	1.0
EX_NC_076132.1_1173	2843917	0.833
EX_NC_077008.1_873	2073044	1.0
EX_NC_077216.1_1177	698400	0.22
EX_NC_077216.1_469	698400	0.211
EX_NC_076132.1_229	2843917	1.0
EX_NC_076132.1_41	2843917	1.0
EX_NC_076132.1_673	2843917	0.375
EX_NC_076132.1_633	2843917	0.675
EX_NC_076132.1_745	2843917	0.59
EX_NC_077008.1_933	2073044	1.0
EX_NC_077008.1_701	2073044	1.0
EX_NC_077008.1_333	2073044	0.988
EX_NC_076132.1_197	2843917	0.481
EX_NC_076132.1_1145	2843917	1.0
EX_NC_076132.1_357	2843917	0.8
EX_NC_077216.1_845	698400	0.012
EX_NC_077216.1_861	698400	0.62
EX_NC_077008.1_465	2073044	0.902
EX_NC_076132.1_1185	2843917	1.0
EX_NC_077216.1_1005	698400	0.133
EX_NC_077008.1_469	2073044	1.0
EX_NC_077008.1_589	2073044	0.987
EX_NC_076132.1_1133	2843917	1.0
EX_NC_077008.1_857	2073044	0.779
EX_NC_077216.1_841	698400	0.481
EX_NC_077216.1_397	698400	1.0
EX_NC_077216.1_413	698400	0.26
EX_NC_076132.1_1	2843917	1.0
EX_NC_077216.1_557	698400	0.346
EX_NC_076132.1_1137	2843917	0.525
EX_NC_077008.1_925	2073044	0.949
EX_NC_077008.1_957	2073044	0.986
EX_NC_077216.1_497	698400	0.244
EX_NC_076132.1_777	2843917	0.797
EX_NC_077216.1_1178	698400	0.53
EX_NC_077216.1_178	698400	0.615
EX_NC_077008.1_446	2073044	1.0
EX_NC_077216.1_602	698400	0.368
EX_NC_077216.1_930	698400	0.691
EX_NC_077216.1_538	698400	0.263
EX_NC_076132.1_882	2843917	0.506
EX_NC_077216.1_678	698400	0.519
EX_NC_077008.1_42	2073044	1.0
EX_NC_077216.1_70	698400	0.208
EX_NC_076132.1_86	2843917	1.0
EX_NC_076132.1_618	2843917	1.0
EX_NC_077008.1_1106	2073044	1.0
EX_NC_076132.1_478	2843917	1.0
EX_NC_076132.1_54	2843917	1.0
EX_NC_077216.1_386	698400	0.32
EX_NC_077008.1_574	2073044	0.925
EX_NC_077216.1_458	698400	0.96
EX_NC_077216.1_1014	698400	0.287
EX_NC_077008.1_474	2073044	0.963
EX_NC_077008.1_430	2073044	1.0
EX_NC_076132.1_1190	2843917	1.0
EX_NC_077008.1_970	2073044	1.0
EX_NC_076132.1_1198	2843917	0.987
EX_NC_076132.1_198	2843917	1.0
EX_NC_077216.1_1138	119164	1.0
EX_NC_077216.1_782	698400	0.188
EX_NC_077008.1_1006	2073044	1.0
EX_NC_077216.1_822	698400	0.986
EX_NC_077216.1_618	698400	0.171
EX_NC_076132.1_438	2843917	1.0
EX_NC_076132.1_66	2843917	1.0
EX_NC_077008.1_778	2073044	1.0
EX_NC_076132.1_866	2843917	1.0
EX_NC_077008.1_398	2073044	0.932
EX_NC_077216.1_654	698400	1.0
EX_NC_077216.1_202	698400	0.341
EX_NC_076132.1_210	2843917	1.0
EX_NC_077216.1_242	698400	0.049
EX_NC_077008.1_38	2073044	0.975
EX_NC_077216.1_626	698400	0.667
EX_NC_077008.1_834	2073044	0.987
EX_NC_077008.1_1018	2073044	0.974
EX_NC_077008.1_314	2073044	0.949
EX_NC_077008.1_1038	2073044	0.987
EX_NC_077008.1_526	2073044	1.0
EX_NC_077216.1_42	698400	0.304
EX_NC_077216.1_398	698400	0.256
EX_NC_077216.1_82	698400	0.727
EX_NC_077216.1_302	698400	0.526
EX_NC_076132.1_662	2843917	1.0
EX_NC_077216.1_434	698400	0.553
EX_NC_077216.1_578	119164	0.987
EX_NC_077008.1_990	2073044	0.949
EX_NC_077008.1_202	2073044	0.987
EX_NC_077008.1_426	2073044	0.987
EX_NC_077008.1_994	2073044	0.988
EX_NC_077008.1_234	2073044	0.961
EX_NC_077216.1_182	698400	0.324
EX_NC_077008.1_1070	2073044	1.0
EX_NC_077216.1_38	698400	0.506
EX_NC_076132.1_394	2843917	0.722
EX_NC_077008.1_30	2073044	1.0
EX_NC_077216.1_794	698400	0.397
EX_NC_076132.1_1118	2843917	0.988
EX_NC_077216.1_814	698400	0.333
EX_NC_077008.1_638	2073044	0.987
EX_NC_077008.1_454	2073044	0.987
EX_NC_077008.1_578	2073044	1.0
EX_NC_077216.1_150	698400	0.803
EX_NC_077008.1_86	2073044	0.803
EX_NC_076132.1_170	2843917	0.988
EX_NC_077216.1_422	698400	0.4
EX_NC_077216.1_730	698400	0.304
EX_NC_077216.1_846	698400	0.235
EX_NC_077216.1_426	698400	0.4
EX_NC_077008.1_682	2073044	1.0
EX_NC_077008.1_762	2073044	1.0
EX_NC_076132.1_726	2843917	1.0
EX_NC_077008.1_850	2073044	1.0
EX_NC_077216.1_1050	698400	0.208
EX_NC_077216.1_390	698400	0.28
EX_NC_077008.1_306	2073044	1.0
EX_NC_076132.1_6	2843917	1.0
EX_NC_077008.1_2	2073044	0.864
EX_NC_077216.1_1090	698400	0.169
EX_NC_077008.1_958	2073044	1.0
EX_NC_077008.1_218	2073044	0.929
EX_NC_077216.1_994	698400	0.378
EX_NC_077008.1_522	2073044	0.974
EX_NC_076132.1_562	2843917	1.0
EX_NC_077008.1_194	2073044	0.987
EX_NC_077008.1_1146	2073044	1.0
EX_NC_076132.1_1130	2843917	1.0
EX_NC_077008.1_142	2073044	1.0
EX_NC_077008.1_642	2073044	1.0
EX_NC_077216.1_546	698400	0.308
EX_NC_077008.1_250	2073044	0.959
EX_NC_077008.1_774	2073044	1.0
EX_NC_076132.1_266	2843917	0.738
EX_NC_077008.1_1066	2073044	0.932
EX_NC_076132.1_418	2843917	1.0
EX_NC_077008.1_810	2073044	0.934
EX_NC_077216.1_946	698400	0.114
EX_NC_077008.1_254	2073044	1.0
EX_NC_077216.1_874	698400	0.918
EX_NC_076132.1_1030	2843917	0.963
EX_NC_077008.1_582	2073044	1.0
EX_NC_077008.1_538	2073044	1.0
EX_NC_077008.1_410	2073044	0.91
EX_NC_076132.1_534	2843917	0.988
EX_NC_077008.1_422	2073044	0.974
EX_NC_077008.1_1190	2073044	1.0
EX_NC_077216.1_194	698400	0.9
EX_NC_076132.1_814	2843917	1.0
EX_NC_076132.1_298	2843917	0.986
EX_NC_076132.1_362	2843917	1.0
EX_NC_076132.1_274	2843917	0.988
EX_NC_076132.1_94	2843917	1.0
EX_NC_077216.1_954	698400	0.212
EX_NC_076132.1_750	2843917	1.0
EX_NC_076132.1_186	2843917	1.0
EX_NC_076132.1_670	2843917	0.532
EX_NC_076132.1_34	2843917	1.0
EX_NC_077008.1_534	2073044	1.0
EX_NC_076132.1_538	2843917	0.728
EX_NC_077008.1_134	2073044	0.987
EX_NC_077008.1_1170	2073044	0.986
EX_NC_077216.1_806	698400	0.185
EX_NC_077216.1_50	698400	0.88
EX_NC_076132.1_146	2843917	1.0
EX_NC_077008.1_258	2073044	0.756
EX_NC_077008.1_874	2073044	1.0
EX_NC_076132.1_46	2843917	0.614
EX_NC_077008.1_882	2073044	1.0
EX_NC_077008.1_1130	2073044	0.867
EX_NC_077216.1_594	698400	0.145
EX_NC_077008.1_530	2073044	0.988
EX_NC_077216.1_982	698400	0.613
EX_NC_077216.1_1022	698400	0.169
EX_NC_077008.1_930	2073044	1.0
EX_NC_077008.1_658	2073044	1.0
EX_NC_076132.1_598	2843917	1.0
EX_NC_076132.1_290	2843917	0.774
EX_NC_076132.1_990	2843917	1.0
EX_NC_077216.1_1078	698400	0.078
EX_NC_076132.1_194	2843917	1.0
EX_NC_077008.1_950	2073044	1.0
EX_NC_077216.1_754	698400	0.842
EX_NC_077008.1_974	2073044	0.976
EX_NC_077216.1_690	698400	0.481
EX_NC_077216.1_1054	698400	0.558
EX_NC_077216.1_214	698400	0.655
EX_NC_076132.1_62	2843917	0.557
EX_NC_077008.1_1150	2073044	0.986
EX_NC_076132.1_746	2843917	0.868
EX_NC_077216.1_722	698400	0.605
EX_NC_076132.1_282	2843917	1.0
EX_NC_076132.1_494	2843917	1.0
EX_NC_076132.1_930	2843917	1.0
EX_NC_076132.1_414	2843917	0.667
EX_NC_077216.1_134	698400	0.358
EX_NC_076132.1_766	2843917	1.0
EX_NC_077008.1_1030	2073044	1.0
EX_NC_077008.1_614	2073044	1.0
EX_NC_077216.1_714	698400	0.372
EX_NC_077216.1_254	698400	0.09
EX_NC_077216.1_402	698400	0.537
EX_NC_076132.1_1178	2843917	0.973
EX_NC_077216.1_446	698400	0.014
EX_NC_077216.1_62	698400	0.282
EX_NC_077216.1_778	698400	0.163
EX_NC_076132.1_994	2843917	1.0
EX_NC_077216.1_486	698400	0.42
EX_NC_077008.1_246	2073044	1.0
EX_NC_077008.1_22	2073044	0.963
EX_NC_076132.1_966	2843917	1.0
EX_NC_077008.1_458	2073044	1.0
EX_NC_077216.1_838	698400	1.0
EX_NC_076132.1_902	2843917	0.662
EX_NC_077216.1_786	698400	0.452
EX_NC_076132.1_850	2843917	0.622
EX_NC_077216.1_1126	698400	0.88
EX_NC_077216.1_358	698400	0.377
EX_NC_077216.1_598	698400	0.644
EX_NC_076132.1_74	2843917	1.0
EX_NC_077008.1_286	2073044	1.0
EX_NC_077216.1_1002	698400	0.177
EX_NC_077008.1_1102	2073044	1.0
EX_NC_077008.1_174	2073044	1.0
EX_NC_077008.1_146	2073044	0.987
EX_NC_077008.1_470	2073044	0.795
EX_NC_077216.1_790	698400	0.299
EX_NC_077216.1_1134	698400	0.329
EX_NC_077216.1_630	698400	0.571
EX_NC_076132.1_322	2843917	1.0
EX_NC_077216.1_218	698400	0.169
EX_NC_077216.1_1082	698400	0.519
EX_NC_076132.1_566	2843917	1.0
EX_NC_077008.1_482	2073044	1.0
EX_NC_077216.1_942	698400	0.766
EX_NC_077216.1_314	698400	0.383
EX_NC_076132.1_250	2843917	1.0
EX_NC_076132.1_22	2843917	1.0
EX_NC_076132.1_858	2843917	0.939
EX_NC_076132.1_18	2843917	0.909
EX_NC_077216.1_750	698400	1.0
EX_NC_076132.1_70	2843917	1.0
EX_NC_076132.1_218	2843917	1.0
EX_NC_076132.1_38	2843917	0.92
EX_NC_076132.1_914	2843917	0.803
EX_NC_077008.1_634	2073044	0.959
EX_NC_076132.1_678	2843917	1.0
EX_NC_077216.1_938	698400	0.628
EX_NC_077216.1_1094	119164	0.987
EX_NC_077008.1_366	2073044	0.972
EX_NC_077008.1_390	2073044	0.987
EX_NC_077008.1_946	2073044	1.0
EX_NC_077216.1_226	698400	0.634
EX_NC_076132.1_122	2843917	1.0
EX_NC_077216.1_1018	698400	0.349
EX_NC_076132.1_302	2843917	1.0
EX_NC_077008.1_870	2073044	1.0
EX_NC_077216.1_1190	698400	0.227
EX_NC_077008.1_414	2073044	1.0
EX_NC_077216.1_514	698400	0.247
EX_NC_077008.1_1110	2073044	1.0
EX_NC_076132.1_550	2843917	1.0
EX_NC_076132.1_634	2843917	1.0
EX_NC_077008.1_942	2073044	1.0
EX_NC_077008.1_514	2073044	1.0
EX_NC_076132.1_386	2843917	0.91
EX_NC_076132.1_242	2843917	1.0
EX_NC_076132.1_238	2843917	0.806
EX_NC_077008.1_1178	2073044	0.976
EX_NC_076132.1_582	2843917	0.914
EX_NC_077008.1_1062	2073044	1.0
EX_NC_076132.1_838	2843917	1.0
EX_NC_077008.1_1182	2073044	1.0
EX_NC_077008.1_978	2073044	1.0
EX_NC_077216.1_1006	698400	0.354
EX_NC_077216.1_462	698400	0.958
EX_NC_077008.1_626	2073044	1.0
EX_NC_077008.1_594	2073044	1.0
EX_NC_077008.1_166	2073044	1.0
EX_NC_077008.1_678	2073044	1.0
EX_NC_076132.1_770	2843917	0.641
EX_NC_076132.1_366	2843917	0.582
EX_NC_077216.1_1182	698400	0.11
EX_NC_077216.1_646	698400	0.507
EX_NC_076132.1_450	2843917	1.0
EX_NC_076132.1_466	2843917	1.0
EX_NC_077216.1_1194	698400	0.286
EX_NC_077008.1_1002	2073044	1.0
EX_NC_076132.1_690	2843917	1.0
EX_NC_077008.1_610	2073044	0.976
EX_NC_076132.1_1034	2843917	1.0
EX_NC_076132.1_1090	2843917	0.658
EX_NC_077008.1_818	2073044	1.0
EX_NC_077216.1_170	698400	0.012
EX_NC_076132.1_1074	2843917	1.0
EX_NC_076132.1_586	2843917	0.7
EX_NC_077008.1_62	2073044	0.974
EX_NC_077216.1_802	698400	0.167
EX_NC_077216.1_1166	698400	0.47
EX_NC_077008.1_766	2073044	0.833
EX_NC_077216.1_758	698400	0.179
EX_NC_077008.1_798	2073044	1.0
EX_NC_077216.1_694	698400	0.354
EX_NC_077008.1_630	2073044	0.959
EX_NC_076132.1_78	2843917	1.0
EX_NC_076132.1_506	2843917	1.0
EX_NC_077216.1_362	698400	1.0
EX_NC_076132.1_326	2843917	1.0
EX_NC_077008.1_182	2073044	0.974
EX_NC_077216.1_318	119164	1.0
EX_NC_077008.1_406	2073044	1.0
EX_NC_077216.1_1042	698400	0.398
EX_NC_076132.1_126	2843917	0.641
EX_NC_077216.1_522	698400	0.169
EX_NC_077216.1_114	698400	0.138
EX_NC_076132.1_138	2843917	0.773
EX_NC_076132.1_114	2843917	1.0
EX_NC_076132.1_1146	2843917	0.538
EX_NC_077216.1_258	698400	0.071
EX_NC_076132.1_542	2843917	1.0
EX_NC_077008.1_214	2073044	0.973
EX_NC_077216.1_326	698400	0.312
EX_NC_076132.1_1158	2843917	1.0
EX_NC_076132.1_782	2843917	1.0
EX_NC_077008.1_322	2073044	1.0
EX_NC_076132.1_130	2843917	0.901
EX_NC_077008.1_350	2073044	0.949
EX_NC_077216.1_234	698400	0.169
EX_NC_077008.1_866	2073044	1.0
EX_NC_076132.1_530	2843917	1.0
EX_NC_077216.1_810	698400	0.653
EX_NC_076132.1_374	2843917	0.617
EX_NC_077216.1_542	698400	1.0
EX_NC_077216.1_898	698400	1.0
EX_NC_077008.1_70	2073044	1.0
EX_NC_077008.1_94	2073044	1.0
EX_NC_077216.1_282	698400	0.163
EX_NC_077216.1_950	698400	0.316
EX_NC_077008.1_122	2073044	1.0
EX_NC_077008.1_1026	2073044	1.0
EX_NC_077008.1_590	2073044	1.0
EX_NC_077216.1_46	698400	0.25
EX_NC_077216.1_902	698400	0.064
EX_NC_076132.1_650	2843917	1.0
EX_NC_076132.1_166	2843917	1.0
EX_NC_077216.1_146	698400	0.176
EX_NC_077216.1_726	698400	1.0
EX_NC_076132.1_314	2843917	0.718
EX_NC_077008.1_114	2073044	1.0
EX_NC_077008.1_1078	2073044	0.974
EX_NC_076132.1_594	2843917	1.0
EX_NC_076132.1_938	2843917	0.831
EX_NC_076132.1_402	2843917	0.627
EX_NC_076132.1_1174	2843917	0.75
EX_NC_077008.1_274	2073044	1.0
EX_NC_076132.1_806	2843917	0.62
EX_NC_077216.1_642	698400	0.784
EX_NC_076132.1_1134	2843917	0.775
EX_NC_076132.1_10	2843917	0.671
EX_NC_077216.1_674	698400	0.364
EX_NC_077008.1_338	2073044	0.987
EX_NC_077216.1_670	698400	0.558
EX_NC_077216.1_614	698400	0.612
EX_NC_077008.1_794	2073044	1.0
EX_NC_077216.1_266	698400	0.337
EX_NC_077008.1_670	2073044	0.704
EX_NC_077216.1_858	698400	0.61
EX_NC_076132.1_910	2843917	1.0
EX_NC_077216.1_1010	698400	0.086
EX_NC_077216.1_450	698400	0.225
EX_NC_077216.1_438	698400	0.25
EX_NC_077008.1_750	2073044	1.0
EX_NC_076132.1_954	2843917	0.634
EX_NC_077008.1_862	2073044	1.0
EX_NC_077008.1_434	2073044	0.859
EX_NC_076132.1_986	2843917	1.0
EX_NC_076132.1_642	2843917	0.627
EX_NC_077008.1_14	2073044	1.0
EX_NC_076132.1_102	2843917	1.0
EX_NC_077216.1_470	698400	0.358
EX_NC_077008.1_966	2073044	1.0
EX_NC_077008.1_922	2073044	0.926
EX_NC_077216.1_1034	698400	0.099
EX_NC_076132.1_526	2843917	0.494
EX_NC_076132.1_222	2843917	1.0
EX_NC_077216.1_2	698400	0.077
EX_NC_077008.1_102	2073044	1.0
EX_NC_077008.1_502	2073044	0.972
EX_NC_076132.1_614	2843917	0.651
EX_NC_077216.1_510	698400	0.486
EX_NC_077216.1_826	698400	0.049
EX_NC_077216.1_78	698400	0.115
EX_NC_076132.1_646	2843917	0.68
EX_NC_077216.1_414	698400	0.4
EX_NC_076132.1_1002	2843917	1.0
EX_NC_076132.1_718	2843917	1.0
EX_NC_077008.1_18	2073044	1.0
EX_NC_076132.1_658	2843917	0.806
EX_NC_077216.1_366	698400	1.0
EX_NC_077216.1_1030	698400	0.076
EX_NC_077008.1_938	2073044	1.0
EX_NC_077008.1_790	2073044	0.975
EX_NC_076132.1_262	2843917	0.632
EX_NC_077216.1_34	698400	0.577
EX_NC_076132.1_26	2843917	0.766
EX_NC_077216.1_718	698400	0.419
EX_NC_077216.1_1150	698400	0.5
EX_NC_076132.1_90	2843917	1.0
EX_NC_076132.1_118	2843917	0.545
EX_NC_077008.1_438	2073044	0.971
EX_NC_077216.1_162	698400	0.19
EX_NC_076132.1_134	2843917	0.691
EX_NC_076132.1_1162	2843917	1.0
EX_NC_077008.1_158	2073044	0.988
EX_NC_077008.1_910	2073044	0.986
EX_NC_077216.1_18	698400	1.0
EX_NC_077216.1_1198	698400	0.176
EX_NC_076132.1_1082	2843917	1.0
EX_NC_077008.1_1198	2073044	0.949
EX_NC_077216.1_650	698400	0.218
EX_NC_076132.1_430	2843917	1.0
EX_NC_076132.1_714	2843917	1.0
EX_NC_077216.1_1130	698400	0.312
EX_NC_076132.1_742	2843917	0.705
EX_NC_077008.1_662	2073044	0.986
EX_NC_077008.1_1186	2073044	0.986
EX_NC_076132.1_258	2843917	1.0
EX_NC_077008.1_222	2073044	1.0
EX_NC_077008.1_894	2073044	1.0
EX_NC_077216.1_1154	698400	0.766
EX_NC_076132.1_774	2843917	1.0
EX_NC_077216.1_566	698400	0.958
EX_NC_077216.1_1142	698400	0.689
EX_NC_076132.1_410	2843917	1.0
EX_NC_076132.1_694	2843917	0.722
EX_NC_076132.1_1066	2843917	1.0
EX_NC_077008.1_226	2073044	0.986
EX_NC_077008.1_622	2073044	1.0
EX_NC_077008.1_738	2073044	0.922
EX_NC_077216.1_230	698400	0.958
EX_NC_077216.1_706	698400	0.373
EX_NC_077216.1_1102	698400	0.023
EX_NC_076132.1_226	2843917	0.987
EX_NC_077216.1_430	698400	0.133
EX_NC_076132.1_306	2843917	0.747
EX_NC_076132.1_334	2843917	1.0
EX_NC_077216.1_1058	698400	0.039
EX_NC_077216.1_1086	698400	1.0
EX_NC_077216.1_1162	698400	0.037
EX_NC_076132.1_462	2843917	1.0
EX_NC_077216.1_278	698400	0.641
EX_NC_077008.1_806	2073044	1.0
EX_NC_077008.1_722	2073044	0.975
EX_NC_077008.1_1054	2073044	1.0
EX_NC_077216.1_482	698400	0.372
EX_NC_077008.1_618	2073044	0.817
EX_NC_076132.1_878	2843917	0.853
EX_NC_077216.1_222	698400	0.103
EX_NC_076132.1_570	2843917	1.0
EX_NC_077008.1_154	2073044	1.0
EX_NC_077216.1_354	119164	1.0
EX_NC_077008.1_238	2073044	0.962
EX_NC_077008.1_666	2073044	1.0
EX_NC_077216.1_986	698400	0.438
EX_NC_077008.1_1162	2073044	1.0
EX_NC_077008.1_186	2073044	1.0
EX_NC_077216.1_1186	698400	0.373
EX_NC_077008.1_698	2073044	0.96
EX_NC_077216.1_1074	698400	1.0
EX_NC_076132.1_638	2843917	0.986
EX_NC_076132.1_1170	2843917	1.0
EX_NC_076132.1_1042	2843917	1.0
EX_NC_077008.1_1118	2073044	1.0
EX_NC_077008.1_986	2073044	0.987
EX_NC_077216.1_1170	698400	0.299
EX_NC_077008.1_378	2073044	0.95
EX_NC_077008.1_1042	2073044	0.987
EX_NC_077008.1_1098	2073044	1.0
EX_NC_076132.1_350	2843917	1.0
EX_NC_077008.1_506	2073044	1.0
EX_NC_077008.1_746	2073044	1.0
EX_NC_077008.1_330	2073044	0.988
EX_NC_077008.1_754	2073044	1.0
EX_NC_076132.1_510	2843917	1.0
EX_NC_077216.1_10	698400	0.337
EX_NC_077008.1_906	2073044	0.988
EX_NC_076132.1_922	2843917	1.0
EX_NC_076132.1_1098	2843917	1.0
EX_NC_076132.1_214	2843917	0.628
EX_NC_077008.1_702	2073044	0.974
EX_NC_077008.1_1082	2073044	1.0
EX_NC_076132.1_1166	2843917	1.0
EX_NC_077008.1_914	2073044	0.974
EX_NC_077216.1_698	698400	0.295
EX_NC_076132.1_606	2843917	1.0
EX_NC_077008.1_1142	2073044	1.0
EX_NC_076132.1_514	2843917	0.756
EX_NC_076132.1_378	2843917	1.0
EX_NC_076132.1_270	2843917	0.923
EX_NC_077216.1_918	698400	0.232
EX_NC_077008.1_694	2073044	0.987
EX_NC_077008.1_854	2073044	1.0
EX_NC_077008.1_898	2073044	0.986
EX_NC_077216.1_570	698400	0.227
EX_NC_077008.1_1166	2073044	1.0
EX_NC_077008.1_830	2073044	0.961
EX_NC_076132.1_1126	2843917	1.0
EX_NC_076132.1_854	2843917	1.0
EX_NC_076132.1_98	2843917	1.0
EX_NC_077008.1_1122	2073044	1.0
EX_NC_076132.1_630	2843917	1.0
EX_NC_076132.1_482	2843917	1.0
EX_NC_076132.1_1182	2843917	1.0
EX_NC_077008.1_50	2073044	1.0
EX_NC_076132.1_318	2843917	1.0
EX_NC_077008.1_654	2073044	0.988
EX_NC_077008.1_370	2073044	1.0
EX_NC_076132.1_498	2843917	1.0
EX_NC_077216.1_582	698400	0.139
EX_NC_077216.1_1118	698400	0.425
EX_NC_077008.1_982	2073044	0.958
EX_NC_077216.1_926	698400	0.143
EX_NC_076132.1_1110	2843917	1.0
EX_NC_077216.1_1062	698400	0.6
EX_NC_076132.1_246	2843917	1.0
EX_NC_076132.1_982	2843917	0.684
EX_NC_077008.1_106	2073044	0.974
EX_NC_077216.1_262	698400	0.487
EX_NC_077008.1_674	2073044	1.0
EX_NC_077216.1_410	698400	0.293
EX_NC_077008.1_170	2073044	1.0
EX_NC_076132.1_934	2843917	1.0
EX_NC_077216.1_850	698400	0.27
EX_NC_077008.1_386	2073044	1.0
EX_NC_077008.1_1154	2073044	1.0
EX_NC_077008.1_902	2073044	0.987
EX_NC_076132.1_474	2843917	1.0
EX_NC_077216.1_890	698400	0.384
EX_NC_077008.1_266	2073044	1.0
EX_NC_077008.1_1074	2073044	1.0
EX_NC_077008.1_962	2073044	0.988
EX_NC_076132.1_894	2843917	1.0
EX_NC_076132.1_574	2843917	0.921
EX_NC_076132.1_1022	2843917	0.654
EX_NC_077008.1_242	2073044	1.0
EX_NC_076132.1_382	2843917	0.671
EX_NC_076132.1_1122	2843917	1.0
EX_NC_076132.1_1018	2843917	1.0
EX_NC_077008.1_858	2073044	0.971
EX_NC_077008.1_354	2073044	1.0
EX_NC_077216.1_54	698400	0.671
EX_NC_076132.1_1050	2843917	1.0
EX_NC_077216.1_662	698400	1.0
EX_NC_077008.1_1134	2073044	0.911
EX_NC_077216.1_550	698400	0.47
EX_NC_076132.1_330	2843917	0.816
EX_NC_077008.1_586	2073044	1.0
EX_NC_077216.1_1110	698400	0.744
EX_NC_076132.1_434	2843917	1.0
EX_NC_077216.1_966	698400	0.632
EX_NC_077216.1_866	698400	0.41
EX_NC_077216.1_574	698400	0.103
EX_NC_077216.1_738	698400	0.208
EX_NC_077008.1_10	2073044	0.974
EX_NC_076132.1_286	2843917	0.905
EX_NC_077216.1_830	698400	0.658
EX_NC_076132.1_870	2843917	1.0
EX_NC_076132.1_890	2843917	0.914
EX_NC_076132.1_1006	2843917	1.0
EX_NC_077008.1_318	2073044	0.889
EX_NC_077216.1_742	698400	0.152
EX_NC_077216.1_370	698400	0.195
EX_NC_076132.1_1058	2843917	1.0
EX_NC_076132.1_446	2843917	0.8
EX_NC_077216.1_14	698400	0.173
EX_NC_076132.1_918	2843917	0.747
EX_NC_076132.1_1062	2843917	0.541
EX_NC_077008.1_310	2073044	1.0
EX_NC_077008.1_138	2073044	1.0
EX_NC_076132.1_962	2843917	1.0
EX_NC_077216.1_842	698400	0.986
EX_NC_077216.1_394	698400	0.131
EX_NC_077216.1_290	698400	0.195
EX_NC_077008.1_802	2073044	0.962
EX_NC_077216.1_534	698400	0.075
EX_NC_077008.1_510	2073044	1.0
EX_NC_077216.1_770	698400	0.818
EX_NC_077008.1_54	2073044	0.951
EX_NC_076132.1_730	2843917	1.0
EX_NC_077008.1_570	2073044	1.0
EX_NC_077216.1_526	698400	0.013
EX_NC_077216.1_86	698400	0.372
EX_NC_077008.1_26	2073044	0.974
EX_NC_077216.1_610	698400	0.296
EX_NC_077216.1_914	698400	0.28
EX_NC_077008.1_890	2073044	0.973
EX_NC_077008.1_1010	2073044	0.95
EX_NC_077008.1_1126	2073044	1.0
EX_NC_076132.1_470	2843917	0.63
EX_NC_076132.1_454	2843917	0.781
EX_NC_077008.1_302	2073044	1.0
EX_NC_077216.1_1046	698400	0.57
EX_NC_077216.1_406	698400	0.577
EX_NC_076132.1_830	2843917	1.0
EX_NC_076132.1_802	2843917	1.0
EX_NC_077216.1_442	698400	0.641
EX_NC_077216.1_798	698400	0.263
EX_NC_077216.1_818	698400	0.308
EX_NC_076132.1_1026	2843917	1.0
EX_NC_077008.1_326	2073044	1.0
EX_NC_077216.1_26	698400	0.273
EX_NC_077008.1_210	2073044	1.0
EX_NC_076132.1_710	2843917	0.731
EX_NC_077008.1_98	2073044	0.948
EX_NC_077008.1_546	2073044	0.974
EX_NC_076132.1_834	2843917	1.0
EX_NC_076132.1_422	2843917	1.0
EX_NC_077216.1_962	698400	0.035
EX_NC_077216.1_774	698400	0.103
EX_NC_076132.1_518	2843917	1.0
EX_NC_077216.1_934	119164	1.0
EX_NC_076132.1_14	2843917	1.0
EX_NC_077008.1_342	2073044	0.961
EX_NC_076132.1_178	2843917	1.0
EX_NC_076132.1_230	2843917	1.0
EX_NC_077008.1_374	2073044	1.0
EX_NC_077216.1_174	698400	0.247
EX_NC_077216.1_1098	698400	0.333
EX_NC_076132.1_654	2843917	1.0
EX_NC_077008.1_402	2073044	1.0
EX_NC_077216.1_622	698400	0.093
EX_NC_077008.1_1046	2073044	1.0
EX_NC_076132.1_346	2843917	0.887
EX_NC_077216.1_270	698400	0.266
EX_NC_077008.1_290	2073044	1.0
EX_NC_077216.1_1114	698400	0.452
EX_NC_076132.1_794	2843917	0.792
EX_NC_077008.1_178	2073044	1.0
EX_NC_076132.1_762	2843917	1.0
EX_NC_077008.1_1022	2073044	1.0
EX_NC_077008.1_686	2073044	1.0
EX_NC_076132.1_758	2843917	1.0
EX_NC_077216.1_882	698400	1.0
EX_NC_077008.1_598	2073044	0.974
EX_NC_076132.1_558	2843917	0.872
EX_NC_077008.1_726	2073044	1.0
EX_NC_077008.1_270	2073044	0.859
EX_NC_076132.1_1102	2843917	0.575
EX_NC_076132.1_898	2843917	1.0
EX_NC_077216.1_498	698400	0.475
EX_NC_077216.1_490	698400	0.584
EX_NC_076132.1_946	2843917	1.0
EX_NC_076132.1_622	2843917	1.0
EX_NC_076132.1_958	2843917	0.795
EX_NC_077216.1_110	698400	1.0
EX_NC_076132.1_82	2843917	0.696
EX_NC_077216.1_922	698400	0.038
EX_NC_076132.1_1078	2843917	0.936
EX_NC_077008.1_1090	2073044	1.0
EX_NC_076132.1_158	2843917	1.0
EX_NC_077216.1_306	698400	0.805
EX_NC_077008.1_34	2073044	1.0
EX_NC_077216.1_118	698400	0.21
EX_NC_077216.1_94	698400	0.034
EX_NC_077216.1_586	698400	0.192
EX_NC_077008.1_646	2073044	0.988
EX_NC_077008.1_442	2073044	1.0
EX_NC_076132.1_602	2843917	0.974
EX_NC_077216.1_634	698400	0.543
EX_NC_076132.1_426	2843917	0.607
EX_NC_077216.1_374	698400	0.275
EX_NC_077216.1_466	698400	0.487
EX_NC_076132.1_926	2843917	1.0
EX_NC_077216.1_886	698400	0.141
EX_NC_077008.1_934	2073044	0.988
EX_NC_077008.1_262	2073044	0.987
EX_NC_077216.1_198	698400	0.325
EX_NC_076132.1_554	2843917	0.987
EX_NC_077008.1_334	2073044	0.947
EX_NC_076132.1_706	2843917	1.0
EX_NC_077216.1_494	698400	0.468
EX_NC_077216.1_66	698400	0.295
EX_NC_077216.1_1066	698400	0.284
EX_NC_077008.1_466	2073044	0.962
EX_NC_077216.1_1174	698400	1.0
EX_NC_076132.1_998	2843917	0.937
EX_NC_077008.1_770	2073044	1.0
EX_NC_076132.1_1138	2843917	1.0
EX_NC_077216.1_418	698400	0.959
EX_NC_077008.1_742	2073044	1.0
EX_NC_077008.1_690	2073044	0.962
EX_NC_077008.1_1174	2073044	1.0
EX_NC_076132.1_798	2843917	1.0
EX_NC_076132.1_862	2843917	1.0
EX_NC_077008.1_498	2073044	1.0
EX_NC_076132.1_310	2843917	1.0
EX_NC_077008.1_1194	2073044	1.0
EX_NC_077216.1_870	698400	0.312
EX_NC_076132.1_1010	2843917	1.0
EX_NC_076132.1_206	2843917	0.582
EX_NC_077008.1_650	2073044	1.0
EX_NC_076132.1_342	2843917	1.0
EX_NC_077008.1_78	2073044	0.947
EX_NC_077216.1_274	698400	0.532
EX_NC_077008.1_602	2073044	1.0
EX_NC_077008.1_66	2073044	1.0
EX_NC_077008.1_1058	2073044	0.974
EX_NC_076132.1_686	2843917	0.829
EX_NC_077216.1_518	698400	0.179
EX_NC_076132.1_190	2843917	0.63
EX_NC_077008.1_198	2073044	1.0
EX_NC_077008.1_6	2073044	1.0
EX_NC_077216.1_734	698400	0.395
EX_NC_077216.1_554	698400	0.171
EX_NC_077216.1_1026	698400	0.052
EX_NC_077008.1_554	2073044	1.0
EX_NC_077216.1_1038	698400	0.013
EX_NC_077216.1_210	698400	0.025
EX_NC_077216.1_702	698400	1.0
EX_NC_077216.1_878	698400	0.316
EX_NC_077008.1_46	2073044	1.0
EX_NC_076132.1_1114	2843917	1.0
EX_NC_077216.1_74	698400	1.0
EX_NC_076132.1_698	2843917	1.0
EX_NC_077008.1_718	2073044	1.0
EX_NC_076132.1_666	2843917	0.829
EX_NC_077216.1_158	698400	0.176
EX_NC_077008.1_294	2073044	1.0
EX_NC_077008.1_230	2073044	1.0
EX_NC_077216.1_506	698400	0.024
EX_NC_077216.1_990	698400	0.154
EX_NC_077008.1_90	2073044	0.987
EX_NC_077008.1_838	2073044	1.0
EX_NC_077008.1_1014	2073044	1.0
EX_NC_076132.1_486	2843917	1.0
EX_NC_077216.1_638	698400	0.169
EX_NC_077216.1_974	698400	0.372
EX_NC_076132.1_1086	2843917	1.0
EX_NC_077008.1_1158	2073044	0.987
EX_NC_077216.1_766	698400	0.129
EX_NC_077216.1_474	698400	0.31
EX_NC_077008.1_494	2073044	1.0
EX_NC_077216.1_310	698400	0.354
EX_NC_077216.1_666	698400	0.214
EX_NC_076132.1_1046	2843917	1.0
EX_NC_077008.1_878	2073044	0.986
EX_NC_076132.1_738	2843917	1.0
EX_NC_076132.1_846	2843917	1.0
EX_NC_077008.1_278	2073044	0.988
EX_NC_077216.1_6	698400	0.012
EX_NC_077216.1_206	698400	1.0
EX_NC_077008.1_394	2073044	0.987
EX_NC_076132.1_610	2843917	1.0
EX_NC_077216.1_130	698400	0.538
EX_NC_076132.1_978	2843917	0.561
EX_NC_077216.1_378	698400	0.216
EX_NC_077008.1_842	2073044	0.988
EX_NC_077216.1_190	698400	0.04
EX_NC_077216.1_330	698400	0.561
EX_NC_077216.1_854	698400	0.132
EX_NC_076132.1_942	2843917	1.0
EX_NC_077216.1_58	698400	0.312
EX_NC_077008.1_298	2073044	1.0
EX_NC_076132.1_370	2843917	0.87
EX_NC_077008.1_362	2073044	1.0
EX_NC_076132.1_1106	2843917	0.455
EX_NC_077008.1_826	2073044	0.987
EX_NC_077216.1_562	698400	0.378
EX_NC_077008.1_358	2073044	1.0
EX_NC_076132.1_338	2843917	1.0
EX_NC_077008.1_846	2073044	0.951
EX_NC_076132.1_790	2843917	1.0
EX_NC_076132.1_398	2843917	1.0
EX_NC_077008.1_550	2073044	0.987
EX_NC_077008.1_518	2073044	1.0
EX_NC_077008.1_714	2073044	1.0
EX_NC_076132.1_50	2843917	0.556
EX_NC_077216.1_166	698400	0.317
EX_NC_077008.1_558	2073044	0.974
EX_NC_077216.1_30	698400	0.275
EX_NC_076132.1_502	2843917	0.642
EX_NC_077008.1_118	2073044	1.0
EX_NC_077216.1_894	698400	0.614
EX_NC_077008.1_1086	2073044	1.0
EX_NC_076132.1_162	2843917	0.775
EX_NC_077008.1_110	2073044	1.0
EX_NC_076132.1_278	2843917	0.711
EX_NC_076132.1_106	2843917	0.523
EX_NC_077216.1_246	698400	0.107
EX_NC_076132.1_110	2843917	0.817
EX_NC_077008.1_82	2073044	0.932
EX_NC_077008.1_1034	2073044	1.0
EX_NC_077216.1_686	698400	0.25
EX_NC_077216.1_978	698400	0.313
EX_NC_077216.1_910	698400	0.32
EX_NC_077216.1_338	698400	0.329
EX_NC_076132.1_390	2843917	0.904
EX_NC_076132.1_1054	2843917	1.0
EX_NC_077216.1_606	698400	0.012
EX_NC_077008.1_786	2073044	0.88
EX_NC_077008.1_706	2073044	0.974
EX_NC_076132.1_1070	2843917	0.628
EX_NC_076132.1_818	2843917	1.0
EX_NC_077216.1_502	698400	0.487
EX_NC_077008.1_190	2073044	1.0
EX_NC_077008.1_346	2073044	1.0
EX_NC_076132.1_1038	2843917	1.0
EX_NC_076132.1_842	2843917	0.747
EX_NC_077216.1_90	698400	0.269
EX_NC_076132.1_1154	2843917	1.0
EX_NC_077216.1_1106	698400	0.337
EX_NC_076132.1_174	2843917	0.987
EX_NC_077008.1_162	2073044	1.0
EX_NC_077008.1_486	2073044	1.0
EX_NC_077216.1_454	698400	0.792
EX_NC_076132.1_1094	2843917	1.0
EX_NC_077216.1_342	698400	0.184
EX_NC_077216.1_478	698400	0.184
EX_NC_076132.1_722	2843917	0.988
EX_NC_077008.1_782	2073044	1.0
EX_NC_077216.1_142	698400	0.333
EX_NC_076132.1_358	2843917	1.0
EX_NC_077216.1_1070	698400	0.16
EX_NC_077216.1_558	698400	0.338
EX_NC_077216.1_958	698400	0.036
EX_NC_077008.1_730	2073044	1.0
EX_NC_077008.1_926	2073044	0.975
EX_NC_076132.1_974	2843917	1.0
EX_NC_077008.1_382	2073044	1.0
EX_NC_077216.1_682	698400	0.577
EX_NC_077008.1_58	2073044	0.987
EX_NC_077216.1_22	698400	0.217
EX_NC_077216.1_334	698400	0.117
EX_NC_077216.1_186	698400	0.024
EX_NC_077216.1_762	698400	0.512
EX_NC_076132.1_182	2843917	1.0
EX_NC_077216.1_126	698400	0.108
EX_NC_077008.1_478	2073044	1.0
EX_NC_076132.1_2	2843917	1.0
EX_NC_077008.1_814	2073044	1.0
EX_NC_076132.1_202	2843917	1.0
EX_NC_077216.1_862	698400	0.125
EX_NC_077008.1_758	2073044	0.975
EX_NC_077216.1_250	698400	0.414
EX_NC_077216.1_1158	698400	0.462
EX_NC_076132.1_406	2843917	0.6
EX_NC_077216.1_1146	698400	0.213
EX_NC_076132.1_30	2843917	0.7
EX_NC_077008.1_566	2073044	0.931
EX_NC_076132.1_674	2843917	0.709
EX_NC_076132.1_826	2843917	1.0
EX_NC_077008.1_562	2073044	0.831
EX_NC_077216.1_998	698400	0.187
EX_NC_076132.1_1194	2843917	1.0
EX_NC_077008.1_126	2073044	0.835
EX_NC_077008.1_918	2073044	0.973
EX_NC_076132.1_234	2843917	0.637
EX_NC_076132.1_578	2843917	0.938
EX_NC_077216.1_98	698400	0.052
EX_NC_077008.1_954	2073044	1.0
EX_NC_077216.1_658	698400	0.303
EX_NC_077008.1_150	2073044	0.936
EX_NC_076132.1_874	2843917	1.0
EX_NC_077008.1_206	2073044	0.971
EX_NC_077216.1_138	698400	0.152
EX_NC_076132.1_626	2843917	1.0
EX_NC_077216.1_294	698400	0.294
EX_NC_077216.1_906	698400	0.027
EX_NC_077216.1_298	698400	1.0
EX_NC_077216.1_322	698400	0.341
EX_NC_077008.1_542	2073044	1.0
EX_NC_077216.1_382	698400	0.037
EX_NC_076132.1_294	2843917	1.0
EX_NC_077216.1_834	698400	0.303
EX_NC_077008.1_734	2073044	1.0
EX_NC_077008.1_886	2073044	1.0
EX_NC_076132.1_354	2843917	0.684
EX_NC_077216.1_350	698400	0.598
EX_NC_076132.1_490	2843917	1.0
EX_NC_077216.1_238	698400	0.506
EX_NC_076132.1_1186	2843917	0.488
EX_NC_077216.1_590	698400	0.366
EX_NC_076132.1_442	2843917	1.0
EX_NC_076132.1_58	2843917	1.0
EX_NC_077008.1_462	2073044	1.0
EX_NC_076132.1_778	2843917	1.0
EX_NC_076132.1_886	2843917	1.0
EX_NC_077008.1_418	2073044	0.974
EX_NC_076132.1_754	2843917	0.762
EX_NC_077008.1_1050	2073044	0.988
EX_NC_077008.1_998	2073044	1.0
EX_NC_077008.1_490	2073044	1.0
EX_NC_076132.1_590	2843917	1.0
EX_NC_076132.1_702	2843917	0.738
EX_NC_076132.1_1150	2843917	0.481
EX_NC_077008.1_282	2073044	1.0
EX_NC_077008.1_130	2073044	0.974
EX_NC_077216.1_102	698400	0.855
EX_NC_076132.1_822	2843917	1.0
EX_NC_077008.1_710	2073044	1.0
EX_NC_076132.1_906	2843917	0.571
EX_NC_077216.1_286	698400	0.035
EX_NC_077008.1_606	2073044	0.947
EX_NC_076132.1_154	2843917	0.987
EX_NC_076132.1_1014	2843917	1.0
EX_NC_076132.1_254	2843917	1.0
EX_NC_077008.1_74	2073044	0.9
EX_NC_076132.1_1142	2843917	1.0
EX_NC_077008.1_450	2073044	1.0
EX_NC_077216.1_710	698400	0.1
EX_NC_077008.1_1138	2073044	0.986
EX_NC_077216.1_122	698400	0.482
EX_NC_077216.1_154	698400	0.55
EX_NC_077216.1_1122	698400	0.289
EX_NC_076132.1_970	2843917	1.0
EX_NC_077216.1_530	698400	0.481
EX_NC_076132.1_682	2843917	0.836
EX_NC_076132.1_458	2843917	0.795
EX_NC_077216.1_346	698400	0.435
EX_NC_077008.1_822	2073044	1.0
EX_NC_076132.1_810	2843917	0.951
EX_NC_077008.1_1094	2073044	1.0
EX_NC_076132.1_150	2843917	0.737
EX_NC_076132.1_546	2843917	0.691
EX_NC_077216.1_746	698400	0.44
EX_NC_076132.1_522	2843917	1.0
EX_NC_076132.1_734	2843917	1.0
EX_NC_077216.1_106	698400	0.57
EX_NC_076132.1_42	2843917	1.0
EX_NC_076132.1_142	2843917	0.877
EX_NC_077008.1_1114	2073044	0.948
EX_NC_076132.1_786	2843917	0.691
EX_NC_077216.1_970	698400	0.442
EX_NC_076132.1_950	2843917	0.562
