Pos	A	C	G	T	N	-	Total
0	0	0	0	0	0	0	0
1	0	0	0	0	0	0	0
2	0	0	0	0	0	0	0
3	2	0	0	0	0	0	2
4	2	0	0	0	0	0	2
5	3	0	0	0	0	0	3
6	0	0	0	3	0	0	3
7	3	0	0	0	0	0	3
8	0	0	0	3	0	0	3
9	3	0	0	0	0	0	3
10	0	3	0	0	0	0	3
11	0	0	3	0	0	0	3
12	3	0	0	0	0	0	3
13	3	0	0	0	0	0	3
14	0	0	4	0	0	0	4
15	4	0	0	0	0	0	4
16	0	0	4	0	0	0	4
17	6	0	0	0	0	0	6
18	0	0	6	0	0	0	6
19	6	0	0	0	0	0	6
20	0	0	6	0	0	0	6
21	6	0	0	0	0	0	6
22	0	0	7	0	0	0	7
23	0	7	0	0	0	0	7
24	0	8	0	0	0	0	8
25	0	8	0	0	0	0	8
26	0	0	0	8	0	0	8
27	0	0	0	8	0	0	8
28	0	0	9	0	0	0	9
29	0	9	0	0	0	0	9
30	0	0	0	9	0	0	9
31	9	0	0	0	0	0	9
32	0	0	9	0	0	0	9
33	0	0	0	9	0	0	9
34	0	0	9	0	0	0	9
35	10	0	0	0	0	0	10
36	0	0	0	11	0	0	11
37	0	0	0	11	0	0	11
38	0	0	0	11	0	0	11
39	0	11	0	0	0	0	11
40	0	0	0	11	0	0	11
41	0	0	0	11	0	0	11
42	0	12	0	0	0	0	12
43	12	0	0	0	0	0	12
44	12	0	0	0	0	0	12
45	0	0	12	0	0	0	12
46	0	0	0	12	0	0	12
47	0	12	0	0	0	0	12
48	0	0	0	12	0	0	12
49	0	0	0	12	0	0	12
50	12	0	0	0	0	0	12
51	0	0	0	12	0	0	12
52	0	0	12	0	0	0	12
53	12	0	0	0	0	0	12
54	12	0	0	0	0	0	12
55	0	12	0	0	0	0	12
56	0	0	0	13	0	0	13
57	0	0	0	13	0	0	13
58	0	0	0	13	0	0	13
59	0	0	13	0	0	0	13
60	13	0	0	0	0	0	13
61	13	0	0	0	0	0	13
62	0	0	0	13	0	0	13
63	0	0	0	13	0	0	13
64	0	0	14	0	0	0	14
65	14	0	0	0	0	0	14
66	0	0	0	14	0	0	14
67	0	14	0	0	0	0	14
68	0	0	14	0	0	0	14
69	14	0	0	0	0	0	14
70	0	14	0	0	0	0	14
71	0	0	14	0	0	0	14
72	0	0	14	0	0	0	14
73	14	0	0	0	0	0	14
74	14	0	0	0	0	0	14
75	0	0	15	0	0	0	15
76	0	15	0	0	0	0	15
77	0	16	0	0	0	0	16
78	16	0	0	0	0	0	16
79	0	0	0	17	0	0	17
80	0	17	0	0	0	0	17
81	0	0	0	17	0	0	17
82	0	0	17	0	0	0	17
83	17	0	0	0	0	0	17
84	17	0	0	0	0	0	17
85	17	0	0	0	0	0	17
86	0	0	17	0	0	0	17
87	0	0	0	17	0	0	17
88	0	0	0	17	0	0	17
89	0	0	0	17	0	0	17
90	0	18	0	0	0	0	18
91	0	18	0	0	0	0	18
92	0	18	0	0	0	0	18
93	0	0	0	18	0	0	18
94	0	20	0	0	0	0	20
95	20	0	0	0	0	0	20
96	0	20	0	0	0	0	20
97	0	0	0	20	0	0	20
98	0	20	0	0	0	0	20
99	0	0	20	0	0	0	20
100	0	21	0	0	0	0	21
101	21	0	0	0	0	0	21
102	21	0	0	0	0	0	21
103	0	0	21	0	0	0	21
104	0	22	0	0	0	0	22
105	0	0	0	23	0	0	23
106	0	23	0	0	0	0	23
107	0	0	23	0	0	0	23
108	0	0	23	0	0	0	23
109	0	0	0	24	0	0	24
110	0	0	0	24	0	0	24
111	24	0	0	0	0	0	24
112	0	24	0	0	0	0	24
113	24	0	0	0	0	0	24
114	0	0	24	0	0	0	24
115	24	0	0	0	0	0	24
116	0	0	24	0	0	0	24
117	24	0	0	0	0	0	24
118	0	0	24	0	0	0	24
119	24	0	0	0	0	0	24
120	0	0	24	0	0	0	24
121	24	0	0	0	0	0	24
122	24	0	0	0	0	0	24
123	0	0	0	24	0	0	24
124	0	24	0	0	0	0	24
125	0	24	0	0	0	0	24
126	0	0	0	24	0	0	24
127	24	0	0	0	0	0	24
128	24	0	0	0	0	0	24
129	24	0	0	0	0	0	24
130	0	0	0	24	0	0	24
131	0	0	0	24	0	0	24
132	0	0	0	24	0	0	24
133	24	0	0	0	0	0	24
134	0	0	24	0	0	0	24
135	0	24	0	0	0	0	24
136	25	0	0	0	0	0	25
137	0	0	25	0	0	0	25
138	0	0	0	26	0	0	26
139	26	0	0	0	0	0	26
140	0	0	0	26	0	0	26
141	0	0	0	26	0	0	26
142	0	27	0	0	0	0	27
143	0	0	0	27	0	0	27
144	0	0	0	27	0	0	27
145	27	0	0	0	0	0	27
146	27	0	0	0	0	0	27
147	0	0	27	0	0	0	27
148	0	27	0	0	0	0	27
149	0	27	0	0	0	0	27
150	27	0	0	0	0	0	27
151	27	0	0	0	0	0	27
152	0	0	0	27	0	0	27
153	25	0	0	0	0	0	25
154	0	25	0	0	0	0	25
155	0	24	0	0	0	0	24
156	0	0	0	24	0	0	24
157	0	24	0	0	0	0	24
158	0	0	24	0	0	0	24
159	0	1	0	24	0	0	25
160	25	0	0	0	0	0	25
161	25	0	0	0	0	0	25
162	0	25	0	0	0	0	25
163	0	25	0	0	0	0	25
164	0	0	24	0	0	0	24
165	0	0	0	24	0	0	24
166	24	0	0	0	0	0	24
167	0	22	0	0	0	0	22
168	22	0	0	0	0	0	22
169	22	0	0	0	0	0	22
170	0	0	22	0	0	0	22
171	22	0	0	0	0	0	22
172	21	0	0	0	0	0	21
173	21	0	0	0	0	0	21
174	20	0	0	0	0	0	20
175	0	0	0	20	0	0	20
176	0	0	21	0	0	0	21
177	0	21	0	0	0	0	21
178	20	0	0	0	0	0	20
179	20	0	0	0	0	0	20
180	0	21	0	0	0	0	21
181	0	21	0	0	0	0	21
182	22	0	0	0	0	0	22
183	0	22	0	0	0	0	22
184	23	0	0	0	0	0	23
185	22	0	0	0	0	0	22
186	22	0	0	0	0	0	22
187	0	23	0	0	0	0	23
188	0	23	0	0	0	0	23
189	23	0	0	0	0	0	23
190	0	0	0	23	0	0	23
191	0	0	0	23	0	0	23
192	0	0	0	22	0	0	22
193	0	0	0	23	0	0	23
194	0	23	0	0	0	0	23
195	0	0	0	24	0	0	24
196	0	0	0	24	0	0	24
197	0	24	0	0	0	0	24
198	0	0	24	0	0	0	24
199	0	24	0	0	0	0	24
200	0	0	0	24	0	0	24
201	0	24	0	0	0	0	24
202	0	0	0	24	0	0	24
203	25	0	0	0	0	0	25
204	0	0	0	25	0	0	25
205	0	0	0	25	0	0	25
206	0	0	0	25	0	0	25
207	0	0	25	0	0	0	25
208	0	0	0	25	0	0	25
209	0	0	25	0	0	0	25
210	0	28	0	0	0	0	28
211	0	0	0	28	0	0	28
212	0	29	0	0	0	0	29
213	0	0	0	29	0	0	29
214	0	28	0	0	0	0	28
215	0	28	0	0	0	0	28
216	0	0	0	28	0	0	28
217	0	28	0	0	0	0	28
218	0	28	0	0	0	0	28
219	0	28	0	0	0	0	28
220	0	0	0	28	0	0	28
221	0	0	0	28	0	0	28
222	0	0	0	28	0	0	28
223	0	29	0	0	0	0	29
224	0	29	0	0	0	0	29
225	0	0	0	28	0	0	28
226	0	0	0	28	0	0	28
227	0	27	0	0	0	0	27
228	0	0	0	27	0	0	27
229	0	27	0	0	0	0	27
230	27	0	0	0	0	0	27
231	0	0	27	0	0	0	27
232	0	27	0	0	0	0	27
233	27	0	0	0	0	0	27
234	0	0	27	0	0	0	27
235	0	28	0	0	0	0	28
236	0	29	0	0	0	0	29
237	29	0	0	0	0	0	29
238	29	0	0	0	0	0	29
239	0	0	0	30	0	0	30
240	0	0	29	0	0	0	29
241	0	0	0	29	0	0	29
242	0	30	0	0	0	0	30
243	0	30	0	0	0	0	30
244	0	28	0	0	0	0	28
245	0	0	0	28	0	0	28
246	0	0	0	29	0	0	29
247	0	0	0	30	0	0	30
248	0	0	0	30	0	0	30
249	0	0	0	30	0	0	30
250	30	0	0	0	0	0	30
251	0	0	0	30	0	0	30
252	0	31	0	0	0	0	31
253	31	0	0	0	0	0	31
254	0	0	30	0	0	0	30
255	0	0	30	0	0	0	30
256	0	0	30	0	0	0	30
257	30	0	0	0	0	0	30
258	30	0	0	0	0	0	30
259	0	0	0	29	0	0	29
260	29	0	0	0	0	0	29
261	0	29	0	0	0	0	29
262	29	0	0	0	0	0	29
263	0	29	0	0	0	0	29
264	0	29	0	0	0	0	29
265	0	0	29	0	0	0	29
266	0	29	0	0	0	0	29
267	29	0	0	0	0	0	29
268	0	29	0	0	0	0	29
269	0	29	0	0	0	0	29
270	0	0	29	0	0	0	29
271	0	0	30	0	0	0	30
272	30	0	0	0	0	0	30
273	30	0	0	0	0	0	30
274	0	31	0	0	0	0	31
275	0	0	32	0	0	0	32
276	0	0	32	0	0	0	32
277	0	0	0	32	0	0	32
278	32	0	0	0	0	0	32
279	32	0	0	0	0	0	32
280	0	0	32	0	0	0	32
281	0	32	0	0	0	0	32
282	0	0	32	0	0	0	32
283	0	0	32	0	0	0	32
284	0	0	32	0	0	0	32
285	32	0	0	0	0	0	32
286	31	0	0	0	0	0	31
287	0	31	0	0	0	0	31
288	30	0	0	0	0	0	30
289	0	0	30	0	0	0	30
290	30	0	0	0	0	0	30
291	30	0	0	0	0	0	30
292	0	0	30	0	0	0	30
293	0	30	0	0	0	0	30
294	0	0	30	0	0	0	30
295	30	0	0	0	0	0	30
296	0	0	31	0	0	0	31
297	0	0	0	31	0	0	31
298	0	31	0	0	0	0	31
299	0	0	0	31	0	0	31
300	0	31	0	0	0	0	31
301	0	0	0	31	0	0	31
302	31	0	0	0	0	0	31
303	31	0	0	0	0	0	31
304	0	0	31	0	0	0	31
305	0	31	0	0	0	0	31
306	0	0	0	31	0	0	31
307	0	31	0	0	0	0	31
308	0	0	31	0	0	0	31
309	0	31	0	0	0	0	31
310	0	0	0	32	0	0	32
311	0	32	0	0	0	0	32
312	0	0	0	33	0	0	33
313	0	0	0	34	0	0	34
314	0	0	0	34	0	0	34
315	34	0	0	0	0	0	34
316	0	34	0	0	0	0	34
317	0	0	0	34	0	0	34
318	0	0	34	0	0	0	34
319	0	0	0	34	0	0	34
320	0	0	35	0	0	0	35
321	0	0	35	0	0	0	35
322	35	0	0	0	0	0	35
323	0	0	35	0	0	0	35
324	0	0	0	35	0	0	35
325	0	0	0	35	0	0	35
326	34	0	0	0	0	0	34
327	35	0	0	0	0	0	35
328	0	36	0	0	0	0	36
329	36	0	0	0	0	0	36
330	0	0	0	35	0	0	35
331	0	36	0	0	0	0	36
332	36	0	0	0	0	0	36
333	0	37	0	0	0	0	37
334	0	0	0	36	0	0	36
335	0	36	0	0	0	0	36
336	0	35	0	0	0	0	35
337	0	0	0	34	0	0	34
338	0	0	0	34	0	0	34
339	0	0	34	0	0	0	34
340	0	34	0	0	0	0	34
341	0	0	0	34	0	0	34
342	0	0	34	0	0	0	34
343	0	0	33	0	0	0	33
344	33	0	0	0	0	0	33
345	32	0	0	0	0	0	32
346	0	32	0	0	0	0	32
347	0	0	32	0	0	0	32
348	0	0	32	0	0	0	32
349	32	0	0	0	0	0	32
350	32	0	0	0	0	0	32
351	33	0	0	0	0	0	33
352	0	0	34	0	0	0	34
353	0	0	33	0	0	0	33
354	0	33	0	0	0	0	33
355	0	33	0	0	0	0	33
356	0	0	0	32	0	0	32
357	0	0	0	32	0	0	32
358	0	0	0	32	0	0	32
359	0	0	0	32	0	0	32
360	0	29	0	0	0	0	29
361	0	29	0	0	0	0	29
362	0	28	0	0	0	0	28
363	0	29	0	0	0	0	29
364	0	29	0	0	0	0	29
365	29	0	0	0	0	0	29
366	0	30	0	0	0	0	30
367	0	0	0	31	0	0	31
368	0	0	0	31	0	0	31
369	0	0	31	0	0	0	31
370	0	0	32	0	0	0	32
371	0	32	0	0	0	0	32
372	0	0	0	32	0	0	32
373	0	31	0	0	0	0	31
374	0	31	0	0	0	0	31
375	31	0	0	0	0	0	31
376	32	0	0	0	0	0	32
377	32	0	0	0	0	0	32
378	0	32	0	0	0	0	32
379	0	31	0	0	0	0	31
380	0	0	31	0	0	0	31
381	31	0	0	0	0	0	31
382	0	0	0	31	0	0	31
383	33	0	0	0	0	0	33
384	0	0	33	0	0	0	33
385	0	32	0	0	0	0	32
386	31	0	0	0	0	0	31
387	31	0	0	0	0	0	31
388	0	31	0	0	0	0	31
389	0	30	0	0	0	0	30
390	0	0	0	30	0	0	30
391	0	30	0	0	0	0	30
392	0	0	30	0	0	0	30
393	0	0	30	0	0	0	30
394	30	0	0	0	0	0	30
395	0	0	30	0	0	0	30
396	0	29	0	0	0	0	29
397	0	28	0	0	0	0	28
398	0	30	0	0	0	0	30
399	0	30	0	0	0	0	30
400	29	0	0	0	0	0	29
401	0	30	0	0	0	0	30
402	0	0	29	0	0	0	29
403	29	0	0	0	0	0	29
404	29	0	0	0	0	0	29
405	0	28	0	0	0	0	28
406	0	28	0	0	0	0	28
407	0	28	0	0	0	0	28
408	28	0	0	0	0	0	28
409	0	28	0	0	0	0	28
410	0	28	0	0	0	0	28
411	0	0	0	29	0	0	29
412	0	0	0	29	0	0	29
413	29	0	0	0	0	0	29
414	29	0	0	0	0	0	29
415	0	0	29	0	0	0	29
416	30	0	0	0	0	0	30
417	0	0	30	0	0	0	30
418	30	0	0	0	0	0	30
419	0	0	0	30	0	0	30
420	0	0	30	0	0	0	30
421	0	29	0	0	0	0	29
422	0	0	30	0	0	0	30
423	0	31	0	0	0	0	31
424	0	0	0	30	0	0	30
425	0	0	30	0	0	0	30
426	0	0	30	0	0	0	30
427	31	0	0	0	0	0	31
428	0	0	0	32	0	0	32
429	0	32	0	0	0	0	32
430	0	0	0	32	0	0	32
431	0	0	32	0	0	0	32
432	0	32	0	0	0	0	32
433	0	0	0	33	0	0	33
434	33	0	0	0	0	0	33
435	0	0	0	33	0	0	33
436	0	0	33	0	0	0	33
437	0	0	33	0	0	0	33
438	0	34	0	0	0	0	34
439	34	0	0	0	0	0	34
440	34	0	0	0	0	0	34
441	0	0	35	0	0	0	35
442	0	0	0	34	0	0	34
443	0	0	0	34	0	0	34
444	34	0	0	0	0	0	34
445	0	0	0	34	0	0	34
446	34	0	0	0	0	0	34
447	0	0	0	34	0	0	34
448	0	34	0	0	0	0	34
449	0	34	0	0	0	0	34
450	34	0	0	0	0	0	34
451	0	0	34	0	0	0	34
452	34	0	0	0	0	0	34
453	0	0	34	0	0	0	34
454	34	0	0	0	0	0	34
455	0	0	0	34	0	0	34
456	0	0	0	34	0	0	34
457	0	35	0	0	0	0	35
458	0	35	0	0	0	0	35
459	35	0	0	0	0	0	35
460	0	0	34	0	0	0	34
461	34	0	0	0	0	0	34
462	0	33	0	0	0	0	33
463	0	0	32	0	0	0	32
464	0	32	0	0	0	0	32
465	0	32	0	0	0	0	32
466	0	0	0	32	0	0	32
467	0	33	0	0	0	0	33
468	0	0	0	34	0	0	34
469	0	34	0	0	0	0	34
470	0	0	0	33	0	0	33
471	0	0	0	35	0	0	35
472	0	35	0	0	0	0	35
473	0	36	0	0	0	0	36
474	36	0	0	0	0	0	36
475	36	0	0	0	0	0	36
476	0	0	36	0	0	0	36
477	0	0	35	0	0	0	35
478	0	34	0	0	0	0	34
479	34	0	0	0	0	0	34
480	0	34	0	0	0	0	34
481	33	0	0	0	0	0	33
482	0	0	32	0	0	0	32
483	31	0	0	0	0	0	31
484	31	0	0	0	0	0	31
485	0	0	31	0	0	0	31
486	31	0	0	0	0	0	31
487	31	0	0	0	0	0	31
488	0	0	0	31	0	0	31
489	0	0	0	31	0	0	31
490	0	0	0	31	0	0	31
491	0	0	0	31	0	0	31
492	0	31	0	0	0	0	31
493	31	0	0	0	0	0	31
494	31	0	0	0	0	0	31
495	0	0	31	0	0	0	31
496	31	0	0	0	0	0	31
497	0	0	0	32	0	0	32
498	0	0	0	33	0	0	33
499	0	33	0	0	0	0	33
500	0	0	0	33	0	0	33
501	0	0	0	32	0	0	32
502	0	0	31	0	0	0	31
503	0	31	0	0	0	0	31
504	0	0	32	0	0	0	32
505	0	33	0	0	0	0	33
506	0	0	33	0	0	0	33
507	0	0	0	33	0	0	33
508	33	0	0	0	0	0	33
509	0	0	0	33	0	0	33
510	0	0	33	0	0	0	33
511	0	0	33	0	0	0	33
512	33	0	0	0	0	0	33
513	0	32	0	0	0	0	32
514	0	0	0	32	0	0	32
515	0	32	0	0	0	0	32
516	32	0	0	0	0	0	32
517	0	31	0	0	0	0	31
518	0	31	0	0	0	0	31
519	32	0	0	0	0	0	32
520	0	31	0	0	0	0	31
521	0	0	0	32	0	0	32
522	0	0	32	0	0	0	32
523	0	33	0	0	0	0	33
524	0	0	34	0	0	0	34
525	34	0	0	0	0	0	34
526	33	0	0	0	0	0	33
527	33	0	0	0	0	0	33
528	33	0	0	0	0	0	33
529	0	34	0	0	0	0	34
530	0	0	34	0	0	0	34
531	0	0	0	34	0	0	34
532	0	0	34	0	0	0	34
533	0	0	32	0	0	0	32
534	0	0	0	33	0	0	33
535	0	0	0	33	0	0	33
536	0	0	33	0	0	0	33
537	34	0	0	0	0	0	34
538	34	0	0	0	0	0	34
539	34	0	0	0	0	0	34
540	0	0	34	0	0	0	34
541	0	0	34	0	0	0	34
542	35	0	0	0	0	0	35
543	0	0	35	0	0	0	35
544	0	35	0	0	0	0	35
545	0	0	0	35	0	0	35
546	0	0	0	35	0	0	35
547	0	0	0	35	0	0	35
548	0	34	0	0	0	0	34
549	0	34	0	0	0	0	34
550	34	0	0	0	0	0	34
551	33	0	0	0	0	0	33
552	35	0	0	0	0	0	35
553	0	0	36	0	0	0	36
554	0	36	0	0	0	0	36
555	0	0	0	36	0	0	36
556	0	0	0	36	0	0	36
557	0	0	0	36	0	0	36
558	0	36	0	0	0	0	36
559	0	0	0	36	0	0	36
560	0	0	36	0	0	0	36
561	0	0	0	35	0	0	35
562	0	0	36	0	0	0	36
563	0	0	36	0	0	0	36
564	36	0	0	0	0	0	36
565	0	37	0	0	0	0	37
566	0	36	0	0	0	0	36
567	0	0	36	0	0	0	36
568	0	0	0	37	0	0	37
569	0	0	37	0	0	0	37
570	0	0	37	0	0	0	37
571	0	0	0	37	0	0	37
572	0	36	0	0	0	0	36
573	0	0	0	35	0	0	35
574	0	35	0	0	0	0	35
575	35	0	0	0	0	0	35
576	0	0	0	35	0	0	35
577	0	0	0	34	0	0	34
578	0	0	33	0	0	0	33
579	0	0	0	33	0	0	33
580	0	0	33	0	0	0	33
581	0	0	33	0	0	0	33
582	34	0	0	0	0	0	34
583	0	0	33	0	0	0	33
584	0	33	0	0	0	0	33
585	0	0	0	33	0	0	33
586	0	0	0	33	0	0	33
587	0	0	0	33	0	0	33
588	0	0	32	0	0	0	32
589	0	0	32	0	0	0	32
590	0	32	0	0	0	0	32
591	31	0	0	0	0	0	31
592	0	0	0	31	0	0	31
593	0	31	0	0	0	0	31
594	0	0	0	31	0	0	31
595	0	0	31	0	0	0	31
596	0	0	30	0	0	0	30
597	0	0	31	0	0	0	31
598	0	0	0	31	0	0	31
599	0	32	0	0	0	0	32
600	32	0	0	0	0	0	32
601	0	0	0	33	0	0	33
602	0	0	0	33	0	0	33
603	0	0	33	0	0	0	33
604	0	0	0	34	0	0	34
605	0	34	0	0	0	0	34
606	0	0	0	34	0	0	34
607	0	33	0	0	0	0	33
608	0	33	0	0	0	0	33
609	0	0	0	32	0	0	32
610	0	0	32	0	0	0	32
611	0	0	32	0	0	0	32
612	32	0	0	0	0	0	32
613	0	32	0	0	0	0	32
614	0	32	0	0	0	0	32
615	0	0	0	32	0	0	32
616	0	0	0	32	0	0	32
617	0	0	0	31	0	0	31
618	0	0	0	31	0	0	31
619	31	0	0	0	0	0	31
620	0	0	0	31	0	0	31
621	0	29	0	0	0	0	29
622	0	0	0	29	0	0	29
623	0	0	28	0	0	0	28
624	0	0	29	0	0	0	29
625	0	0	0	30	0	0	30
626	0	0	30	0	0	0	30
627	30	0	0	0	0	0	30
628	0	30	0	0	0	0	30
629	0	0	30	0	0	0	30
630	30	0	0	0	0	0	30
631	0	30	0	0	0	0	30
632	30	0	0	0	0	0	30
633	0	0	0	30	0	0	30
634	0	0	0	30	0	0	30
635	0	0	0	30	0	0	30
636	31	0	0	0	0	0	31
637	0	33	0	0	0	0	33
638	0	33	0	0	0	0	33
639	34	0	0	0	0	0	34
640	0	0	0	34	0	0	34
641	0	0	35	0	0	0	35
642	0	35	0	0	0	0	35
643	0	35	0	0	0	0	35
644	0	36	0	0	0	0	36
645	0	0	36	0	0	0	36
646	0	0	0	36	0	0	36
647	0	35	0	0	0	0	35
648	0	0	34	0	0	0	34
649	0	0	0	34	0	0	34
650	0	0	0	35	0	0	35
651	0	0	0	36	0	0	36
652	0	0	36	0	0	0	36
653	0	0	0	36	0	0	36
654	0	36	0	0	0	0	36
655	0	0	0	35	0	0	35
656	0	35	0	0	0	0	35
657	0	0	35	0	0	0	35
658	0	35	0	0	0	0	35
659	35	0	0	0	0	0	35
660	0	0	0	35	0	0	35
661	0	0	0	35	0	0	35
662	0	0	35	0	0	0	35
663	0	35	0	0	0	0	35
664	0	0	0	36	0	0	36
665	0	0	0	36	0	0	36
666	0	0	0	35	0	0	35
667	35	0	0	0	0	0	35
668	0	35	0	0	0	0	35
669	0	0	34	0	0	0	34
670	0	35	0	0	0	0	35
671	0	35	0	0	0	0	35
672	0	0	0	37	0	0	37
673	0	0	36	0	0	0	36
674	0	36	0	0	0	0	36
675	36	0	0	0	0	0	36
676	0	36	0	0	0	0	36
677	36	0	0	0	0	0	36
678	0	0	36	0	0	0	36
679	35	0	0	0	0	0	35
680	35	0	0	0	0	0	35
681	0	0	0	35	0	0	35
682	0	0	0	36	0	0	36
683	0	0	0	37	0	0	37
684	36	0	0	0	0	0	36
685	0	0	0	36	0	0	36
686	0	0	36	0	0	0	36
687	0	0	35	0	0	0	35
688	0	0	0	36	0	0	36
689	0	0	36	0	0	0	36
690	36	0	0	0	0	0	36
691	37	0	0	0	0	0	37
692	0	0	36	0	0	0	36
693	0	0	36	0	0	0	36
694	0	37	0	0	0	0	37
695	37	0	0	0	0	0	37
696	0	0	0	37	0	0	37
697	0	0	0	37	0	0	37
698	0	0	36	0	0	0	36
699	0	36	0	0	0	0	36
700	0	0	36	0	0	0	36
701	36	0	0	0	0	0	36
702	0	0	0	34	0	0	34
703	0	0	34	0	0	0	34
704	0	0	34	0	0	0	34
705	35	0	0	0	0	0	35
706	0	0	0	35	0	0	35
707	0	0	35	0	0	0	35
708	0	0	0	35	0	0	35
709	0	0	0	35	0	0	35
710	0	0	0	35	0	0	35
711	35	0	0	0	0	0	35
712	0	35	0	0	0	0	35
713	0	35	0	0	0	0	35
714	0	0	35	0	0	0	35
715	0	0	34	0	0	0	34
716	0	34	0	0	0	0	34
717	0	0	0	35	0	0	35
718	0	0	34	0	0	0	34
719	0	0	34	0	0	0	34
720	0	34	0	0	0	0	34
721	0	34	0	0	0	0	34
722	0	34	0	0	0	0	34
723	34	0	0	0	0	0	34
724	0	34	0	0	0	0	34
725	0	0	0	33	0	0	33
726	0	0	0	34	0	0	34
727	0	0	34	0	0	0	34
728	0	34	0	0	0	0	34
729	0	35	0	0	0	0	35
730	0	0	0	35	0	0	35
731	0	36	0	0	0	0	36
732	0	0	35	0	0	0	35
733	0	35	0	0	0	0	35
734	35	0	0	0	0	0	35
735	0	35	0	0	0	0	35
736	0	0	0	35	0	0	35
737	0	0	35	0	0	0	35
738	0	35	0	0	0	0	35
739	0	0	0	35	0	0	35
740	35	0	0	0	0	0	35
741	0	0	35	0	0	0	35
742	0	0	0	35	0	0	35
743	0	0	0	37	0	0	37
744	0	0	0	37	0	0	37
745	0	0	0	37	0	0	37
746	37	0	0	0	0	0	37
747	36	0	0	0	0	0	36
748	36	0	0	0	0	0	36
749	35	0	0	0	0	0	35
750	0	0	35	0	0	0	35
751	0	0	0	34	0	0	34
752	0	0	35	0	0	0	35
753	0	0	35	0	0	0	35
754	0	0	34	0	0	0	34
755	0	0	34	0	0	0	34
756	34	0	0	0	0	0	34
757	34	0	0	0	0	0	34
758	35	0	0	0	0	0	35
759	36	0	0	0	0	0	36
760	0	36	0	0	0	0	36
761	0	0	0	36	0	0	36
762	36	0	0	0	0	0	36
763	0	0	0	36	0	0	36
764	0	37	0	0	0	0	37
765	0	0	0	37	0	0	37
766	0	0	0	37	0	0	37
767	0	37	0	0	0	0	37
768	36	0	0	0	0	0	36
769	0	36	0	0	0	0	36
770	0	0	36	0	0	0	36
771	0	0	37	0	0	0	37
772	0	0	0	37	0	0	37
773	0	0	0	37	0	0	37
774	0	36	0	0	0	0	36
775	0	35	0	0	0	0	35
776	0	35	0	0	0	0	35
777	35	0	0	0	0	0	35
778	0	0	35	0	0	0	35
779	0	0	35	0	0	0	35
780	0	0	0	35	0	0	35
781	0	0	0	36	0	0	36
782	0	37	0	0	0	0	37
783	38	0	0	0	0	0	38
784	0	0	38	0	0	0	38
785	38	0	0	0	0	0	38
786	37	0	0	0	0	0	37
787	0	0	35	0	0	0	35
788	0	0	35	0	0	0	35
789	34	0	0	0	0	0	34
790	34	0	0	0	0	0	34
791	0	33	0	0	0	0	33
792	0	0	0	33	0	0	33
793	33	0	0	0	0	0	33
794	0	32	0	0	0	0	32
795	33	0	0	0	0	0	33
796	0	0	33	0	0	0	33
797	0	0	0	33	0	0	33
798	0	0	33	0	0	0	33
799	33	0	0	0	0	0	33
800	32	0	0	0	0	0	32
801	0	0	31	0	0	0	31
802	31	0	0	0	0	0	31
803	32	0	0	0	0	0	32
804	31	0	0	0	0	0	31
805	32	0	0	0	0	0	32
806	34	0	0	0	0	0	34
807	0	34	0	0	0	0	34
808	35	0	0	0	0	0	35
809	35	0	0	0	0	0	35
810	0	0	35	0	0	0	35
811	0	0	0	35	0	0	35
812	0	0	0	35	0	0	35
813	35	0	0	0	0	0	35
814	34	0	0	0	0	0	34
815	0	0	34	0	0	0	34
816	0	0	34	0	0	0	34
817	0	0	34	0	0	0	34
818	34	0	0	0	0	0	34
819	0	0	0	34	0	0	34
820	0	0	0	33	0	0	33
821	0	0	0	32	0	0	32
822	30	0	0	0	0	0	30
823	0	0	0	30	0	0	30
824	0	0	0	30	0	0	30
825	0	0	0	31	0	0	31
826	0	31	0	0	0	0	31
827	0	0	0	31	0	0	31
828	0	0	0	31	0	0	31
829	0	0	0	31	0	0	31
830	0	0	31	0	0	0	31
831	32	0	0	0	0	0	32
832	31	0	0	0	0	0	31
833	30	0	0	0	0	0	30
834	31	0	0	0	0	0	31
835	0	0	0	31	0	0	31
836	0	31	0	0	0	0	31
837	0	31	0	0	0	0	31
838	0	30	0	0	0	0	30
839	0	0	0	30	0	0	30
840	0	30	0	0	0	0	30
841	30	0	0	0	0	0	30
842	29	0	0	0	0	0	29
843	29	0	0	0	0	0	29
844	0	0	29	0	0	0	29
845	0	29	0	0	0	0	29
846	0	31	0	0	0	0	31
847	0	31	0	0	0	0	31
848	0	31	0	0	0	0	31
849	0	31	0	0	0	0	31
850	0	31	0	0	0	0	31
851	0	32	0	0	0	0	32
852	0	33	0	0	0	0	33
853	0	0	33	0	0	0	33
854	0	0	0	33	0	0	33
855	0	0	32	0	0	0	32
856	0	0	32	0	0	0	32
857	32	0	0	0	0	0	32
858	33	0	0	0	0	0	33
859	0	0	34	0	0	0	34
860	0	35	0	0	0	0	35
861	0	0	35	0	0	0	35
862	0	0	0	34	0	0	34
863	0	0	35	0	0	0	35
864	0	35	0	0	0	0	35
865	0	0	0	35	0	0	35
866	35	0	0	0	0	0	35
867	0	34	0	0	0	0	34
868	0	0	0	34	0	0	34
869	0	34	0	0	0	0	34
870	0	0	34	0	0	0	34
871	0	0	0	34	0	0	34
872	0	0	35	0	0	0	35
873	0	35	0	0	0	0	35
874	35	0	0	0	0	0	35
875	35	0	0	0	0	0	35
876	0	34	0	0	0	0	34
877	34	0	0	0	0	0	34
878	0	0	0	35	0	0	35
879	0	0	34	0	0	0	34
880	35	0	0	0	0	0	35
881	34	0	0	0	0	0	34
882	0	0	34	0	0	0	34
883	34	0	0	0	0	0	34
884	0	35	0	0	0	0	35
885	36	0	0	0	0	0	36
886	36	0	0	0	0	0	36
887	0	37	0	0	0	0	37
888	0	0	0	37	0	0	37
889	0	38	0	0	0	0	38
890	0	0	0	38	0	0	38
891	0	38	0	0	0	0	38
892	38	0	0	0	0	0	38
893	0	0	0	36	0	0	36
894	0	0	36	0	0	0	36
895	0	37	0	0	0	0	37
896	0	38	0	0	0	0	38
897	0	0	38	0	0	0	38
898	0	0	38	0	0	0	38
899	0	0	39	0	0	0	39
900	0	0	0	39	0	0	39
901	39	0	0	0	0	0	39
902	0	38	0	0	0	0	38
903	0	0	38	0	0	0	38
904	0	38	0	0	0	0	38
905	0	38	0	0	0	0	38
906	38	0	0	0	0	0	38
907	0	0	38	0	0	0	38
908	0	37	0	0	0	0	37
909	0	0	0	36	0	0	36
910	0	0	36	0	0	0	36
911	0	0	0	36	0	0	36
912	0	0	36	0	0	0	36
913	0	0	0	36	0	0	36
914	0	0	35	0	0	0	35
915	0	35	0	0	0	0	35
916	0	0	35	0	0	0	35
917	0	0	35	0	0	0	35
918	0	0	0	35	0	0	35
919	0	0	0	36	0	0	36
920	36	0	0	0	0	0	36
921	0	0	0	35	0	0	35
922	35	0	0	0	0	0	35
923	0	0	0	35	0	0	35
924	0	0	36	0	0	0	36
925	37	0	0	0	0	0	37
926	0	38	0	0	0	0	38
927	0	0	38	0	0	0	38
928	0	0	39	0	0	0	39
929	0	39	0	0	0	0	39
930	39	0	0	0	0	0	39
931	0	38	0	0	0	0	38
932	0	0	0	38	0	0	38
933	0	0	0	38	0	0	38
934	0	0	0	38	0	0	38
935	38	0	0	0	0	0	38
936	0	0	39	0	0	0	39
937	0	40	0	0	0	0	40
938	0	40	0	0	0	0	40
939	0	40	0	0	0	0	40
940	0	0	0	41	0	0	41
941	0	43	0	0	0	0	43
942	43	0	0	0	0	0	43
943	0	0	0	43	0	0	43
944	0	0	43	0	0	0	43
945	42	0	0	0	0	0	42
946	0	42	0	0	0	0	42
947	0	43	0	0	0	0	43
948	0	0	0	45	0	0	45
949	0	0	45	0	0	0	45
950	0	0	0	45	0	0	45
951	0	45	0	0	0	0	45
952	46	0	0	0	0	0	46
953	0	45	0	0	0	0	45
954	0	45	0	0	0	0	45
955	44	0	0	0	0	0	44
956	0	42	0	0	0	0	42
957	0	0	42	0	0	0	42
958	0	0	0	41	0	0	41
959	0	0	41	0	0	0	41
960	0	0	41	0	0	0	41
961	0	0	41	0	0	0	41
962	0	41	0	0	0	0	41
963	41	0	0	0	0	0	41
964	0	41	0	0	0	0	41
965	41	0	0	0	0	0	41
966	0	0	41	0	0	0	41
967	0	0	41	0	0	0	41
968	0	0	41	0	0	0	41
969	0	0	42	0	0	0	42
970	0	0	0	42	0	0	42
971	0	0	0	42	0	0	42
972	0	43	0	0	0	0	43
973	0	43	0	0	0	0	43
974	0	42	0	0	0	0	42
975	0	0	42	0	0	0	42
976	0	0	42	0	0	0	42
977	42	0	0	0	0	0	42
978	0	0	42	0	0	0	42
979	0	0	42	0	0	0	42
980	42	0	0	0	0	0	42
981	41	0	0	0	0	0	41
982	41	0	0	0	0	0	41
983	0	0	41	0	0	0	41
984	0	0	41	0	0	0	41
985	0	0	0	41	0	0	41
986	0	0	41	0	0	0	41
987	41	0	0	0	0	0	41
988	0	42	0	0	0	0	42
989	0	42	0	0	0	0	42
990	0	0	0	42	0	0	42
991	0	41	0	0	0	0	41
992	0	41	0	0	0	0	41
993	42	0	0	0	0	0	42
994	0	41	0	0	0	0	41
995	0	0	41	0	0	0	41
996	39	0	0	0	0	0	39
997	39	0	0	0	0	0	39
998	39	0	0	0	0	0	39
999	39	0	0	0	0	0	39
1000	0	39	0	0	0	0	39
1001	38	0	0	0	0	0	38
1002	0	37	0	0	0	0	37
1003	0	36	0	0	0	0	36
1004	0	0	0	37	0	0	37
1005	37	0	0	0	0	0	37
1006	38	0	0	0	0	0	38
1007	0	0	0	38	0	0	38
1008	37	0	0	0	0	0	37
1009	36	0	0	0	0	0	36
1010	0	0	35	0	0	0	35
1011	35	0	0	0	0	0	35
1012	0	0	0	36	0	0	36
1013	35	0	0	0	0	0	35
1014	0	35	0	0	0	0	35
1015	0	35	0	0	0	0	35
1016	36	0	0	0	0	0	36
1017	0	36	0	0	0	0	36
1018	0	0	0	36	0	0	36
1019	0	37	0	0	0	0	37
1020	0	37	0	0	0	0	37
1021	0	0	37	0	0	0	37
1022	0	36	0	0	0	0	36
1023	0	36	0	0	0	0	36
1024	0	0	0	37	0	0	37
1025	37	0	0	0	0	0	37
1026	0	0	0	37	0	0	37
1027	0	0	0	37	0	0	37
1028	0	36	0	0	0	0	36
1029	36	0	0	0	0	0	36
1030	0	35	0	0	0	0	35
1031	35	0	0	0	0	0	35
1032	0	35	0	0	0	0	35
1033	0	35	0	0	0	0	35
1034	0	0	0	34	0	0	34
1035	0	33	0	0	0	0	33
1036	0	0	0	33	0	0	33
1037	0	0	32	0	0	0	32
1038	32	0	0	0	0	0	32
1039	0	0	0	31	0	0	31
1040	0	32	0	0	0	0	32
1041	0	0	0	32	0	0	32
1042	0	32	0	0	0	0	32
1043	0	0	0	33	0	0	33
1044	0	0	0	33	0	0	33
1045	0	32	0	0	0	0	32
1046	31	0	0	0	0	0	31
1047	0	0	31	0	0	0	31
1048	32	0	0	0	0	0	32
1049	31	0	0	0	0	0	31
1050	31	0	0	0	0	0	31
1051	31	0	0	0	0	0	31
1052	31	0	0	0	0	0	31
1053	0	0	32	0	0	0	32
1054	0	0	32	0	0	0	32
1055	32	0	0	0	0	0	32
1056	0	0	32	0	0	0	32
1057	32	0	0	0	0	0	32
1058	0	0	0	33	0	0	33
1059	0	0	0	33	0	0	33
1060	0	0	0	34	0	0	34
1061	0	34	0	0	0	0	34
1062	34	0	0	0	0	0	34
1063	0	0	0	34	0	0	34
1064	0	0	34	0	0	0	34
1065	0	0	0	35	0	0	35
1066	0	0	0	35	0	0	35
1067	35	0	0	0	0	0	35
1068	36	0	0	0	0	0	36
1069	0	0	0	35	0	0	35
1070	0	0	36	0	0	0	36
1071	37	0	0	0	0	0	37
1072	0	0	38	0	0	0	38
1073	0	39	0	0	0	0	39
1074	0	0	38	0	0	0	38
1075	0	0	37	0	0	0	37
1076	0	0	38	0	0	0	38
1077	0	39	0	0	0	0	39
1078	0	39	0	0	0	0	39
1079	0	0	0	39	0	0	39
1080	0	39	0	0	0	0	39
1081	0	39	0	0	0	0	39
1082	38	0	0	0	0	0	38
1083	37	0	0	0	0	0	37
1084	37	0	0	0	0	0	37
1085	0	36	1	0	0	0	37
1086	0	0	0	36	0	0	36
1087	0	0	35	0	0	0	35
1088	0	0	35	0	0	0	35
1089	0	0	35	0	0	0	35
1090	35	0	0	0	0	0	35
1091	0	0	33	0	0	0	33
1092	33	0	0	0	0	0	33
1093	0	0	33	0	0	0	33
1094	0	33	0	0	0	0	33
1095	0	33	0	0	0	0	33
1096	0	0	0	33	0	0	33
1097	0	0	32	0	0	0	32
1098	0	0	0	30	0	0	30
1099	0	0	0	30	0	0	30
1100	30	0	0	0	0	0	30
1101	0	0	30	0	0	0	30
1102	0	0	29	0	0	0	29
1103	0	29	0	0	0	0	29
1104	0	0	0	30	0	0	30
1105	0	0	30	0	0	0	30
1106	0	0	0	30	0	0	30
1107	31	0	0	0	0	0	31
1108	31	0	0	0	0	0	31
1109	32	0	0	0	0	0	32
1110	0	0	33	0	0	0	33
1111	0	0	33	0	0	0	33
1112	33	0	0	0	0	0	33
1113	0	0	33	0	0	0	33
1114	0	33	0	0	0	0	33
1115	0	35	0	0	0	0	35
1116	0	36	0	0	0	0	36
1117	37	0	0	0	0	0	37
1118	0	37	0	0	0	0	37
1119	0	0	0	36	0	0	36
1120	0	0	0	36	0	0	36
1121	0	37	0	0	0	0	37
1122	0	0	36	0	0	0	36
1123	0	0	0	36	0	0	36
1124	0	0	0	36	0	0	36
1125	0	0	0	35	0	0	35
1126	0	35	0	0	0	0	35
1127	0	35	0	0	0	0	35
1128	0	0	35	0	0	0	35
1129	0	35	0	0	0	0	35
1130	35	0	0	0	0	0	35
1131	0	0	0	35	0	0	35
1132	0	35	0	0	0	0	35
1133	35	0	0	0	0	0	35
1134	0	34	0	0	0	0	34
1135	34	0	0	0	0	0	34
1136	34	0	0	0	0	0	34
1137	0	34	0	0	0	0	34
1138	0	0	0	33	0	0	33
1139	0	0	0	34	0	0	34
1140	0	0	34	0	0	0	34
1141	0	34	0	0	0	0	34
1142	0	0	0	34	0	0	34
1143	33	0	0	0	0	0	33
1144	33	0	0	0	0	0	33
1145	33	0	0	0	0	0	33
1146	0	0	0	33	0	0	33
1147	0	33	0	0	0	0	33
1148	0	0	0	33	0	0	33
1149	34	0	0	0	0	0	34
1150	34	0	0	0	0	0	34
1151	0	0	35	0	0	0	35
1152	36	0	0	0	0	0	36
1153	0	0	0	36	0	0	36
1154	0	0	35	0	0	0	35
1155	0	35	0	0	0	0	35
1156	0	0	35	0	0	0	35
1157	0	0	35	0	0	0	35
1158	0	0	0	35	0	0	35
1159	0	0	0	35	0	0	35
1160	0	0	0	35	0	0	35
1161	0	0	0	35	0	0	35
1162	0	0	0	34	0	0	34
1163	0	35	0	0	0	0	35
1164	0	0	0	35	0	0	35
1165	0	0	0	35	0	0	35
1166	0	35	0	0	0	0	35
1167	35	0	0	0	0	0	35
1168	0	0	0	35	0	0	35
1169	0	0	0	34	0	0	34
1170	0	0	34	0	0	0	34
1171	35	0	0	0	0	0	35
1172	35	0	0	0	0	0	35
1173	35	0	0	0	0	0	35
1174	35	0	0	0	0	0	35
1175	0	0	35	0	0	0	35
1176	36	0	0	0	0	0	36
1177	36	0	0	0	0	0	36
1178	0	36	0	0	0	0	36
1179	0	0	36	0	0	0	36
1180	36	0	0	0	0	0	36
1181	0	0	36	0	0	0	36
1182	0	0	0	37	0	0	37
1183	0	0	37	0	0	0	37
1184	0	0	38	0	0	0	38
1185	38	0	0	0	0	0	38
1186	0	0	0	39	0	0	39
1187	0	0	39	0	0	0	39
1188	0	0	41	0	0	0	41
1189	0	41	0	0	0	0	41
1190	0	0	0	40	0	0	40
1191	0	0	40	0	0	0	40
1192	40	0	0	0	0	0	40
1193	0	0	0	39	0	0	39
1194	0	39	0	0	0	0	39
1195	39	0	0	0	0	0	39
1196	0	39	0	0	0	0	39
1197	0	0	39	0	0	0	39
1198	0	0	38	0	0	0	38
1199	0	0	0	38	0	0	38
1200	0	0	38	0	0	0	38
1201	38	0	0	0	0	0	38
1202	0	0	39	0	0	0	39
1203	38	0	0	0	0	0	38
1204	0	0	0	38	0	0	38
1205	0	0	0	38	0	0	38
1206	0	0	38	0	0	0	38
1207	0	0	0	38	0	0	38
1208	38	0	0	0	0	0	38
1209	0	0	38	0	0	0	38
1210	0	0	37	0	0	0	37
1211	0	0	0	38	0	0	38
1212	0	38	0	0	0	0	38
1213	0	38	0	0	0	0	38
1214	38	0	0	0	0	0	38
1215	0	37	0	0	0	0	37
1216	0	0	37	0	0	0	37
1217	0	0	0	37	0	0	37
1218	0	0	36	0	0	0	36
1219	36	0	0	0	0	0	36
1220	0	0	0	35	0	0	35
1221	0	34	0	0	0	0	34
1222	33	0	0	0	0	0	33
1223	0	32	0	0	0	0	32
1224	0	0	0	32	0	0	32
1225	0	0	32	0	0	0	32
1226	0	0	30	0	0	0	30
1227	0	0	0	29	0	0	29
1228	0	0	0	28	0	0	28
1229	0	0	0	29	0	0	29
1230	0	0	30	0	0	0	30
1231	0	30	0	0	0	0	30
1232	0	0	0	30	0	0	30
1233	30	0	0	0	0	0	30
1234	0	30	0	0	0	0	30
1235	31	0	0	0	0	0	31
1236	33	0	0	0	0	0	33
1237	0	33	0	0	0	0	33
1238	0	0	33	0	0	0	33
1239	0	33	0	0	0	0	33
1240	0	0	0	32	0	0	32
1241	0	32	0	0	0	0	32
1242	0	0	0	32	0	0	32
1243	0	0	32	0	0	0	32
1244	0	32	0	0	0	0	32
1245	32	0	0	0	0	0	32
1246	32	0	0	0	0	0	32
1247	0	32	0	0	0	0	32
1248	0	0	0	33	0	0	33
1249	0	33	0	0	0	0	33
1250	33	0	0	0	0	0	33
1251	0	0	33	0	0	0	33
1252	33	0	0	0	0	0	33
1253	0	0	33	0	0	0	33
1254	0	32	0	0	0	0	32
1255	0	32	0	0	0	0	32
1256	0	0	0	32	0	0	32
1257	0	0	31	0	0	0	31
1258	0	0	31	0	0	0	31
1259	31	0	0	0	0	0	31
1260	0	30	0	0	0	0	30
1261	30	0	0	0	0	0	30
1262	0	30	0	0	0	0	30
1263	0	0	0	30	0	0	30
1264	0	30	0	0	0	0	30
1265	0	0	0	28	0	0	28
1266	0	0	27	0	0	0	27
1267	0	0	27	0	0	0	27
1268	0	27	0	0	0	0	27
1269	27	0	0	0	0	0	27
1270	0	27	0	0	0	0	27
1271	0	26	0	0	0	0	26
1272	0	26	0	0	0	0	26
1273	0	26	0	0	0	0	26
1274	0	0	26	0	0	0	26
1275	26	0	0	0	0	0	26
1276	0	0	0	26	0	0	26
1277	0	26	0	0	0	0	26
1278	0	0	0	26	0	0	26
1279	0	0	0	26	0	0	26
1280	0	0	0	26	0	0	26
1281	26	0	0	0	0	0	26
1282	26	0	0	0	0	0	26
1283	0	0	0	26	0	0	26
1284	0	0	26	0	0	0	26
1285	0	0	27	0	0	0	27
1286	0	0	0	27	0	0	27
1287	27	0	0	0	0	0	27
1288	27	0	0	0	0	0	27
1289	27	0	0	0	0	0	27
1290	27	0	0	0	0	0	27
1291	0	27	0	0	0	0	27
1292	0	27	0	0	0	0	27
1293	27	0	0	0	0	0	27
1294	0	0	0	28	0	0	28
1295	28	0	0	0	0	0	28
1296	0	0	28	0	0	0	28
1297	0	0	0	28	0	0	28
1298	0	0	28	0	0	0	28
1299	0	0	27	0	0	0	27
1300	0	0	27	0	0	0	27
1301	0	0	0	26	0	0	26
1302	0	0	26	0	0	0	26
1303	0	0	0	26	0	0	26
1304	0	0	26	0	0	0	26
1305	0	26	0	0	0	0	26
1306	25	0	0	0	0	0	25
1307	0	26	0	0	0	0	26
1308	0	0	26	0	0	0	26
1309	0	26	0	0	0	0	26
1310	0	0	0	26	0	0	26
1311	0	0	27	0	0	0	27
1312	0	0	28	0	0	0	28
1313	27	0	0	0	0	0	27
1314	0	0	27	0	0	0	27
1315	0	0	27	0	0	0	27
1316	0	0	0	26	0	0	26
1317	0	0	26	0	0	0	26
1318	26	0	0	0	0	0	26
1319	26	0	0	0	0	0	26
1320	26	0	0	0	0	0	26
1321	25	0	0	0	0	0	25
1322	0	0	0	25	0	0	25
1323	0	0	26	0	0	0	26
1324	25	0	0	0	0	0	25
1325	25	0	0	0	0	0	25
1326	0	24	0	0	0	0	24
1327	24	0	0	0	0	0	24
1328	0	0	24	0	0	0	24
1329	24	0	0	0	0	0	24
1330	24	0	0	0	0	0	24
1331	0	24	0	0	0	0	24
1332	0	0	0	23	0	0	23
1333	0	0	0	23	0	0	23
1334	0	22	0	0	0	0	22
1335	22	0	0	0	0	0	22
1336	21	0	0	0	0	0	21
1337	0	0	0	21	0	0	21
1338	0	0	19	0	0	0	19
1339	0	0	0	20	0	0	20
1340	0	0	20	0	0	0	20
1341	20	0	0	0	0	0	20
1342	0	0	0	20	0	0	20
1343	0	0	20	0	0	0	20
1344	0	0	20	0	0	0	20
1345	0	20	0	0	0	0	20
1346	20	0	0	0	0	0	20
1347	20	0	0	0	0	0	20
1348	0	20	0	0	0	0	20
1349	0	0	20	0	0	0	20
1350	21	0	0	0	0	0	21
1351	0	0	0	21	0	0	21
1352	0	20	0	0	0	0	20
1353	0	20	0	0	0	0	20
1354	0	20	0	0	0	0	20
1355	0	0	0	20	0	0	20
1356	0	21	0	0	0	0	21
1357	0	21	0	0	0	0	21
1358	0	21	0	0	0	0	21
1359	0	0	23	0	0	0	23
1360	0	0	0	24	0	0	24
1361	0	23	0	0	0	0	23
1362	0	23	0	0	0	0	23
1363	0	23	0	0	0	0	23
1364	0	24	0	0	0	0	24
1365	0	0	24	0	0	0	24
1366	0	0	24	0	0	0	24
1367	0	0	0	24	0	0	24
1368	0	0	0	25	0	0	25
1369	0	0	0	25	0	0	25
1370	0	0	25	0	0	0	25
1371	25	0	0	0	0	0	25
1372	0	25	0	0	0	0	25
1373	0	0	25	0	0	0	25
1374	25	0	0	0	0	0	25
1375	0	25	0	0	0	0	25
1376	0	25	0	0	0	0	25
1377	0	25	0	0	0	0	25
1378	0	25	0	0	0	0	25
1379	0	0	0	26	0	0	26
1380	0	25	0	0	0	0	25
1381	25	0	0	0	0	0	25
1382	0	0	25	0	0	0	25
1383	0	0	0	25	0	0	25
1384	26	0	0	0	0	0	26
1385	0	0	0	25	0	0	25
1386	0	0	23	0	0	0	23
1387	0	0	0	23	0	0	23
1388	0	23	0	0	0	0	23
1389	0	0	0	23	0	0	23
1390	0	0	0	23	0	0	23
1391	0	23	0	0	0	0	23
1392	0	0	23	0	0	0	23
1393	23	0	0	0	0	0	23
1394	0	0	24	0	0	0	24
1395	24	0	0	0	0	0	24
1396	0	24	0	0	0	0	24
1397	0	0	0	24	0	0	24
1398	23	0	0	0	0	0	23
1399	0	24	0	0	0	0	24
1400	0	0	0	24	0	0	24
1401	0	0	24	0	0	0	24
1402	0	24	0	0	0	0	24
1403	0	0	0	24	0	0	24
1404	0	24	0	0	0	0	24
1405	0	24	0	0	0	0	24
1406	0	0	0	24	0	0	24
1407	0	24	0	0	0	0	24
1408	24	0	0	0	0	0	24
1409	0	0	23	0	0	0	23
1410	0	0	23	0	0	0	23
1411	0	0	23	0	0	0	23
1412	0	0	0	24	0	0	24
1413	0	24	0	0	0	0	24
1414	0	0	24	0	0	0	24
1415	25	0	0	0	0	0	25
1416	0	0	25	0	0	0	25
1417	0	0	0	24	0	0	24
1418	0	24	0	0	0	0	24
1419	0	0	0	24	0	0	24
1420	0	0	0	25	0	0	25
1421	0	25	0	0	0	0	25
1422	27	0	0	0	0	0	27
1423	0	27	0	0	0	0	27
1424	0	0	0	27	0	0	27
1425	0	0	27	0	0	0	27
1426	29	0	0	0	0	0	29
1427	0	0	0	30	0	0	30
1428	0	0	31	0	0	0	31
1429	31	0	0	0	0	0	31
1430	0	0	31	0	0	0	31
1431	0	0	31	0	0	0	31
1432	31	0	0	0	0	0	31
1433	0	31	0	0	0	0	31
1434	0	0	0	32	0	0	32
1435	0	0	0	31	0	0	31
1436	31	0	0	0	0	0	31
1437	31	0	0	0	0	0	31
1438	0	0	31	0	0	0	31
1439	0	0	0	31	0	0	31
1440	0	0	31	0	0	0	31
1441	31	0	0	0	0	0	31
1442	0	0	31	0	0	0	31
1443	31	0	0	0	0	0	31
1444	0	0	0	30	0	0	30
1445	0	0	30	0	0	0	30
1446	30	0	0	0	0	0	30
1447	0	0	0	30	0	0	30
1448	0	0	30	0	0	0	30
1449	30	0	0	0	0	0	30
1450	30	0	0	0	0	0	30
1451	30	0	0	0	0	0	30
1452	29	0	0	0	0	0	29
1453	0	0	29	0	0	0	29
1454	0	0	0	30	0	0	30
1455	0	0	30	0	0	0	30
1456	0	0	0	30	0	0	30
1457	0	29	0	0	0	0	29
1458	29	0	0	0	0	0	29
1459	0	29	0	0	0	0	29
1460	0	29	0	0	0	0	29
1461	0	0	0	28	0	0	28
1462	0	27	0	0	0	0	27
1463	27	0	0	0	0	0	27
1464	0	0	0	27	0	0	27
1465	27	0	0	0	0	0	27
1466	0	0	0	27	0	0	27
1467	0	27	0	0	0	0	27
1468	0	27	0	0	0	0	27
1469	0	28	0	0	0	0	28
1470	0	28	0	0	0	0	28
1471	28	0	0	0	0	0	28
1472	0	0	28	0	0	0	28
1473	0	0	0	27	0	0	27
1474	0	0	0	28	0	0	28
1475	28	0	0	0	0	0	28
1476	0	0	28	0	0	0	28
1477	28	0	0	0	0	0	28
1478	0	0	28	0	0	0	28
1479	28	0	0	0	0	0	28
1480	28	0	0	0	0	0	28
1481	28	0	0	0	0	0	28
1482	0	0	0	28	0	0	28
1483	0	0	0	29	0	0	29
1484	0	29	0	0	0	0	29
1485	30	0	0	0	0	0	30
1486	30	0	0	0	0	0	30
1487	30	0	0	0	0	0	30
1488	30	0	0	0	0	0	30
1489	0	0	29	0	0	0	29
1490	0	29	0	0	0	0	29
1491	0	29	0	0	0	0	29
1492	30	0	0	0	0	0	30
1493	0	30	0	0	0	0	30
1494	31	0	0	0	0	0	31
1495	0	31	0	0	0	0	31
1496	0	0	0	32	0	0	32
1497	0	0	33	0	0	0	33
1498	0	0	33	0	0	0	33
1499	0	0	33	0	0	0	33
1500	32	0	0	0	0	0	32
1501	32	0	0	0	0	0	32
1502	0	0	32	0	0	0	32
1503	32	0	0	0	0	0	32
1504	32	0	0	0	0	0	32
1505	0	32	0	0	0	0	32
1506	0	0	0	31	0	0	31
1507	0	0	32	0	0	0	32
1508	0	0	31	0	0	0	31
1509	0	0	29	0	0	0	29
1510	0	28	0	0	0	0	28
1511	28	0	0	0	0	0	28
1512	0	0	29	0	0	0	29
1513	29	0	0	0	0	0	29
1514	0	0	0	28	0	0	28
1515	0	0	30	0	0	0	30
1516	31	0	0	0	0	0	31
1517	0	0	0	31	0	0	31
1518	0	0	31	0	0	0	31
1519	31	0	0	0	0	0	31
1520	31	0	0	0	0	0	31
1521	0	0	31	0	0	0	31
1522	32	0	0	0	0	0	32
1523	0	32	0	0	0	0	32
1524	0	0	0	32	0	0	32
1525	0	0	0	32	0	0	32
1526	0	32	0	0	0	0	32
1527	0	0	32	0	0	0	32
1528	33	0	0	0	0	0	33
1529	31	0	0	0	0	0	31
1530	0	0	31	0	0	0	31
1531	0	31	0	0	0	0	31
1532	0	31	0	0	0	0	31
1533	0	0	31	0	0	0	31
1534	30	0	0	0	0	0	30
1535	30	0	0	0	0	0	30
1536	0	0	30	0	0	0	30
1537	0	0	0	30	0	0	30
1538	0	30	0	0	0	0	30
1539	30	0	0	0	0	0	30
1540	30	0	0	0	0	0	30
1541	0	0	31	0	0	0	31
1542	31	0	0	0	0	0	31
1543	0	0	31	0	0	0	31
1544	0	30	0	0	0	0	30
1545	30	0	0	0	0	0	30
1546	30	0	0	0	0	0	30
1547	30	0	0	0	0	0	30
1548	0	30	0	0	0	0	30
1549	0	29	0	0	0	0	29
1550	0	29	0	0	0	0	29
1551	0	0	29	0	0	0	29
1552	0	29	0	0	0	0	29
1553	0	29	0	0	0	0	29
1554	0	29	0	0	0	0	29
1555	0	29	0	0	0	0	29
1556	0	0	29	0	0	0	29
1557	0	0	29	0	0	0	29
1558	0	29	0	0	0	0	29
1559	29	0	0	0	0	0	29
1560	0	30	0	0	0	0	30
1561	0	30	0	0	0	0	30
1562	0	29	0	0	0	0	29
1563	0	0	29	0	0	0	29
1564	0	0	0	29	0	0	29
1565	28	0	0	0	0	0	28
1566	0	0	28	0	0	0	28
1567	0	28	0	0	0	0	28
1568	0	0	0	28	0	0	28
1569	0	29	0	0	0	0	29
1570	28	0	0	0	0	0	28
1571	0	0	29	0	0	0	29
1572	0	0	27	0	0	0	27
1573	27	0	0	0	0	0	27
1574	27	0	0	0	0	0	27
1575	0	0	27	0	0	0	27
1576	0	25	0	0	0	0	25
1577	0	0	0	24	0	0	24
1578	23	0	0	0	0	0	23
1579	24	0	0	0	0	0	24
1580	24	0	0	0	0	0	24
1581	0	24	0	0	0	0	24
1582	0	24	0	0	0	0	24
1583	0	24	0	0	0	0	24
1584	23	0	0	0	0	0	23
1585	24	0	0	0	0	0	24
1586	0	0	25	0	0	0	25
1587	25	0	0	0	0	0	25
1588	0	0	25	0	0	0	25
1589	0	24	0	0	0	0	24
1590	0	0	24	0	0	0	24
1591	0	0	24	0	0	0	24
1592	0	0	0	24	0	0	24
1593	0	0	25	0	0	0	25
1594	0	25	0	0	0	0	25
1595	0	0	0	25	0	0	25
1596	0	0	25	0	0	0	25
1597	25	0	0	0	0	0	25
1598	0	0	25	0	0	0	25
1599	0	0	25	0	0	0	25
1600	0	0	25	0	0	0	25
1601	25	0	0	0	0	0	25
1602	25	0	0	0	0	0	25
1603	0	25	0	0	0	0	25
1604	0	0	0	24	0	0	24
1605	0	24	0	0	0	0	24
1606	0	24	0	0	0	0	24
1607	0	0	25	0	0	0	25
1608	0	25	0	0	0	0	25
1609	0	26	0	0	0	0	26
1610	0	0	27	0	0	0	27
1611	0	0	27	0	0	0	27
1612	0	0	0	28	0	0	28
1613	0	0	28	0	0	0	28
1614	28	0	0	0	0	0	28
1615	0	0	29	0	0	0	29
1616	0	29	0	0	0	0	29
1617	29	0	0	0	0	0	29
1618	29	0	0	0	0	0	29
1619	29	0	0	0	0	0	29
1620	0	0	0	30	0	0	30
1621	0	30	0	0	0	0	30
1622	0	30	0	0	0	0	30
1623	0	30	0	0	0	0	30
1624	0	0	29	0	0	0	29
1625	0	0	29	0	0	0	29
1626	0	29	0	0	0	0	29
1627	29	0	0	0	0	0	29
1628	0	0	29	0	0	0	29
1629	0	0	0	29	0	0	29
1630	0	0	29	0	0	0	29
1631	0	0	29	0	0	0	29
1632	0	0	0	29	0	0	29
1633	29	0	0	0	0	0	29
1634	0	0	0	29	0	0	29
1635	0	28	0	0	0	0	28
1636	0	29	0	0	0	0	29
1637	29	0	0	0	0	0	29
1638	0	29	0	0	0	0	29
1639	0	0	29	0	0	0	29
1640	0	0	0	29	0	0	29
1641	0	0	29	0	0	0	29
1642	0	0	0	28	0	0	28
1643	0	0	0	28	0	0	28
1644	0	0	0	27	0	0	27
1645	0	28	0	0	0	0	28
1646	0	27	0	0	0	0	27
1647	0	0	26	0	0	0	26
1648	26	0	0	0	0	0	26
1649	0	0	27	0	0	0	27
1650	0	0	0	27	0	0	27
1651	0	27	0	0	0	0	27
1652	0	0	27	0	0	0	27
1653	0	0	27	0	0	0	27
1654	0	0	28	0	0	0	28
1655	28	0	0	0	0	0	28
1656	28	0	0	0	0	0	28
1657	27	0	0	0	0	0	27
1658	0	28	0	0	0	0	28
1659	0	0	29	0	0	0	29
1660	29	0	0	0	0	0	29
1661	0	0	29	0	0	0	29
1662	28	0	0	0	0	0	28
1663	28	0	0	0	0	0	28
1664	28	0	0	0	0	0	28
1665	0	0	27	0	0	0	27
1666	0	0	27	0	0	0	27
1667	0	27	0	0	0	0	27
1668	26	0	0	0	0	0	26
1669	0	0	26	0	0	0	26
1670	26	0	0	0	0	0	26
1671	0	0	26	0	0	0	26
1672	0	25	0	0	0	0	25
1673	0	0	0	25	0	0	25
1674	0	0	25	0	0	0	25
1675	0	25	0	0	0	0	25
1676	0	25	0	0	0	0	25
1677	0	0	0	25	0	0	25
1678	0	0	24	0	0	0	24
1679	0	24	0	0	0	0	24
1680	0	25	0	0	0	0	25
1681	25	0	0	0	0	0	25
1682	25	0	0	0	0	0	25
1683	25	0	0	0	0	0	25
1684	0	25	0	0	0	0	25
1685	0	25	0	0	0	0	25
1686	25	0	0	0	0	0	25
1687	25	0	0	0	0	0	25
1688	0	26	0	0	0	0	26
1689	27	0	0	0	0	0	27
1690	0	0	28	0	0	0	28
1691	0	27	0	0	0	0	27
1692	27	0	0	0	0	0	27
1693	28	0	0	0	0	0	28
1694	0	29	0	0	0	0	29
1695	0	29	0	0	0	0	29
1696	0	29	0	0	0	0	29
1697	0	0	0	31	0	0	31
1698	0	0	32	0	0	0	32
1699	0	32	0	0	0	0	32
1700	0	32	0	0	0	0	32
1701	0	32	0	0	0	0	32
1702	0	32	0	0	0	0	32
1703	32	0	0	0	0	0	32
1704	0	0	32	0	0	0	32
1705	0	0	0	32	0	0	32
1706	32	0	0	0	0	0	32
1707	0	32	0	0	0	0	32
1708	32	0	0	0	0	0	32
1709	33	0	0	0	0	0	33
1710	0	0	33	0	0	0	33
1711	33	0	0	0	0	0	33
1712	0	0	33	0	0	0	33
1713	33	0	0	0	0	0	33
1714	33	0	0	0	0	0	33
1715	0	0	33	0	0	0	33
1716	0	0	33	0	0	0	33
1717	0	0	33	0	0	0	33
1718	0	33	0	0	0	0	33
1719	32	0	0	0	0	0	32
1720	32	0	0	0	0	0	32
1721	0	0	31	0	0	0	31
1722	0	0	31	0	0	0	31
1723	31	0	0	0	0	0	31
1724	0	0	31	0	0	0	31
1725	31	0	0	0	0	0	31
1726	31	0	0	0	0	0	31
1727	0	0	31	0	0	0	31
1728	31	0	0	0	0	0	31
1729	29	0	0	1	0	0	30
1730	0	0	30	0	0	0	30
1731	0	0	30	0	0	0	30
1732	0	0	0	30	0	0	30
1733	30	0	0	0	0	0	30
1734	0	0	30	0	0	0	30
1735	29	0	0	0	0	0	29
1736	0	0	30	0	0	0	30
1737	0	0	30	0	0	0	30
1738	0	30	0	0	0	0	30
1739	0	30	0	0	0	0	30
1740	0	0	30	0	0	0	30
1741	30	0	0	0	0	0	30
1742	30	0	0	0	0	0	30
1743	29	0	0	0	0	0	29
1744	29	0	0	0	0	0	29
1745	0	0	29	0	0	0	29
1746	0	0	29	0	0	0	29
1747	0	29	0	0	0	0	29
1748	0	29	0	0	0	0	29
1749	0	29	0	0	0	0	29
1750	0	29	0	0	0	0	29
1751	0	29	0	0	0	0	29
1752	0	0	31	0	0	0	31
1753	0	31	0	0	0	0	31
1754	31	0	0	0	0	0	31
1755	0	0	0	32	0	0	32
1756	0	33	0	0	0	0	33
1757	0	0	33	0	0	0	33
1758	0	0	0	33	0	0	33
1759	0	32	0	0	0	0	32
1760	0	31	0	0	0	0	31
1761	31	0	0	0	0	0	31
1762	0	30	0	0	0	0	30
1763	0	31	0	0	0	0	31
1764	0	31	0	0	0	0	31
1765	0	30	0	0	0	0	30
1766	0	30	0	0	0	0	30
1767	0	0	0	30	0	0	30
1768	0	31	0	0	0	0	31
1769	30	0	0	0	0	0	30
1770	29	0	0	0	0	0	29
1771	29	0	0	0	0	0	29
1772	0	0	29	0	0	0	29
1773	0	29	0	0	0	0	29
1774	0	0	0	30	0	0	30
1775	0	0	0	30	0	0	30
1776	0	30	0	0	0	0	30
1777	0	30	0	0	0	0	30
1778	30	0	0	0	0	0	30
1779	0	0	30	0	0	0	30
1780	30	0	0	0	0	0	30
1781	30	0	0	0	0	0	30
1782	0	0	0	30	0	0	30
1783	0	29	0	0	0	0	29
1784	29	0	0	0	0	0	29
1785	0	0	29	0	0	0	29
1786	0	28	0	0	0	0	28
1787	0	28	0	0	0	0	28
1788	0	0	28	0	0	0	28
1789	28	0	0	0	0	0	28
1790	0	29	0	0	0	0	29
1791	0	0	29	0	0	0	29
1792	0	0	29	0	0	0	29
1793	0	29	0	0	0	0	29
1794	0	0	29	0	0	0	29
1795	0	0	28	0	0	0	28
1796	0	28	0	0	0	0	28
1797	0	0	28	0	0	0	28
1798	28	0	0	0	0	0	28
1799	27	0	0	0	0	0	27
1800	27	0	0	0	0	0	27
1801	27	0	0	0	0	0	27
1802	27	0	0	0	0	0	27
1803	0	0	0	27	0	0	27
1804	26	0	0	0	0	0	26
1805	0	0	0	26	0	0	26
1806	0	0	0	26	0	0	26
1807	0	0	0	27	0	0	27
1808	26	0	0	0	0	0	26
1809	0	0	25	0	0	0	25
1810	25	0	0	0	0	0	25
1811	0	0	25	0	0	0	25
1812	25	0	0	0	0	0	25
1813	26	0	0	0	0	0	26
1814	0	0	27	0	0	0	27
1815	0	26	0	0	0	0	26
1816	0	0	0	25	0	0	25
1817	0	0	0	26	0	0	26
1818	0	0	0	26	0	0	26
1819	0	0	0	26	0	0	26
1820	0	0	26	0	0	0	26
1821	0	0	26	0	0	0	26
1822	26	0	0	0	0	0	26
1823	0	0	26	0	0	0	26
1824	26	0	0	0	0	0	26
1825	26	0	0	0	0	0	26
1826	0	0	26	0	0	0	26
1827	0	26	0	0	0	0	26
1828	0	0	0	26	0	0	26
1829	0	0	27	0	0	0	27
1830	0	0	26	0	0	0	26
1831	0	0	0	26	0	0	26
1832	0	0	26	0	0	0	26
1833	0	0	26	0	0	0	26
1834	27	0	0	0	0	0	27
1835	0	0	27	0	0	0	27
1836	27	0	0	0	0	0	27
1837	0	0	28	0	0	0	28
1838	28	0	0	0	0	0	28
1839	28	0	0	0	0	0	28
1840	0	0	0	27	0	0	27
1841	0	27	0	0	0	0	27
1842	0	0	27	0	0	0	27
1843	26	0	0	0	0	0	26
1844	0	0	0	26	0	0	26
1845	0	26	0	0	0	0	26
1846	0	0	0	26	0	0	26
1847	0	24	0	0	0	0	24
1848	0	0	0	23	0	0	23
1849	0	23	0	0	0	0	23
1850	0	23	0	0	0	0	23
1851	23	0	0	0	0	0	23
1852	0	23	0	0	0	0	23
1853	0	0	0	23	0	0	23
1854	23	0	0	0	0	0	23
1855	0	0	0	24	0	0	24
1856	24	0	0	0	0	0	24
1857	0	0	24	0	0	0	24
1858	25	0	0	0	0	0	25
1859	25	0	0	0	0	0	25
1860	24	0	0	0	0	0	24
1861	24	0	0	0	0	0	24
1862	0	0	24	0	0	0	24
1863	24	0	0	0	0	0	24
1864	24	0	0	0	0	0	24
1865	24	0	0	0	0	0	24
1866	0	0	24	0	0	0	24
1867	0	0	0	25	0	0	25
1868	25	0	0	0	0	0	25
1869	0	0	25	0	0	0	25
1870	0	0	0	26	0	0	26
1871	0	0	26	0	0	0	26
1872	0	0	26	0	0	0	26
1873	27	0	0	0	0	0	27
1874	27	0	0	0	0	0	27
1875	0	0	27	0	0	0	27
1876	0	0	0	27	0	0	27
1877	27	0	0	0	0	0	27
1878	0	0	27	0	0	0	27
1879	0	0	0	27	0	0	27
1880	0	0	27	0	0	0	27
1881	0	0	27	0	0	0	27
1882	0	27	0	0	0	0	27
1883	0	28	0	0	0	0	28
1884	0	29	0	0	0	0	29
1885	29	0	0	0	0	0	29
1886	0	0	27	0	0	0	27
1887	28	0	0	0	0	0	28
1888	28	0	0	0	0	0	28
1889	28	0	0	0	0	0	28
1890	0	0	28	0	0	0	28
1891	0	28	0	0	0	0	28
1892	0	28	0	0	0	0	28
1893	28	0	0	0	0	0	28
1894	0	0	0	28	0	0	28
1895	0	0	28	0	0	0	28
1896	28	0	0	0	0	0	28
1897	28	0	0	0	0	0	28
1898	0	0	28	0	0	0	28
1899	28	0	0	0	0	0	28
1900	28	0	0	0	0	0	28
1901	28	0	0	0	0	0	28
1902	0	26	0	0	0	0	26
1903	0	26	0	0	0	0	26
1904	0	26	0	0	0	0	26
1905	0	26	0	0	0	0	26
1906	25	0	0	0	0	0	25
1907	0	0	25	0	0	0	25
1908	0	0	26	0	0	0	26
1909	0	0	26	0	0	0	26
1910	27	0	0	0	0	0	27
1911	28	0	0	0	0	0	28
1912	0	0	28	0	0	0	28
1913	0	27	0	0	0	0	27
1914	0	27	0	0	0	0	27
1915	27	0	0	0	0	0	27
1916	0	0	28	0	0	0	28
1917	0	28	0	0	0	0	28
1918	0	0	27	0	0	0	27
1919	0	0	27	0	0	0	27
1920	0	27	0	0	0	0	27
1921	0	0	27	0	0	0	27
1922	0	28	0	0	0	0	28
1923	29	0	0	0	0	0	29
1924	0	0	28	0	0	0	28
1925	28	0	0	0	0	0	28
1926	0	28	0	0	0	0	28
1927	0	0	29	0	0	0	29
1928	30	0	0	0	0	0	30
1929	0	31	0	0	0	0	31
1930	0	31	0	0	0	0	31
1931	0	0	31	0	0	0	31
1932	0	31	0	0	0	0	31
1933	0	0	31	0	0	0	31
1934	0	0	31	0	0	0	31
1935	33	0	0	0	0	0	33
1936	0	0	33	0	0	0	33
1937	33	0	0	0	0	0	33
1938	34	0	0	0	0	0	34
1939	0	35	0	0	0	0	35
1940	0	0	0	34	0	0	34
1941	0	0	0	34	0	0	34
1942	0	34	0	0	0	0	34
1943	0	35	0	0	0	0	35
1944	35	0	0	0	0	0	35
1945	35	0	0	0	0	0	35
1946	0	35	0	0	0	0	35
1947	0	0	35	0	0	0	35
1948	36	0	0	0	0	0	36
1949	0	0	0	37	0	0	37
1950	37	0	0	0	0	0	37
1951	0	38	0	0	0	0	38
1952	0	0	0	39	0	0	39
1953	0	0	0	39	0	0	39
1954	0	39	0	0	0	0	39
1955	0	0	39	0	0	0	39
1956	39	0	0	0	0	0	39
1957	39	0	0	0	0	0	39
1958	0	0	39	0	0	0	39
1959	0	0	39	0	0	0	39
1960	39	0	0	0	0	0	39
1961	40	0	0	0	0	0	40
1962	0	0	40	0	0	0	40
1963	0	39	0	0	0	0	39
1964	0	0	0	38	0	0	38
1965	38	0	0	0	0	0	38
1966	0	39	0	0	0	0	39
1967	39	0	0	0	0	0	39
1968	39	0	0	0	0	0	39
1969	39	0	0	0	0	0	39
1970	0	0	0	39	0	0	39
1971	0	0	40	0	0	0	40
1972	0	0	40	0	0	0	40
1973	0	0	40	0	0	0	40
1974	41	0	0	0	0	0	41
1975	0	0	41	0	0	0	41
1976	0	0	41	0	0	0	41
1977	0	0	0	41	0	0	41
1978	42	0	0	0	0	0	42
1979	0	0	0	41	0	0	41
1980	0	41	0	0	0	0	41
1981	42	0	0	0	0	0	42
1982	0	0	42	0	0	0	42
1983	0	42	0	0	0	0	42
1984	0	41	0	0	0	0	41
1985	0	41	0	0	0	0	41
1986	0	42	0	0	0	0	42
1987	0	41	0	0	0	0	41
1988	0	0	0	40	0	0	40
1989	0	39	0	0	0	0	39
1990	39	0	0	0	0	0	39
1991	0	40	0	0	0	0	40
1992	40	0	0	0	0	0	40
1993	40	0	0	0	0	0	40
1994	0	0	39	0	0	0	39
1995	39	0	0	0	0	0	39
1996	0	0	39	0	0	0	39
1997	39	0	0	0	0	0	39
1998	0	0	0	39	0	0	39
1999	0	39	0	0	0	0	39
2000	0	39	0	0	0	0	39
2001	0	39	0	0	0	0	39
2002	39	0	0	0	0	0	39
2003	0	0	40	0	0	0	40
2004	0	0	40	0	0	0	40
2005	0	0	39	0	0	0	39
2006	0	0	0	39	0	0	39
2007	0	0	0	39	0	0	39
2008	0	39	0	0	0	0	39
2009	0	38	0	0	0	0	38
2010	38	0	0	0	0	0	38
2011	38	0	0	0	0	0	38
2012	0	38	0	0	0	0	38
2013	39	0	0	0	0	0	39
2014	39	0	0	0	0	0	39
2015	0	0	0	39	0	0	39
2016	0	0	39	0	0	0	39
2017	0	38	0	0	0	0	38
2018	0	0	38	0	0	0	38
2019	0	0	38	0	0	0	38
2020	37	0	0	0	0	0	37
2021	37	0	0	0	0	0	37
2022	0	0	37	0	0	0	37
2023	0	36	0	0	0	0	36
2024	0	36	0	0	0	0	36
2025	0	0	0	36	0	0	36
2026	0	36	0	0	0	0	36
2027	0	36	0	0	0	0	36
2028	0	37	0	0	0	0	37
2029	0	37	0	0	0	0	37
2030	0	38	0	0	0	0	38
2031	38	0	0	0	0	0	38
2032	0	0	38	0	0	0	38
2033	0	0	0	37	0	0	37
2034	36	0	0	0	0	0	36
2035	0	36	0	0	0	0	36
2036	0	0	0	36	0	0	36
2037	35	0	0	0	0	0	35
2038	0	35	0	0	0	0	35
2039	0	35	0	0	0	0	35
2040	35	0	0	0	0	0	35
2041	0	35	0	0	0	0	35
2042	0	36	0	0	0	0	36
2043	0	36	0	0	0	0	36
2044	37	0	0	0	0	0	37
2045	37	0	0	0	0	0	37
2046	37	0	0	0	0	0	37
2047	37	0	0	0	0	0	37
2048	0	37	0	0	0	0	37
2049	37	0	0	0	0	0	37
2050	37	0	0	0	0	0	37
2051	37	0	0	0	0	0	37
2052	0	0	0	39	0	0	39
2053	0	39	0	0	0	0	39
2054	41	0	0	0	0	0	41
2055	40	0	0	0	0	0	40
2056	40	0	0	0	0	0	40
2057	0	0	39	0	0	0	39
2058	0	0	38	0	0	0	38
2059	0	0	0	39	0	0	39
2060	38	0	0	0	0	0	38
2061	0	0	37	0	0	0	37
2062	0	38	0	0	0	0	38
2063	0	0	38	0	0	0	38
2064	38	0	0	0	0	0	38
2065	0	0	38	0	0	0	38
2066	0	0	0	37	0	0	37
2067	0	0	37	0	0	0	37
2068	0	0	37	0	0	0	37
2069	0	0	38	0	0	0	38
2070	0	0	38	0	0	0	38
2071	0	39	0	0	0	0	39
2072	38	0	0	0	0	0	38
2073	0	37	0	0	0	0	37
2074	0	37	0	0	0	0	37
2075	0	37	0	0	0	0	37
2076	37	0	0	0	0	0	37
2077	0	0	36	0	0	0	36
2078	0	36	0	0	0	0	36
2079	0	0	0	36	0	0	36
2080	0	36	0	0	0	0	36
2081	36	0	0	0	0	0	36
2082	0	0	0	36	0	0	36
2083	0	36	0	0	0	0	36
2084	0	36	0	0	0	0	36
2085	34	0	0	0	0	0	34
2086	34	0	0	0	0	0	34
2087	34	0	0	0	0	0	34
2088	33	0	0	0	0	0	33
2089	32	0	0	0	0	0	32
2090	0	32	0	0	0	0	32
2091	32	0	0	0	0	0	32
2092	0	32	0	0	0	0	32
2093	0	31	0	0	0	0	31
2094	0	31	0	0	0	0	31
2095	0	0	0	32	0	0	32
2096	0	0	32	0	0	0	32
2097	32	0	0	0	0	0	32
2098	0	0	31	0	0	0	31
2099	0	30	0	0	0	0	30
2100	0	0	0	31	0	0	31
2101	0	0	30	0	0	0	30
2102	0	0	29	0	0	0	29
2103	0	0	29	0	0	0	29
2104	29	0	0	0	0	0	29
2105	0	0	29	0	0	0	29
2106	29	0	0	0	0	0	29
2107	0	0	29	0	0	0	29
2108	29	0	0	0	0	0	29
2109	29	0	0	0	0	0	29
2110	30	0	0	0	0	0	30
2111	0	0	29	0	0	0	29
2112	0	0	0	29	0	0	29
2113	0	30	0	0	0	0	30
2114	0	0	0	30	0	0	30
2115	0	30	0	0	0	0	30
2116	0	29	0	0	0	0	29
2117	0	0	28	0	0	0	28
2118	0	0	28	0	0	0	28
2119	0	28	0	0	0	0	28
2120	0	0	0	28	0	0	28
2121	0	0	0	27	0	0	27
2122	0	27	0	0	0	0	27
2123	0	0	27	0	0	0	27
2124	0	0	26	0	0	0	26
2125	0	26	0	0	0	0	26
2126	0	0	0	26	0	0	26
2127	0	0	26	0	0	0	26
2128	0	0	25	0	0	0	25
2129	0	25	0	0	0	0	25
2130	0	25	0	0	0	0	25
2131	24	0	0	0	0	0	24
2132	24	0	0	0	0	0	24
2133	0	25	0	0	0	0	25
2134	26	0	0	0	0	0	26
2135	0	0	26	0	0	0	26
2136	0	0	0	25	0	0	25
2137	26	0	0	0	0	0	26
2138	0	0	26	0	0	0	26
2139	0	0	26	0	0	0	26
2140	0	26	0	0	0	0	26
2141	0	25	0	0	0	0	25
2142	0	25	0	0	0	0	25
2143	0	25	0	0	0	0	25
2144	0	25	0	0	0	0	25
2145	25	0	0	0	0	0	25
2146	25	0	0	0	0	0	25
2147	0	0	27	0	0	0	27
2148	0	27	0	0	0	0	27
2149	0	27	0	0	0	0	27
2150	0	0	27	0	0	0	27
2151	28	0	0	0	0	0	28
2152	0	0	29	0	0	0	29
2153	0	0	28	0	0	0	28
2154	0	0	0	28	0	0	28
2155	0	0	28	0	0	0	28
2156	29	0	0	0	0	0	29
2157	0	29	0	0	0	0	29
2158	0	29	0	0	0	0	29
2159	0	0	0	29	0	0	29
2160	0	29	0	0	0	0	29
2161	0	0	0	29	0	0	29
2162	0	29	0	0	0	0	29
2163	0	0	0	28	0	0	28
2164	0	28	0	0	0	0	28
2165	28	0	0	0	0	0	28
2166	0	28	0	0	0	0	28
2167	0	0	0	29	0	0	29
2168	0	0	0	29	0	0	29
2169	0	0	0	29	0	0	29
2170	30	0	0	0	0	0	30
2171	0	30	0	0	0	0	30
2172	30	0	0	0	0	0	30
2173	30	0	0	0	0	0	30
2174	0	0	30	0	0	0	30
2175	0	31	0	0	0	0	31
2176	31	0	0	0	0	0	31
2177	0	0	31	0	0	0	31
2178	31	0	0	0	0	0	31
2179	0	0	31	0	0	0	31
2180	30	0	0	0	0	0	30
2181	0	0	30	0	0	0	30
2182	0	0	30	0	0	0	30
2183	0	0	0	30	0	0	30
2184	0	0	30	0	0	0	30
2185	0	0	30	0	0	0	30
2186	0	31	0	0	0	0	31
2187	0	0	0	31	0	0	31
2188	0	0	31	0	0	0	31
2189	0	32	0	0	0	0	32
2190	32	0	0	0	0	0	32
2191	32	0	0	0	0	0	32
2192	0	31	0	0	0	0	31
2193	0	0	33	0	0	0	33
2194	0	32	0	0	0	0	32
2195	0	0	32	0	0	0	32
2196	0	32	0	0	0	0	32
2197	0	0	32	0	0	0	32
2198	0	32	0	0	0	0	32
2199	32	0	0	0	0	0	32
2200	0	0	32	0	0	0	32
2201	0	0	0	33	0	0	33
2202	0	0	0	32	0	0	32
2203	32	0	0	0	0	0	32
2204	0	0	31	0	0	0	31
2205	0	31	0	0	0	0	31
2206	0	0	0	32	0	0	32
2207	32	0	0	0	0	0	32
2208	32	0	0	0	0	0	32
2209	31	0	0	0	0	0	31
2210	31	0	0	0	0	0	31
2211	0	0	0	31	0	0	31
2212	0	30	0	0	0	0	30
2213	0	30	0	0	0	0	30
2214	0	30	0	0	0	0	30
2215	0	0	30	0	0	0	30
2216	0	0	0	30	0	0	30
2217	0	30	0	0	0	0	30
2218	0	0	30	0	0	0	30
2219	0	0	0	29	0	0	29
2220	0	29	0	0	0	0	29
2221	0	0	0	28	0	0	28
2222	0	0	29	0	0	0	29
2223	29	0	0	0	0	0	29
2224	0	0	29	0	0	0	29
2225	0	0	29	0	0	0	29
2226	29	0	0	0	0	0	29
2227	0	29	0	0	0	0	29
2228	0	28	0	0	0	0	28
2229	0	0	28	0	0	0	28
2230	0	0	28	0	0	0	28
2231	0	0	29	0	0	0	29
2232	29	0	0	0	0	0	29
2233	0	0	30	0	0	0	30
2234	0	30	0	0	0	0	30
2235	0	0	30	0	0	0	30
2236	0	30	0	0	0	0	30
2237	0	0	30	0	0	0	30
2238	0	0	0	30	0	0	30
2239	0	30	0	0	0	0	30
2240	30	0	0	0	0	0	30
2241	0	0	0	31	0	0	31
2242	32	0	0	0	0	0	32
2243	32	0	0	0	0	0	32
2244	32	0	0	0	0	0	32
2245	0	0	0	31	0	0	31
2246	31	0	0	0	0	0	31
2247	31	0	0	0	0	0	31
2248	31	0	0	0	0	0	31
2249	0	0	31	0	0	0	31
2250	0	30	0	0	0	0	30
2251	0	0	0	31	0	0	31
2252	0	0	31	0	0	0	31
2253	0	0	0	31	0	0	31
2254	0	0	31	0	0	0	31
2255	0	0	31	0	0	0	31
2256	31	0	0	0	0	0	31
2257	0	0	30	0	0	0	30
2258	0	0	30	0	0	0	30
2259	0	31	0	0	0	0	31
2260	0	0	0	30	0	0	30
2261	0	0	0	30	0	0	30
2262	30	0	0	0	0	0	30
2263	0	0	0	29	0	0	29
2264	0	0	0	29	0	0	29
2265	0	29	0	0	0	0	29
2266	0	0	0	29	0	0	29
2267	31	0	0	0	0	0	31
2268	31	0	0	0	0	0	31
2269	0	0	0	32	0	0	32
2270	0	0	32	0	0	0	32
2271	0	0	0	32	0	0	32
2272	0	0	0	32	0	0	32
2273	32	0	0	0	0	0	32
2274	32	0	0	0	0	0	32
2275	32	0	0	0	0	0	32
2276	32	0	0	0	0	0	32
2277	0	32	0	0	0	0	32
2278	0	0	0	32	0	0	32
2279	0	0	0	32	0	0	32
2280	0	0	0	32	0	0	32
2281	0	0	0	33	0	0	33
2282	0	0	33	0	0	0	33
2283	0	0	33	0	0	0	33
2284	0	32	0	0	0	0	32
2285	0	32	0	0	0	0	32
2286	0	32	0	0	0	0	32
2287	0	31	0	0	0	0	31
2288	31	0	0	0	0	0	31
2289	0	31	0	0	0	0	31
2290	31	0	0	0	0	0	31
2291	0	0	32	0	0	0	32
2292	0	32	0	0	0	0	32
2293	0	0	0	32	0	0	32
2294	32	0	0	0	0	0	32
2295	0	32	0	0	0	0	32
2296	0	0	0	32	0	0	32
2297	30	0	0	0	0	0	30
2298	0	0	30	0	0	0	30
2299	30	0	0	0	0	0	30
2300	0	0	30	0	0	0	30
2301	0	0	29	0	0	0	29
2302	0	0	28	0	0	0	28
2303	28	0	0	0	0	0	28
2304	28	0	0	0	0	0	28
2305	0	28	0	0	0	0	28
2306	28	0	0	0	0	0	28
2307	28	0	0	0	0	0	28
2308	0	0	27	0	0	0	27
2309	0	27	0	0	0	0	27
2310	0	0	0	27	0	0	27
2311	0	27	0	0	0	0	27
2312	0	0	27	0	0	0	27
2313	27	0	0	0	0	0	27
2314	0	0	27	0	0	0	27
2315	0	0	0	27	0	0	27
2316	0	0	27	0	0	0	27
2317	0	0	27	0	0	0	27
2318	0	27	0	0	0	0	27
2319	0	0	27	0	0	0	27
2320	0	0	26	0	0	0	26
2321	0	26	0	0	0	0	26
2322	26	0	0	0	0	0	26
2323	26	0	0	0	0	0	26
2324	0	0	0	26	0	0	26
2325	0	0	0	25	0	0	25
2326	0	0	0	25	0	0	25
2327	0	26	0	0	0	0	26
2328	0	0	0	25	0	0	25
2329	0	0	27	0	0	0	27
2330	0	0	27	0	0	0	27
2331	27	0	0	0	0	0	27
2332	27	0	0	0	0	0	27
2333	0	0	27	0	0	0	27
2334	27	0	0	0	0	0	27
2335	0	0	0	27	0	0	27
2336	0	0	0	26	0	0	26
2337	0	0	0	26	0	0	26
2338	0	0	0	26	0	0	26
2339	25	0	0	0	0	0	25
2340	25	0	0	0	0	0	25
2341	0	0	25	0	0	0	25
2342	0	0	0	25	0	0	25
2343	0	23	0	0	0	0	23
2344	0	0	24	0	0	0	24
2345	0	0	25	0	0	0	25
2346	0	25	0	0	0	0	25
2347	0	25	0	0	0	0	25
2348	0	0	26	0	0	0	26
2349	0	0	0	26	0	0	26
2350	0	27	0	0	0	0	27
2351	0	0	0	26	0	0	26
2352	0	0	0	25	0	0	25
2353	0	25	0	0	0	0	25
2354	0	0	0	24	0	0	24
2355	0	24	0	0	0	0	24
2356	0	0	0	23	0	0	23
2357	0	23	0	0	0	0	23
2358	0	0	0	23	0	0	23
2359	0	0	23	0	0	0	23
2360	0	0	24	0	0	0	24
2361	24	0	0	0	0	0	24
2362	0	0	24	0	0	0	24
2363	0	24	0	0	0	0	24
2364	0	0	0	25	0	0	25
2365	0	0	0	26	0	0	26
2366	0	0	26	0	0	0	26
2367	26	0	0	0	0	0	26
2368	0	0	0	26	0	0	26
2369	0	0	26	0	0	0	26
2370	0	26	0	0	0	0	26
2371	26	0	0	0	0	0	26
2372	0	0	25	0	0	0	25
2373	0	0	26	0	0	0	26
2374	0	0	0	26	0	0	26
2375	26	0	0	0	0	0	26
2376	0	0	0	26	0	0	26
2377	28	0	0	0	0	0	28
2378	0	0	28	0	0	0	28
2379	0	0	28	0	0	0	28
2380	0	28	0	0	0	0	28
2381	0	0	28	0	0	0	28
2382	0	0	0	29	0	0	29
2383	0	0	28	0	0	0	28
2384	0	28	0	0	0	0	28
2385	0	28	0	0	0	0	28
2386	0	0	28	0	0	0	28
2387	0	0	0	29	0	0	29
2388	29	0	0	0	0	0	29
2389	0	29	0	0	0	0	29
2390	29	0	0	0	0	0	29
2391	0	0	0	28	0	0	28
2392	0	28	0	0	0	0	28
2393	0	0	29	0	0	0	29
2394	0	29	0	0	0	0	29
2395	0	30	0	0	0	0	30
2396	0	0	0	31	0	0	31
2397	31	0	0	0	0	0	31
2398	0	0	0	33	0	0	33
2399	0	0	33	0	0	0	33
2400	0	0	34	0	0	0	34
2401	33	0	0	0	0	0	33
2402	33	0	0	0	0	0	33
2403	0	0	33	0	0	0	33
2404	0	0	33	0	0	0	33
2405	0	33	0	0	0	0	33
2406	0	33	0	0	0	0	33
2407	0	33	0	0	0	0	33
2408	33	0	0	0	0	0	33
2409	0	32	0	0	0	0	32
2410	0	0	0	32	0	0	32
2411	0	32	0	0	0	0	32
2412	32	0	0	0	0	0	32
2413	0	0	0	32	0	0	32
2414	32	0	0	0	0	0	32
2415	32	0	0	0	0	0	32
2416	32	0	0	0	0	0	32
2417	0	0	30	0	0	0	30
2418	0	0	32	0	0	0	32
2419	0	0	0	31	0	0	31
2420	0	0	0	32	0	0	32
2421	0	0	34	0	0	0	34
2422	0	0	34	0	0	0	34
2423	0	0	35	0	0	0	35
2424	0	0	0	35	0	0	35
2425	0	0	35	0	0	0	35
2426	0	0	35	0	0	0	35
2427	35	0	0	0	0	0	35
2428	35	0	0	0	0	0	35
2429	0	0	35	0	0	0	35
2430	35	0	0	0	0	0	35
2431	0	34	0	0	0	0	34
2432	0	35	0	0	0	0	35
2433	0	34	0	0	0	0	34
2434	0	0	34	0	0	0	34
2435	34	0	0	0	0	0	34
2436	34	0	0	0	0	0	34
2437	35	0	0	0	0	0	35
2438	0	35	0	0	0	0	35
2439	0	0	0	35	0	0	35
2440	0	35	0	0	0	0	35
2441	0	34	0	0	0	0	34
2442	0	0	0	34	0	0	34
2443	0	0	35	0	0	0	35
2444	0	35	0	0	0	0	35
2445	0	35	0	0	0	0	35
2446	35	0	0	0	0	0	35
2447	0	0	35	0	0	0	35
2448	0	0	0	35	0	0	35
2449	0	0	35	0	0	0	35
2450	0	35	0	0	0	0	35
2451	0	0	0	36	0	0	36
2452	0	37	0	0	0	0	37
2453	0	0	37	0	0	0	37
2454	0	37	0	0	0	0	37
2455	0	37	0	0	0	0	37
2456	0	36	0	0	0	0	36
2457	0	0	36	0	0	0	36
2458	36	0	0	0	0	0	36
2459	0	36	0	0	0	0	36
2460	0	0	0	36	0	0	36
2461	0	36	0	0	0	0	36
2462	36	0	0	0	0	0	36
2463	0	36	0	0	0	0	36
2464	0	0	0	37	0	0	37
2465	0	0	0	37	0	0	37
2466	0	0	0	37	0	0	37
2467	0	36	0	0	0	0	36
2468	36	0	0	0	0	0	36
2469	36	0	0	0	0	0	36
2470	0	36	0	0	0	0	36
2471	0	36	0	0	0	0	36
2472	0	0	36	0	0	0	36
2473	0	0	0	36	0	0	36
2474	0	0	0	36	0	0	36
2475	0	0	0	36	0	0	36
2476	38	0	0	0	0	0	38
2477	0	37	0	0	0	0	37
2478	37	0	0	0	0	0	37
2479	0	0	35	0	0	0	35
2480	35	0	0	0	0	0	35
2481	35	0	0	0	0	0	35
2482	0	0	35	0	0	0	35
2483	35	0	0	0	0	0	35
2484	0	0	0	35	0	0	35
2485	0	0	35	0	0	0	35
2486	0	0	0	35	0	0	35
2487	0	0	0	35	0	0	35
2488	0	0	35	0	0	0	35
2489	0	0	37	0	0	0	37
2490	37	0	0	0	0	0	37
2491	37	0	0	0	0	0	37
2492	0	0	37	0	0	0	37
2493	0	0	0	37	0	0	37
2494	0	36	0	0	0	0	36
2495	0	0	35	0	0	0	35
2496	35	0	0	0	0	0	35
2497	0	0	35	0	0	0	35
2498	0	0	0	34	0	0	34
2499	0	34	0	0	0	0	34
2500	0	33	0	0	0	0	33
2501	0	0	0	33	0	0	33
2502	0	33	0	0	0	0	33
2503	0	0	0	33	0	0	33
2504	0	0	33	0	0	0	33
2505	33	0	0	0	0	0	33
2506	0	0	0	33	0	0	33
2507	33	0	0	0	0	0	33
2508	0	0	0	33	0	0	33
2509	0	0	33	0	0	0	33
2510	32	0	0	0	0	0	32
2511	0	0	32	0	0	0	32
2512	0	32	0	0	0	0	32
2513	0	0	32	0	0	0	32
2514	0	32	0	0	0	0	32
2515	0	0	0	31	0	0	31
2516	0	0	31	0	0	0	31
2517	32	0	0	0	0	0	32
2518	32	0	0	0	0	0	32
2519	0	0	32	0	0	0	32
2520	32	0	0	0	0	0	32
2521	0	0	32	0	0	0	32
2522	0	32	0	0	0	0	32
2523	0	0	0	31	0	0	31
2524	0	0	0	31	0	0	31
2525	0	0	31	0	0	0	31
2526	0	0	0	31	0	0	31
2527	0	0	29	0	0	0	29
2528	0	30	0	0	0	0	30
2529	29	0	0	0	0	0	29
2530	29	0	0	0	0	0	29
2531	0	0	29	0	0	0	29
2532	0	28	0	0	0	0	28
2533	0	0	0	29	0	0	29
2534	0	0	29	0	0	0	29
2535	0	0	29	0	0	0	29
2536	0	0	0	30	0	0	30
2537	0	30	0	0	0	0	30
2538	0	0	0	30	0	0	30
2539	0	30	0	0	0	0	30
2540	0	0	0	31	0	0	31
2541	0	0	31	0	0	0	31
2542	0	0	0	30	0	0	30
2543	0	0	29	0	0	0	29
2544	29	0	0	0	0	0	29
2545	0	0	0	28	0	0	28
2546	0	27	0	0	0	0	27
2547	0	28	0	0	0	0	28
2548	0	0	26	0	0	0	26
2549	26	0	0	0	0	0	26
2550	0	0	0	25	0	0	25
2551	25	0	0	0	0	0	25
2552	25	0	0	0	0	0	25
2553	0	0	26	0	0	0	26
2554	0	0	26	0	0	0	26
2555	26	0	0	0	0	0	26
2556	0	26	0	0	0	0	26
2557	0	0	0	26	0	0	26
2558	0	0	0	26	0	0	26
2559	0	0	0	28	0	0	28
2560	0	0	0	28	0	0	28
2561	0	0	28	0	0	0	28
2562	0	0	0	28	0	0	28
2563	0	0	28	0	0	0	28
2564	28	0	0	0	0	0	28
2565	28	0	0	0	0	0	28
2566	0	0	28	0	0	0	28
2567	31	0	0	0	0	0	31
2568	0	0	29	0	0	0	29
2569	29	0	0	0	0	0	29
2570	0	0	28	0	0	0	28
2571	27	0	0	0	0	0	27
2572	28	0	0	0	0	0	28
2573	0	28	0	0	0	0	28
2574	0	28	0	0	0	0	28
2575	0	0	28	0	0	0	28
2576	0	28	0	0	0	0	28
2577	28	0	0	0	0	0	28
2578	0	28	0	0	0	0	28
2579	28	0	0	0	0	0	28
2580	28	0	0	0	0	0	28
2581	0	0	28	0	0	0	28
2582	0	27	0	0	0	0	27
2583	27	0	0	0	0	0	27
2584	28	0	0	0	0	0	28
2585	0	0	0	28	0	0	28
2586	0	28	0	0	0	0	28
2587	0	0	0	27	0	0	27
2588	28	0	0	0	0	0	28
2589	28	0	0	0	0	0	28
2590	28	0	0	0	0	0	28
2591	0	28	0	0	0	0	28
2592	0	0	0	28	0	0	28
2593	0	27	0	0	0	0	27
2594	0	0	27	0	0	0	27
2595	27	0	0	0	0	0	27
2596	0	0	0	27	0	0	27
2597	0	0	28	0	0	0	28
2598	29	0	0	0	0	0	29
2599	29	0	0	0	0	0	29
2600	0	0	29	0	0	0	29
2601	0	0	29	0	0	0	29
2602	28	0	0	0	0	0	28
2603	0	28	1	0	0	0	29
2604	0	0	30	0	0	0	30
2605	0	30	0	0	0	0	30
2606	0	0	0	30	0	0	30
2607	30	0	0	0	0	0	30
2608	0	30	0	0	0	0	30
2609	0	30	0	0	0	0	30
2610	0	0	31	0	0	0	31
2611	0	31	0	0	0	0	31
2612	0	31	0	0	0	0	31
2613	0	0	0	32	0	0	32
2614	0	31	0	0	0	0	31
2615	31	0	0	0	0	0	31
2616	0	0	0	31	0	0	31
2617	0	31	0	0	0	0	31
2618	31	0	0	0	0	0	31
2619	0	0	0	31	0	0	31
2620	0	0	31	0	0	0	31
2621	31	0	0	0	0	0	31
2622	0	0	31	0	0	0	31
2623	0	0	0	31	0	0	31
2624	0	0	31	0	0	0	31
2625	0	0	0	31	0	0	31
2626	0	0	0	29	0	0	29
2627	0	0	0	29	0	0	29
2628	0	29	0	0	0	0	29
2629	0	29	0	0	0	0	29
2630	0	29	0	0	0	0	29
2631	0	0	0	30	0	0	30
2632	30	0	0	0	0	0	30
2633	0	0	30	0	0	0	30
2634	0	0	0	30	0	0	30
2635	30	0	0	0	0	0	30
2636	0	0	31	0	0	0	31
2637	31	0	0	0	0	0	31
2638	0	31	0	0	0	0	31
2639	0	29	0	0	0	0	29
2640	29	0	0	0	0	0	29
2641	29	0	0	0	0	0	29
2642	0	29	0	0	0	0	29
2643	0	0	0	29	0	0	29
2644	0	0	29	0	0	0	29
2645	0	0	29	0	0	0	29
2646	0	0	0	30	0	0	30
2647	31	0	0	0	0	0	31
2648	0	0	31	0	0	0	31
2649	0	31	0	0	0	0	31
2650	0	31	0	0	0	0	31
2651	0	31	0	0	0	0	31
2652	0	0	31	0	0	0	31
2653	0	0	31	0	0	0	31
2654	0	0	31	0	0	0	31
2655	0	0	0	32	0	0	32
2656	0	0	0	33	0	0	33
2657	0	33	0	0	0	0	33
2658	0	0	0	33	0	0	33
2659	0	0	33	0	0	0	33
2660	0	0	0	33	0	0	33
2661	0	0	0	33	0	0	33
2662	0	33	0	0	0	0	33
2663	0	33	0	0	0	0	33
2664	32	0	0	0	0	0	32
2665	32	0	0	0	0	0	32
2666	32	0	0	0	0	0	32
2667	31	0	0	0	0	0	31
2668	0	31	0	0	0	0	31
2669	1	30	0	0	0	0	31
2670	31	0	0	0	0	0	31
2671	0	0	31	0	0	0	31
2672	31	0	0	0	0	0	31
2673	31	0	0	0	0	0	31
2674	0	31	0	0	0	0	31
2675	31	0	0	0	0	0	31
2676	31	0	0	0	0	0	31
2677	0	0	31	0	0	0	31
2678	0	31	0	0	0	0	31
2679	0	0	31	0	0	0	31
2680	31	0	0	0	0	0	31
2681	0	0	31	0	0	0	31
2682	32	0	0	0	0	0	32
2683	31	0	0	0	0	0	31
2684	31	0	0	0	0	0	31
2685	0	0	0	31	0	0	31
2686	0	30	0	0	0	0	30
2687	0	0	30	0	0	0	30
2688	0	30	0	0	0	0	30
2689	0	0	0	30	0	0	30
2690	0	29	0	0	0	0	29
2691	0	0	0	29	0	0	29
2692	0	0	0	29	0	0	29
2693	0	0	0	29	0	0	29
2694	0	0	29	0	0	0	29
2695	0	0	30	0	0	0	30
2696	30	0	0	0	0	0	30
2697	0	0	29	0	0	0	29
2698	0	0	29	0	0	0	29
2699	0	0	29	0	0	0	29
2700	0	29	0	0	0	0	29
2701	30	0	0	0	0	0	30
2702	31	0	0	0	0	0	31
2703	30	0	0	0	0	0	30
2704	0	0	0	31	0	0	31
2705	0	31	0	0	0	0	31
2706	0	32	0	0	0	0	32
2707	0	32	0	0	0	0	32
2708	0	0	0	32	0	0	32
2709	0	30	0	0	0	0	30
2710	30	0	0	0	0	0	30
2711	31	0	0	0	0	0	31
2712	31	0	0	0	0	0	31
2713	32	0	0	0	0	0	32
2714	0	32	0	0	0	0	32
2715	0	32	0	0	0	0	32
2716	0	32	0	0	0	0	32
2717	0	0	29	0	0	0	29
2718	0	0	29	0	0	0	29
2719	0	0	0	29	0	0	29
2720	0	0	0	29	0	0	29
2721	0	0	0	28	0	0	28
2722	0	0	0	27	0	0	27
2723	0	0	26	0	0	0	26
2724	0	0	26	0	0	0	26
2725	0	26	0	0	0	0	26
2726	0	0	0	26	0	0	26
2727	0	0	0	27	0	0	27
2728	27	0	0	0	0	0	27
2729	0	0	0	27	0	0	27
2730	0	27	0	0	0	0	27
2731	0	0	0	27	0	0	27
2732	28	0	0	0	0	0	28
2733	0	28	0	0	0	0	28
2734	0	0	27	0	0	0	27
2735	0	0	28	0	0	0	28
2736	28	0	0	0	0	0	28
2737	0	0	0	29	0	0	29
2738	0	0	29	0	0	0	29
2739	29	0	0	0	0	0	29
2740	0	0	30	0	0	0	30
2741	0	30	0	0	0	0	30
2742	31	0	0	0	0	0	31
2743	32	0	0	0	0	0	32
2744	0	0	32	0	0	0	32
2745	0	0	0	32	0	0	32
2746	0	0	32	0	0	0	32
2747	0	31	0	0	0	0	31
2748	0	0	0	30	0	0	30
2749	0	0	30	0	0	0	30
2750	0	0	30	0	0	0	30
2751	29	0	0	0	0	0	29
2752	0	0	29	0	0	0	29
2753	0	0	0	29	0	0	29
2754	0	0	0	28	0	0	28
2755	0	0	0	28	0	0	28
2756	0	0	29	0	0	0	29
2757	0	0	0	29	0	0	29
2758	29	0	0	0	0	0	29
2759	0	29	0	0	0	0	29
2760	28	0	0	0	0	0	28
2761	0	0	28	0	0	0	28
2762	0	0	28	0	0	0	28
2763	0	28	0	0	0	0	28
2764	0	0	0	28	0	0	28
2765	0	28	0	0	0	0	28
2766	0	0	0	29	0	0	29
2767	0	0	29	0	0	0	29
2768	0	0	29	0	0	0	29
2769	0	30	0	0	0	0	30
2770	0	30	0	0	0	0	30
2771	0	0	30	0	0	0	30
2772	0	30	0	0	0	0	30
2773	30	0	0	0	0	0	30
2774	0	30	0	0	0	0	30
2775	30	0	0	0	0	0	30
2776	30	0	0	0	0	0	30
2777	0	0	30	0	0	0	30
2778	0	0	0	30	0	0	30
2779	0	0	31	0	0	0	31
2780	0	0	31	0	0	0	31
2781	30	0	0	0	0	0	30
2782	30	0	0	0	0	0	30
2783	0	0	30	0	0	0	30
2784	0	0	0	30	0	0	30
2785	0	30	0	0	0	0	30
2786	0	0	0	30	0	0	30
2787	0	30	0	0	0	0	30
2788	31	0	0	0	0	0	31
2789	0	31	0	0	0	0	31
2790	0	32	0	0	0	0	32
2791	0	0	32	0	0	0	32
2792	0	0	32	0	0	0	32
2793	33	0	0	0	0	0	33
2794	33	0	0	0	0	0	33
2795	0	0	33	0	0	0	33
2796	32	0	0	0	0	0	32
2797	31	0	0	0	0	0	31
2798	31	0	0	0	0	0	31
2799	0	0	0	31	0	0	31
2800	0	0	31	0	0	0	31
2801	31	0	0	0	0	0	31
2802	0	0	0	31	0	0	31
2803	0	0	0	31	0	0	31
2804	31	0	0	0	0	0	31
2805	0	30	0	0	0	0	30
2806	30	0	0	0	0	0	30
2807	0	0	0	32	0	0	32
2808	0	32	0	0	0	0	32
2809	0	0	33	0	0	0	33
2810	0	0	0	33	0	0	33
2811	0	0	33	0	0	0	33
2812	0	0	34	0	0	0	34
2813	0	0	34	0	0	0	34
2814	35	0	0	0	0	0	35
2815	0	0	35	0	0	0	35
2816	35	0	0	0	0	0	35
2817	36	0	0	0	0	0	36
2818	0	0	36	0	0	0	36
2819	0	0	0	37	0	0	37
2820	37	0	0	0	0	0	37
2821	0	37	0	0	0	0	37
2822	0	38	0	0	0	0	38
2823	0	0	0	38	0	0	38
2824	0	0	0	38	0	0	38
2825	0	0	38	0	0	0	38
2826	0	0	0	39	0	0	39
2827	0	0	39	0	0	0	39
2828	0	38	0	0	0	0	38
2829	0	38	0	0	0	0	38
2830	0	0	38	0	0	0	38
2831	38	0	0	0	0	0	38
2832	0	37	0	0	0	0	37
2833	0	0	0	37	0	0	37
2834	0	0	38	0	0	0	38
2835	40	0	0	0	0	0	40
2836	0	0	0	40	0	0	40
2837	0	0	0	40	0	0	40
2838	0	0	40	0	0	0	40
2839	0	40	0	0	0	0	40
2840	0	0	0	41	0	0	41
2841	0	41	0	0	0	0	41
2842	0	41	0	0	0	0	41
2843	0	0	41	0	0	0	41
2844	0	0	41	0	0	0	41
2845	0	40	0	0	0	0	40
2846	0	0	0	40	0	0	40
2847	0	0	0	40	0	0	40
2848	0	0	0	40	0	0	40
2849	0	0	40	0	0	0	40
2850	41	0	0	0	0	0	41
2851	0	40	0	0	0	0	40
2852	0	0	0	39	0	0	39
2853	0	0	39	0	0	0	39
2854	0	0	38	0	0	0	38
2855	38	0	0	0	0	0	38
2856	0	0	37	0	0	0	37
2857	0	38	0	0	0	0	38
2858	0	0	38	0	0	0	38
2859	0	0	0	38	0	0	38
2860	0	0	0	38	0	0	38
2861	0	0	37	0	0	0	37
2862	0	37	0	0	0	0	37
2863	0	0	36	0	0	0	36
2864	0	0	36	0	0	0	36
2865	36	0	0	0	0	0	36
2866	36	0	0	0	0	0	36
2867	0	0	0	36	0	0	36
2868	0	0	36	0	0	0	36
2869	0	0	36	0	0	0	36
2870	37	0	0	0	0	0	37
2871	0	0	0	37	0	0	37
2872	0	0	37	0	0	0	37
2873	0	37	0	0	0	0	37
2874	0	0	0	37	0	0	37
2875	37	0	0	0	0	0	37
2876	0	37	1	0	0	0	38
2877	37	0	0	0	0	0	37
2878	0	37	0	0	0	0	37
2879	0	0	37	0	0	0	37
2880	37	0	0	0	0	0	37
2881	0	37	0	0	0	0	37
2882	0	0	37	0	0	0	37
2883	40	0	0	0	0	0	40
2884	0	0	0	42	0	0	42
2885	42	0	0	0	0	0	42
2886	0	0	0	43	0	0	43
2887	0	0	42	0	0	0	42
2888	0	0	41	0	0	0	41
2889	0	0	0	41	0	0	41
2890	0	41	0	0	0	0	41
2891	0	0	41	0	0	0	41
2892	0	0	0	40	0	0	40
2893	0	39	0	0	0	0	39
2894	0	39	0	0	0	0	39
2895	0	0	39	0	0	0	39
2896	0	39	0	0	0	0	39
2897	39	0	0	0	0	0	39
2898	39	0	0	0	0	0	39
2899	0	0	0	40	0	0	40
2900	40	0	0	0	0	0	40
2901	40	0	0	0	0	0	40
2902	41	0	0	0	0	0	41
2903	0	40	0	0	0	0	40
2904	0	0	0	40	0	0	40
2905	0	40	0	0	0	0	40
2906	39	0	0	0	0	0	39
2907	0	40	0	0	0	0	40
2908	40	0	0	0	0	0	40
2909	0	40	0	0	0	0	40
2910	0	0	0	40	0	0	40
2911	0	0	40	0	0	0	40
2912	1	0	39	0	0	0	40
2913	39	0	0	0	0	0	39
2914	0	39	0	0	0	0	39
2915	0	0	0	39	0	0	39
2916	0	0	0	38	0	0	38
2917	38	0	0	0	0	0	38
2918	38	0	0	0	0	0	38
2919	39	0	0	0	0	0	39
2920	0	0	0	40	0	0	40
2921	0	41	0	0	0	0	41
2922	0	41	0	0	0	0	41
2923	0	0	0	41	0	0	41
2924	41	0	0	0	0	0	41
2925	0	41	0	0	0	0	41
2926	42	0	0	0	0	0	42
2927	42	0	0	0	0	0	42
2928	0	42	0	0	0	0	42
2929	0	0	0	41	0	0	41
2930	0	0	41	0	0	0	41
2931	41	0	0	0	0	0	41
2932	0	0	41	0	0	0	41
2933	41	0	0	0	0	0	41
2934	41	0	0	0	0	0	41
2935	0	0	41	0	0	0	41
2936	0	40	0	0	0	0	40
2937	0	0	0	40	0	0	40
2938	40	0	0	0	0	0	40
2939	0	40	0	0	0	0	40
2940	0	0	39	0	0	0	39
2941	40	0	0	0	0	0	40
2942	0	0	0	40	0	0	40
2943	0	39	0	0	0	0	39
2944	0	0	0	40	0	0	40
2945	0	0	40	0	0	0	40
2946	0	41	0	0	0	0	41
2947	0	0	41	0	0	0	41
2948	0	0	0	41	0	0	41
2949	0	0	42	0	0	0	42
2950	0	0	43	0	0	0	43
2951	0	43	0	0	0	0	43
2952	0	0	0	44	0	0	44
2953	44	0	0	0	0	0	44
2954	45	0	0	0	0	0	45
2955	45	0	0	0	0	0	45
2956	44	0	0	0	0	0	44
2957	0	0	0	42	0	0	42
2958	0	0	42	0	0	0	42
2959	0	41	0	0	0	0	41
2960	41	0	0	0	0	0	41
2961	0	0	0	42	0	0	42
2962	0	0	0	42	0	0	42
2963	0	0	0	43	0	0	43
2964	0	0	42	0	0	0	42
2965	0	42	0	0	0	0	42
2966	42	0	0	0	0	0	42
2967	41	0	0	0	0	0	41
2968	0	0	0	41	0	0	41
2969	40	0	0	0	0	0	40
2970	0	0	40	0	0	0	40
2971	0	0	0	40	0	0	40
2972	0	0	39	0	0	0	39
2973	0	0	0	40	0	0	40
2974	0	40	0	0	0	0	40
2975	0	40	0	0	0	0	40
2976	0	0	0	39	0	0	39
2977	0	0	40	0	0	0	40
2978	0	0	0	40	0	0	40
2979	0	0	40	0	0	0	40
2980	0	0	0	40	0	0	40
2981	0	0	0	39	0	0	39
2982	0	0	0	39	0	0	39
2983	0	0	41	0	0	0	41
2984	40	0	0	0	0	0	40
2985	0	0	39	0	0	0	39
2986	0	0	0	40	0	0	40
2987	0	0	39	0	0	0	39
2988	39	0	0	0	0	0	39
2989	0	0	0	39	0	0	39
2990	0	0	38	0	0	0	38
2991	0	0	38	0	0	0	38
2992	0	38	0	0	0	0	38
2993	39	0	0	0	0	0	39
2994	0	39	0	0	0	0	39
2995	0	39	0	0	0	0	39
2996	0	40	0	0	0	0	40
2997	0	0	0	40	0	0	40
2998	0	40	0	0	0	0	40
2999	0	40	0	0	0	0	40
3000	0	0	0	39	0	0	39
3001	0	39	0	0	0	0	39
3002	0	0	39	0	0	0	39
3003	0	39	0	0	0	0	39
3004	0	40	0	0	0	0	40
3005	0	40	0	0	0	0	40
3006	40	0	0	0	0	0	40
3007	39	0	0	0	0	0	39
3008	39	0	0	0	0	0	39
3009	0	0	39	0	0	0	39
3010	0	0	39	0	0	0	39
3011	0	0	39	0	0	0	39
3012	0	0	0	39	0	0	39
3013	0	40	0	0	0	0	40
3014	0	40	0	0	0	0	40
3015	0	41	0	0	0	0	41
3016	0	0	0	41	0	0	41
3017	0	0	41	0	0	0	41
3018	0	0	42	0	0	0	42
3019	0	42	0	0	0	0	42
3020	0	0	41	0	0	0	41
3021	0	0	0	41	0	0	41
3022	0	0	0	42	0	0	42
3023	0	43	0	0	0	0	43
3024	44	0	0	0	0	0	44
3025	44	0	0	0	0	0	44
3026	43	0	0	0	0	0	43
3027	43	0	0	0	0	0	43
3028	0	0	43	0	0	0	43
3029	0	0	0	43	0	0	43
3030	0	43	0	0	0	0	43
3031	0	43	0	0	0	0	43
3032	0	0	42	0	0	0	42
3033	0	0	39	0	0	0	39
3034	0	0	0	37	0	0	37
3035	36	0	0	0	0	0	36
3036	0	0	35	0	0	0	35
3037	0	35	0	0	0	0	35
3038	0	0	0	36	0	0	36
3039	36	0	0	0	0	0	36
3040	0	35	0	0	0	0	35
3041	35	0	0	0	0	0	35
3042	35	0	0	0	0	0	35
3043	0	0	0	36	0	0	36
3044	36	0	0	0	0	0	36
3045	0	36	0	0	0	0	36
3046	36	0	0	0	0	0	36
3047	36	0	0	0	0	0	36
3048	0	0	36	0	0	0	36
3049	0	0	0	35	0	0	35
3050	35	0	0	0	0	0	35
3051	0	0	35	0	0	0	35
3052	0	34	0	0	0	0	34
3053	0	0	0	34	0	0	34
3054	0	34	0	0	0	0	34
3055	35	0	0	0	0	0	35
3056	35	0	0	0	0	0	35
3057	34	0	0	0	0	0	34
3058	0	0	0	34	0	0	34
3059	0	0	0	34	0	0	34
3060	0	34	0	0	0	0	34
3061	34	0	0	0	0	0	34
3062	34	0	0	0	0	0	34
3063	0	0	35	0	0	0	35
3064	0	0	35	0	0	0	35
3065	35	0	0	0	0	0	35
3066	0	0	0	35	0	0	35
3067	0	35	0	0	0	0	35
3068	0	35	0	0	0	0	35
3069	0	0	33	0	0	0	33
3070	32	0	0	0	0	0	32
3071	0	0	32	0	0	0	32
3072	0	0	0	33	0	0	33
3073	0	0	0	33	0	0	33
3074	33	0	0	0	0	0	33
3075	0	0	0	34	0	0	34
3076	0	0	33	0	0	0	33
3077	0	0	33	0	0	0	33
3078	0	33	0	0	0	0	33
3079	0	33	0	0	0	0	33
3080	0	0	33	0	0	0	33
3081	0	33	0	0	0	0	33
3082	0	33	0	0	0	0	33
3083	0	0	0	33	0	0	33
3084	33	0	0	0	0	0	33
3085	0	33	0	0	0	0	33
3086	0	33	0	0	0	0	33
3087	33	0	0	0	0	0	33
3088	0	34	0	0	0	0	34
3089	0	0	0	34	0	0	34
3090	0	0	34	0	0	0	34
3091	0	0	0	33	0	0	33
3092	0	0	33	0	0	0	33
3093	0	0	33	0	0	0	33
3094	0	0	32	0	0	0	32
3095	0	0	32	0	0	0	32
3096	0	31	0	0	0	0	31
3097	0	0	0	32	0	0	32
3098	0	0	32	0	0	0	32
3099	31	0	0	0	0	0	31
3100	0	30	0	0	0	0	30
3101	0	0	0	30	0	0	30
3102	0	0	29	0	0	0	29
3103	0	0	29	0	0	0	29
3104	0	0	28	0	0	0	28
3105	0	28	0	0	0	0	28
3106	0	28	0	0	0	0	28
3107	28	0	0	0	0	0	28
3108	0	0	0	28	0	0	28
3109	0	0	28	0	0	0	28
3110	0	0	29	0	0	0	29
3111	0	28	0	0	0	0	28
3112	0	0	27	0	0	0	27
3113	26	0	0	0	0	0	26
3114	0	0	0	26	0	0	26
3115	0	0	26	0	0	0	26
3116	0	0	26	0	0	0	26
3117	0	0	26	0	0	0	26
3118	26	0	0	0	0	0	26
3119	0	0	26	0	0	0	26
3120	26	0	0	0	0	0	26
3121	0	0	0	26	0	0	26
3122	0	0	26	0	0	0	26
3123	25	0	0	0	0	0	25
3124	0	0	0	25	0	0	25
3125	0	0	25	0	0	0	25
3126	0	25	0	0	0	0	25
3127	0	24	0	0	0	0	24
3128	0	25	0	0	0	0	25
3129	0	0	0	25	0	0	25
3130	0	25	0	0	0	0	25
3131	0	0	25	0	0	0	25
3132	28	0	0	0	0	0	28
3133	26	0	0	0	0	0	26
3134	0	0	0	26	0	0	26
3135	0	25	0	0	0	0	25
3136	24	0	0	0	0	0	24
3137	0	0	24	0	0	0	24
3138	0	0	0	25	0	0	25
3139	0	25	0	0	0	0	25
3140	25	0	0	0	0	0	25
3141	26	0	0	0	0	0	26
3142	0	26	0	0	0	0	26
3143	25	0	0	0	0	0	25
3144	0	25	0	0	0	0	25
3145	0	25	0	0	0	0	25
3146	0	0	25	0	0	0	25
3147	25	0	0	0	0	0	25
3148	0	25	0	0	0	0	25
3149	0	25	0	0	0	0	25
3150	0	0	0	25	0	0	25
3151	25	0	0	0	0	0	25
3152	0	0	25	0	0	0	25
3153	25	0	0	0	0	0	25
3154	0	0	24	0	0	0	24
3155	0	0	24	0	0	0	24
3156	0	0	0	24	0	0	24
3157	0	0	25	0	0	0	25
3158	0	0	0	25	0	0	25
3159	25	0	0	0	0	0	25
3160	0	0	0	25	0	0	25
3161	25	0	0	0	0	0	25
3162	25	0	0	0	0	0	25
3163	24	0	0	0	0	0	24
3164	0	0	25	0	0	0	25
3165	24	0	0	0	0	0	24
3166	0	0	0	24	0	0	24
3167	0	24	0	0	0	0	24
3168	0	0	0	23	0	0	23
3169	23	0	0	0	0	0	23
3170	0	0	23	0	0	0	23
3171	0	0	23	0	0	0	23
3172	0	0	0	22	0	0	22
3173	0	0	0	21	0	0	21
3174	0	0	0	20	0	0	20
3175	0	21	0	0	0	0	21
3176	21	0	0	0	0	0	21
3177	22	0	0	0	0	0	22
3178	22	0	0	0	0	0	22
3179	0	0	22	0	0	0	22
3180	0	0	0	23	0	0	23
3181	0	23	0	0	0	0	23
3182	0	0	23	0	0	0	23
3183	23	0	0	0	0	0	23
3184	0	0	23	0	0	0	23
3185	0	0	23	0	0	0	23
3186	0	0	0	23	0	0	23
3187	0	0	0	23	0	0	23
3188	0	0	0	22	0	0	22
3189	0	22	0	0	0	0	22
3190	22	0	0	0	0	0	22
3191	0	0	23	0	0	0	23
3192	0	0	23	0	0	0	23
3193	23	0	0	0	0	0	23
3194	0	23	0	0	0	0	23
3195	24	0	0	0	0	0	24
3196	25	0	0	0	0	0	25
3197	0	25	0	0	0	0	25
3198	0	0	0	25	0	0	25
3199	0	0	26	0	0	0	26
3200	0	0	26	0	0	0	26
3201	26	0	0	0	0	0	26
3202	26	0	0	0	0	0	26
3203	0	0	0	26	0	0	26
3204	0	0	0	26	0	0	26
3205	0	25	0	0	0	0	25
3206	0	0	0	25	0	0	25
3207	0	0	25	0	0	0	25
3208	0	25	0	0	0	0	25
3209	0	0	0	25	0	0	25
3210	0	25	0	0	0	0	25
3211	0	0	0	25	0	0	25
3212	0	25	0	0	0	0	25
3213	26	0	0	0	0	0	26
3214	0	26	0	0	0	0	26
3215	26	0	0	0	0	0	26
3216	0	0	0	26	0	0	26
3217	0	26	0	0	0	0	26
3218	0	0	0	26	0	0	26
3219	0	0	0	26	0	0	26
3220	0	0	0	26	0	0	26
3221	25	0	0	0	0	0	25
3222	0	0	26	0	0	0	26
3223	26	0	0	0	0	0	26
3224	0	0	26	0	0	0	26
3225	0	25	0	0	0	0	25
3226	0	0	26	0	0	0	26
3227	0	26	0	0	0	0	26
3228	0	26	0	0	0	0	26
3229	0	0	0	26	0	0	26
3230	0	0	26	0	0	0	26
3231	27	0	0	0	0	0	27
3232	0	28	0	0	0	0	28
3233	0	28	0	0	0	0	28
3234	0	0	0	29	0	0	29
3235	0	29	0	0	0	0	29
3236	0	0	29	0	0	0	29
3237	0	29	0	0	0	0	29
3238	0	27	0	0	0	0	27
3239	0	27	0	0	0	0	27
3240	0	0	0	28	0	0	28
3241	0	0	0	29	0	0	29
3242	0	29	0	0	0	0	29
3243	0	29	0	0	0	0	29
3244	0	29	0	0	0	0	29
3245	0	0	29	0	0	0	29
3246	0	0	0	29	0	0	29
3247	0	0	28	0	0	0	28
3248	28	0	0	0	0	0	28
3249	28	0	0	0	0	0	28
3250	0	0	0	28	0	0	28
3251	0	0	28	0	0	0	28
3252	28	0	0	0	0	0	28
3253	0	0	28	0	0	0	28
3254	0	28	0	0	0	0	28
3255	0	0	28	0	0	0	28
3256	0	28	0	0	0	0	28
3257	28	0	0	0	0	0	28
3258	28	0	0	0	0	0	28
3259	28	0	0	0	0	0	28
3260	27	0	0	0	0	0	27
3261	0	0	0	27	0	0	27
3262	0	0	27	0	0	0	27
3263	0	27	0	0	0	0	27
3264	0	0	0	27	0	0	27
3265	0	0	27	0	0	0	27
3266	0	0	0	28	0	0	28
3267	28	0	0	0	0	0	28
3268	0	28	0	0	0	0	28
3269	28	0	0	0	0	0	28
3270	28	0	0	0	0	0	28
3271	0	0	28	0	0	0	28
3272	0	28	0	0	0	0	28
3273	0	0	0	28	0	0	28
3274	0	28	0	0	0	0	28
3275	29	0	0	0	0	0	29
3276	0	0	0	30	0	0	30
3277	0	30	0	0	0	0	30
3278	0	0	0	29	0	0	29
3279	0	0	0	29	0	0	29
3280	0	29	0	0	0	0	29
3281	0	0	30	0	0	0	30
3282	0	0	27	0	0	0	27
3283	27	0	0	0	0	0	27
3284	0	0	0	28	0	0	28
3285	28	0	0	0	0	0	28
3286	0	0	0	29	0	0	29
3287	29	0	0	0	0	0	29
3288	28	0	0	0	0	0	28
3289	0	0	0	29	0	0	29
3290	0	29	0	0	0	0	29
3291	0	28	0	0	0	0	28
3292	0	0	28	0	0	0	28
3293	0	0	28	0	0	0	28
3294	0	0	28	0	0	0	28
3295	28	0	0	0	0	0	28
3296	27	0	0	0	0	0	27
3297	0	0	28	0	0	0	28
3298	0	0	0	29	0	0	29
3299	0	0	29	0	0	0	29
3300	0	0	29	0	0	0	29
3301	0	0	29	0	0	0	29
3302	29	0	0	0	0	0	29
3303	29	0	0	0	0	0	29
3304	0	0	0	30	0	0	30
3305	0	31	0	0	0	0	31
3306	0	0	0	31	0	0	31
3307	0	0	30	0	0	0	30
3308	0	0	31	0	0	0	31
3309	31	0	0	0	0	0	31
3310	0	0	31	0	0	0	31
3311	0	0	31	0	0	0	31
3312	0	0	0	31	0	0	31
3313	0	0	0	31	0	0	31
3314	30	0	0	0	0	0	30
3315	0	0	0	30	0	0	30
3316	0	30	0	0	0	0	30
3317	0	0	0	32	0	0	32
3318	0	32	0	0	0	0	32
3319	0	32	0	0	0	0	32
3320	32	0	0	0	0	0	32
3321	32	0	0	0	0	0	32
3322	0	32	0	0	0	0	32
3323	0	0	0	32	0	0	32
3324	32	0	0	0	0	0	32
3325	0	31	0	0	0	0	31
3326	31	0	0	0	0	0	31
3327	0	0	0	30	0	0	30
3328	0	0	0	30	0	0	30
3329	0	0	30	0	0	0	30
3330	0	30	0	0	0	0	30
3331	0	30	0	0	0	0	30
3332	0	0	30	0	0	0	30
3333	0	30	0	0	0	0	30
3334	0	32	0	0	0	0	32
3335	0	0	0	32	0	0	32
3336	0	0	32	0	0	0	32
3337	0	0	0	32	0	0	32
3338	0	0	33	0	0	0	33
3339	0	0	0	33	0	0	33
3340	33	0	0	0	0	0	33
3341	0	0	0	32	0	0	32
3342	0	33	0	0	0	0	33
3343	32	0	0	0	0	0	32
3344	0	0	32	0	0	0	32
3345	0	0	0	31	0	0	31
3346	0	0	0	30	0	0	30
3347	0	0	0	30	0	0	30
3348	0	0	0	30	0	0	30
3349	29	0	0	0	0	0	29
3350	29	0	0	0	0	0	29
3351	29	0	0	0	0	0	29
3352	0	0	0	29	0	0	29
3353	0	0	30	0	0	0	30
3354	30	0	0	0	0	0	30
3355	0	0	30	0	0	0	30
3356	0	31	0	0	0	0	31
3357	0	0	0	31	0	0	31
3358	0	0	31	0	0	0	31
3359	0	31	0	0	0	0	31
3360	0	0	32	0	0	0	32
3361	0	0	32	0	0	0	32
3362	0	32	0	0	0	0	32
3363	30	0	0	0	0	0	30
3364	0	0	0	30	0	0	30
3365	0	0	31	0	0	0	31
3366	31	0	0	0	0	0	31
3367	0	31	0	0	0	0	31
3368	0	31	0	0	0	0	31
3369	0	31	0	0	0	0	31
3370	31	0	0	0	0	0	31
3371	0	0	32	0	0	0	32
3372	30	0	0	0	0	0	30
3373	0	0	0	30	0	0	30
3374	0	0	0	30	0	0	30
3375	0	30	0	0	0	0	30
3376	0	0	0	30	0	0	30
3377	0	0	31	0	0	0	31
3378	0	0	0	31	0	0	31
3379	0	31	0	0	0	0	31
3380	0	0	31	0	0	0	31
3381	0	30	0	0	0	0	30
3382	0	29	0	0	0	0	29
3383	0	29	0	0	0	0	29
3384	0	0	0	28	0	0	28
3385	0	28	0	0	0	0	28
3386	0	28	0	0	0	0	28
3387	0	0	0	28	0	0	28
3388	0	0	0	28	0	0	28
3389	0	29	0	0	0	0	29
3390	28	0	0	0	0	0	28
3391	0	28	0	0	0	0	28
3392	0	29	0	0	0	0	29
3393	30	0	0	0	0	0	30
3394	0	0	30	0	0	0	30
3395	0	0	0	30	0	0	30
3396	0	0	30	0	0	0	30
3397	0	0	30	0	0	0	30
3398	0	30	0	0	0	0	30
3399	0	0	0	30	0	0	30
3400	30	0	0	0	0	0	30
3401	0	0	31	0	0	0	31
3402	0	0	0	31	0	0	31
3403	0	31	0	0	0	0	31
3404	0	0	0	31	0	0	31
3405	0	31	0	0	0	0	31
3406	0	0	0	31	0	0	31
3407	0	31	0	0	0	0	31
3408	0	31	0	0	0	0	31
3409	31	0	0	0	0	0	31
3410	0	0	31	0	0	0	31
3411	0	0	0	31	0	0	31
3412	0	0	31	0	0	0	31
3413	0	31	0	0	0	0	31
3414	0	0	0	32	0	0	32
3415	0	0	32	0	0	0	32
3416	0	31	0	0	0	0	31
3417	0	31	0	0	0	0	31
3418	32	0	0	0	0	0	32
3419	0	32	0	0	0	0	32
3420	32	0	0	0	0	0	32
3421	33	0	0	0	0	0	33
3422	33	0	0	0	0	0	33
3423	33	0	0	0	0	0	33
3424	0	0	0	33	0	0	33
3425	32	0	0	0	0	0	32
3426	31	0	0	0	0	0	31
3427	0	0	0	31	0	0	31
3428	0	0	0	31	0	0	31
3429	0	0	32	0	0	0	32
3430	32	0	0	0	0	0	32
3431	31	0	0	0	0	0	31
3432	0	0	31	0	0	0	31
3433	32	0	0	0	0	0	32
3434	0	0	31	0	0	0	31
3435	31	0	0	0	0	0	31
3436	0	0	30	0	0	0	30
3437	30	0	0	0	0	0	30
3438	0	0	30	0	0	0	30
3439	0	30	0	0	0	0	30
3440	0	30	0	0	0	0	30
3441	30	0	0	0	0	0	30
3442	30	0	0	0	0	0	30
3443	0	0	0	30	0	0	30
3444	30	0	0	0	0	0	30
3445	30	0	0	0	0	0	30
3446	0	31	0	0	0	0	31
3447	0	0	0	30	0	0	30
3448	29	0	0	0	0	0	29
3449	0	0	29	0	0	0	29
3450	0	29	0	0	0	0	29
3451	0	29	0	0	0	0	29
3452	29	0	0	0	0	0	29
3453	29	0	0	0	0	0	29
3454	0	0	28	0	0	0	28
3455	0	27	0	0	0	0	27
3456	27	0	0	0	0	0	27
3457	0	0	0	27	0	0	27
3458	26	0	0	0	0	0	26
3459	0	26	0	0	0	0	26
3460	27	0	0	0	0	0	27
3461	0	0	0	27	0	0	27
3462	0	27	0	0	0	0	27
3463	27	0	0	0	0	0	27
3464	0	0	27	0	0	0	27
3465	0	0	0	28	0	0	28
3466	0	0	0	28	0	0	28
3467	0	0	27	0	0	0	27
3468	0	27	0	0	0	0	27
3469	27	0	0	0	0	0	27
3470	27	0	0	0	0	0	27
3471	0	0	27	0	0	0	27
3472	0	27	0	0	0	0	27
3473	0	0	28	0	0	0	28
3474	0	0	0	28	0	0	28
3475	0	0	0	28	0	0	28
3476	0	0	28	0	0	0	28
3477	0	0	28	0	0	0	28
3478	28	0	0	0	0	0	28
3479	28	0	0	0	0	0	28
3480	0	0	27	0	0	0	27
3481	0	0	0	27	0	0	27
3482	0	0	0	29	0	0	29
3483	0	29	0	0	0	0	29
3484	27	0	0	0	0	0	27
3485	27	0	0	0	0	0	27
3486	0	0	27	0	0	0	27
3487	0	0	0	27	0	0	27
3488	0	27	0	0	0	0	27
3489	0	0	0	29	0	0	29
3490	0	0	29	0	0	0	29
3491	31	0	0	0	0	0	31
3492	0	0	0	30	0	0	30
3493	0	0	0	30	0	0	30
3494	30	0	0	0	0	0	30
3495	0	30	0	0	0	0	30
3496	0	31	0	0	0	0	31
3497	31	0	0	0	0	0	31
3498	31	0	0	0	0	0	31
3499	0	0	0	32	0	0	32
3500	32	0	0	0	0	0	32
3501	0	0	32	0	0	0	32
3502	0	32	0	0	0	0	32
3503	0	31	0	0	0	0	31
3504	0	0	0	31	0	0	31
3505	0	0	31	0	0	0	31
3506	31	0	0	0	0	0	31
3507	0	32	0	0	0	0	32
3508	32	0	0	0	0	0	32
3509	0	32	0	0	0	0	32
3510	31	0	0	0	0	0	31
3511	31	0	0	0	0	0	31
3512	0	0	0	31	0	0	31
3513	32	0	0	0	0	0	32
3514	0	0	32	0	0	0	32
3515	31	0	0	0	0	0	31
3516	0	0	0	32	0	0	32
3517	0	0	0	32	0	0	32
3518	0	0	0	32	0	0	32
3519	0	0	0	33	0	0	33
3520	33	0	0	0	0	0	33
3521	32	0	0	0	0	0	32
3522	33	0	0	0	0	0	33
3523	0	0	0	33	0	0	33
3524	0	0	0	33	0	0	33
3525	0	0	0	33	0	0	33
3526	0	0	0	32	0	0	32
3527	0	0	0	31	0	0	31
3528	32	0	0	0	0	0	32
3529	0	0	33	0	0	0	33
3530	0	33	0	0	0	0	33
3531	35	0	0	0	0	0	35
3532	0	0	35	0	0	0	35
3533	0	0	35	0	0	0	35
3534	35	0	0	0	0	0	35
3535	0	0	0	35	0	0	35
3536	0	0	0	35	0	0	35
3537	0	0	0	35	0	0	35
3538	0	0	36	0	0	0	36
3539	0	36	0	0	0	0	36
3540	0	0	36	0	0	0	36
3541	0	0	0	35	0	0	35
3542	0	0	0	34	0	0	34
3543	0	0	0	33	0	0	33
3544	0	0	33	0	0	0	33
3545	0	0	33	0	0	0	33
3546	33	0	0	0	0	0	33
3547	0	0	0	34	0	0	34
3548	0	0	0	34	0	0	34
3549	0	0	0	35	0	0	35
3550	0	0	0	35	0	0	35
3551	0	0	0	34	0	0	34
3552	34	0	0	0	0	0	34
3553	0	0	0	34	0	0	34
3554	0	34	0	0	0	0	34
3555	0	34	0	0	0	0	34
3556	0	0	35	0	0	0	35
3557	0	35	0	0	0	0	35
3558	35	0	0	0	0	0	35
3559	36	0	0	0	0	0	36
3560	0	0	0	36	0	0	36
3561	0	36	0	0	0	0	36
3562	0	36	0	0	0	0	36
3563	0	36	0	0	0	0	36
3564	35	0	0	0	0	0	35
3565	36	0	0	0	0	0	36
3566	0	0	0	36	0	0	36
3567	0	0	0	36	0	0	36
3568	0	0	0	35	0	0	35
3569	0	35	0	0	0	0	35
3570	0	0	35	0	0	0	35
3571	34	0	0	0	0	0	34
3572	0	0	0	34	0	0	34
3573	34	0	0	0	0	0	34
3574	0	0	34	0	0	0	34
3575	0	34	0	0	0	0	34
3576	34	0	0	0	0	0	34
3577	0	0	34	0	0	0	34
3578	0	0	34	0	0	0	34
3579	0	33	0	0	0	0	33
3580	33	0	0	0	0	0	33
3581	0	0	0	33	0	0	33
3582	33	0	0	0	0	0	33
3583	0	0	0	32	0	0	32
3584	33	0	0	0	0	0	33
3585	0	33	0	0	0	0	33
3586	0	33	0	0	0	0	33
3587	0	0	0	33	0	0	33
3588	33	0	0	0	0	0	33
3589	0	0	32	0	0	0	32
3590	0	0	0	32	0	0	32
3591	0	32	0	0	0	0	32
3592	0	0	0	32	0	0	32
3593	32	0	0	1	0	0	33
3594	0	34	0	0	0	0	34
3595	0	35	0	0	0	0	35
3596	0	0	0	34	0	0	34
3597	0	0	34	0	0	0	34
3598	34	0	0	0	0	0	34
3599	34	0	0	0	0	0	34
3600	35	0	0	0	0	0	35
3601	35	0	0	0	0	0	35
3602	0	0	0	35	0	0	35
3603	0	35	0	0	0	0	35
3604	0	0	0	35	0	0	35
3605	0	35	0	0	0	0	35
3606	35	0	0	0	0	0	35
3607	0	0	35	0	0	0	35
3608	0	36	0	0	0	0	36
3609	0	37	0	0	0	0	37
3610	0	36	0	0	0	0	36
3611	36	0	0	0	0	0	36
3612	0	37	0	0	0	0	37
3613	0	0	37	0	0	0	37
3614	0	0	0	37	0	0	37
3615	36	0	0	0	0	0	36
3616	0	36	0	0	0	0	36
3617	0	0	35	0	0	0	35
3618	0	0	0	35	0	0	35
3619	0	0	35	0	0	0	35
3620	0	35	0	0	0	0	35
3621	34	0	0	1	0	0	35
3622	35	0	0	0	0	0	35
3623	0	0	0	34	0	0	34
3624	0	34	0	0	0	0	34
3625	0	0	34	0	0	0	34
3626	0	0	0	34	0	0	34
3627	0	0	0	34	0	0	34
3628	35	0	0	0	0	0	35
3629	36	0	0	0	0	0	36
3630	0	0	0	36	0	0	36
3631	0	0	37	0	0	0	37
3632	35	0	0	0	0	0	35
3633	35	0	0	0	0	0	35
3634	0	0	0	35	0	0	35
3635	35	0	0	0	0	0	35
3636	0	35	0	0	0	0	35
3637	0	0	35	0	0	0	35
3638	0	0	35	0	0	0	35
3639	0	0	33	0	0	0	33
3640	33	0	0	0	0	0	33
3641	0	0	31	0	0	0	31
3642	0	0	32	0	0	0	32
3643	32	0	0	0	0	0	32
3644	0	0	32	0	0	0	32
3645	0	0	0	32	0	0	32
3646	0	0	0	31	0	0	31
3647	32	0	0	0	0	0	32
3648	0	0	33	0	0	0	33
3649	0	0	32	0	0	0	32
3650	32	0	0	0	0	0	32
3651	0	0	33	0	0	0	33
3652	0	0	0	34	0	0	34
3653	35	0	0	0	0	0	35
3654	35	0	0	0	0	0	35
3655	0	35	0	0	0	0	35
3656	34	0	0	0	0	0	34
3657	34	0	0	0	0	0	34
3658	0	0	0	34	0	0	34
3659	34	0	0	0	0	0	34
3660	34	0	0	0	0	0	34
3661	0	0	0	35	0	0	35
3662	0	0	36	0	0	0	36
3663	0	0	36	0	0	0	36
3664	36	0	0	0	0	0	36
3665	36	0	0	0	0	0	36
3666	35	0	0	0	0	0	35
3667	0	0	0	35	0	0	35
3668	0	0	36	0	0	0	36
3669	0	0	35	0	0	0	35
3670	0	0	0	35	0	0	35
3671	0	0	35	0	0	0	35
3672	0	0	35	0	0	0	35
3673	35	0	0	0	0	0	35
3674	0	0	0	35	0	0	35
3675	0	35	0	0	0	0	35
3676	35	0	0	0	0	0	35
3677	0	35	0	0	0	0	35
3678	0	0	34	0	0	0	34
3679	0	34	0	0	0	0	34
3680	34	0	0	0	0	0	34
3681	0	0	32	0	0	0	32
3682	0	32	0	0	0	0	32
3683	32	0	0	0	0	0	32
3684	0	32	0	0	0	0	32
3685	0	32	0	0	0	0	32
3686	0	32	0	0	0	0	32
3687	0	0	32	0	0	0	32
3688	0	31	0	0	0	0	31
3689	0	31	0	0	0	0	31
3690	0	0	31	0	0	0	31
3691	0	0	0	31	0	0	31
3692	0	31	0	0	0	0	31
3693	0	0	31	0	0	0	31
3694	0	31	0	0	0	0	31
3695	31	0	0	0	0	0	31
3696	0	0	31	0	0	0	31
3697	31	0	0	0	0	0	31
3698	0	31	0	0	0	0	31
3699	0	0	30	0	0	0	30
3700	0	30	0	0	0	0	30
3701	0	30	0	0	0	0	30
3702	0	30	0	0	0	0	30
3703	30	0	0	0	0	0	30
3704	0	30	0	0	0	0	30
3705	0	0	31	0	0	0	31
3706	30	0	0	0	0	0	30
3707	0	30	0	0	0	0	30
3708	30	0	0	0	0	0	30
3709	0	0	30	0	0	0	30
3710	0	0	30	0	0	0	30
3711	0	0	0	30	0	0	30
3712	0	0	0	30	0	0	30
3713	0	30	0	0	0	0	30
3714	0	0	30	0	0	0	30
3715	0	30	0	0	0	0	30
3716	0	30	0	0	0	0	30
3717	0	30	0	0	0	0	30
3718	0	0	0	30	0	0	30
3719	0	0	30	0	0	0	30
3720	0	0	0	30	0	0	30
3721	0	30	0	0	0	0	30
3722	0	0	31	0	0	0	31
3723	0	0	0	32	0	0	32
3724	0	0	0	32	0	0	32
3725	0	0	32	0	0	0	32
3726	0	0	0	32	0	0	32
3727	0	0	32	0	0	0	32
3728	0	0	33	0	0	0	33
3729	0	0	0	33	0	0	33
3730	0	33	0	0	0	0	33
3731	0	0	33	0	0	0	33
3732	0	33	0	0	0	0	33
3733	33	0	0	0	0	0	33
3734	0	33	0	0	0	0	33
3735	0	33	0	0	0	0	33
3736	0	34	0	0	0	0	34
3737	0	0	0	34	0	0	34
3738	0	35	0	0	0	0	35
3739	0	0	0	36	0	0	36
3740	0	0	36	0	0	0	36
3741	0	0	37	0	0	0	37
3742	0	0	37	0	0	0	37
3743	0	36	0	0	0	0	36
3744	0	0	35	0	0	0	35
3745	0	36	0	0	0	0	36
3746	36	0	0	0	0	0	36
3747	0	37	0	0	0	0	37
3748	37	0	0	0	0	0	37
3749	0	38	0	0	0	0	38
3750	0	0	37	0	0	0	37
3751	0	0	37	0	0	0	37
3752	0	37	0	0	0	0	37
3753	0	0	37	0	0	0	37
3754	0	0	37	0	0	0	37
3755	0	0	37	0	0	0	37
3756	0	0	38	0	0	0	38
3757	38	0	0	0	0	0	38
3758	37	0	0	0	0	0	37
3759	36	0	0	0	0	0	36
3760	0	0	0	37	0	0	37
3761	0	37	0	0	0	0	37
3762	0	0	36	0	0	0	36
3763	36	0	0	0	0	0	36
3764	37	0	0	0	0	0	37
3765	0	0	37	0	0	0	37
3766	37	0	0	0	0	0	37
3767	0	37	0	0	0	0	37
3768	0	0	37	0	0	0	37
3769	37	0	0	0	0	0	37
3770	0	37	0	0	0	0	37
3771	0	0	37	0	0	0	37
3772	37	0	0	0	0	0	37
3773	37	0	0	0	0	0	37
3774	37	0	0	0	0	0	37
3775	0	0	0	38	0	0	38
3776	0	0	38	0	0	0	38
3777	0	0	38	0	0	0	38
3778	38	0	0	0	0	0	38
3779	0	0	37	0	0	0	37
3780	0	0	37	0	0	0	37
3781	0	37	0	0	0	0	37
3782	37	0	0	0	0	0	37
3783	0	0	37	0	0	0	37
3784	0	0	37	0	0	0	37
3785	37	0	0	0	0	0	37
3786	37	0	0	0	0	0	37
3787	0	37	0	0	0	0	37
3788	0	37	0	0	0	0	37
3789	0	0	37	0	0	0	37
3790	37	0	0	0	0	0	37
3791	37	0	0	0	0	0	37
3792	0	0	38	0	0	0	38
3793	38	0	0	0	0	0	38
3794	38	0	0	0	0	0	38
3795	0	0	38	0	0	0	38
3796	0	38	0	0	0	0	38
3797	0	37	0	0	0	0	37
3798	0	0	37	0	0	0	37
3799	37	0	0	0	0	0	37
3800	37	0	0	0	0	0	37
3801	36	0	0	0	0	0	36
3802	0	0	0	35	0	0	35
3803	34	0	0	0	0	0	34
3804	0	0	34	0	0	0	34
3805	34	0	0	0	0	0	34
3806	0	0	34	0	0	0	34
3807	0	0	0	33	0	0	33
3808	0	0	0	33	0	0	33
3809	0	0	33	0	0	0	33
3810	0	0	34	0	0	0	34
3811	33	0	0	0	0	0	33
3812	0	0	32	0	0	0	32
3813	0	0	31	0	0	0	31
3814	31	0	0	0	0	0	31
3815	0	33	0	0	0	0	33
3816	0	0	33	0	0	0	33
3817	0	0	34	0	0	0	34
3818	0	0	0	33	0	0	33
3819	0	33	0	0	0	0	33
3820	0	0	33	0	0	0	33
3821	33	0	0	0	0	0	33
3822	0	0	32	0	0	0	32
3823	0	32	0	0	0	0	32
3824	32	0	0	0	0	0	32
3825	32	0	0	0	0	0	32
3826	0	32	0	0	0	0	32
3827	32	0	0	0	0	0	32
3828	0	0	32	0	0	0	32
3829	0	31	0	0	0	0	31
3830	0	0	31	0	0	0	31
3831	31	0	0	0	0	0	31
3832	0	0	31	0	0	0	31
3833	31	0	0	0	0	0	31
3834	0	31	0	0	0	0	31
3835	0	0	0	31	0	0	31
3836	0	0	0	32	0	0	32
3837	0	0	0	34	0	0	34
3838	0	34	0	0	0	0	34
3839	0	0	33	0	0	0	33
3840	0	0	0	34	0	0	34
3841	0	34	0	0	0	0	34
3842	0	0	0	34	0	0	34
3843	0	0	0	34	0	0	34
3844	0	34	0	0	0	0	34
3845	34	0	0	0	0	0	34
3846	34	0	0	0	0	0	34
3847	0	33	0	0	0	0	33
3848	33	0	0	0	0	0	33
3849	34	0	0	0	0	0	34
3850	0	0	34	0	0	0	34
3851	0	0	34	0	0	0	34
3852	35	0	0	0	0	0	35
3853	0	35	0	0	0	0	35
3854	0	0	0	35	0	0	35
3855	0	34	0	0	0	0	34
3856	34	0	0	0	0	0	34
3857	34	0	0	0	0	0	34
3858	0	0	0	34	0	0	34
3859	0	34	0	0	0	0	34
3860	34	0	0	0	0	0	34
3861	35	0	0	0	0	0	35
3862	0	0	35	0	0	0	35
3863	0	0	35	0	0	0	35
3864	35	0	0	0	0	0	35
3865	0	0	0	34	0	0	34
3866	35	0	0	0	0	0	35
3867	0	0	35	0	0	0	35
3868	0	0	0	35	0	0	35
3869	0	0	0	35	0	0	35
3870	0	35	0	0	0	0	35
3871	0	35	0	0	0	0	35
3872	0	0	0	34	0	0	34
3873	0	33	0	0	0	0	33
3874	33	0	0	0	0	0	33
3875	0	0	33	0	0	0	33
3876	0	0	33	0	0	0	33
3877	33	0	0	0	0	0	33
3878	0	0	32	0	0	0	32
3879	0	33	0	0	0	0	33
3880	0	0	0	33	0	0	33
3881	0	0	33	0	0	0	33
3882	0	0	0	33	0	0	33
3883	0	33	0	0	0	0	33
3884	32	0	0	0	0	0	32
3885	0	32	0	0	0	0	32
3886	0	31	0	0	0	0	31
3887	0	0	0	32	0	0	32
3888	0	0	0	31	0	0	31
3889	0	31	0	0	0	0	31
3890	0	0	31	0	0	0	31
3891	0	0	30	0	0	0	30
3892	0	0	30	0	0	0	30
3893	0	30	0	0	0	0	30
3894	0	30	0	0	0	0	30
3895	0	0	28	0	0	0	28
3896	0	0	0	28	0	0	28
3897	0	27	0	0	0	0	27
3898	0	0	0	27	0	0	27
3899	0	26	0	0	0	0	26
3900	0	0	0	26	0	0	26
3901	26	0	0	0	0	0	26
3902	0	0	0	26	0	0	26
3903	0	26	0	0	0	0	26
3904	26	0	0	0	0	0	26
3905	0	0	26	0	0	0	26
3906	25	0	0	0	0	0	25
3907	0	0	25	0	0	0	25
3908	25	0	0	0	0	0	25
3909	0	0	25	0	0	0	25
3910	0	25	0	0	0	0	25
3911	25	0	0	0	0	0	25
3912	0	0	0	25	0	0	25
3913	0	25	0	0	0	0	25
3914	0	0	24	0	0	0	24
3915	0	24	0	0	0	0	24
3916	0	0	25	0	0	0	25
3917	0	25	0	0	0	0	25
3918	0	0	0	25	0	0	25
3919	0	0	0	25	0	0	25
3920	0	0	0	25	0	0	25
3921	0	25	0	0	0	0	25
3922	25	0	0	0	0	0	25
3923	0	0	25	0	0	0	25
3924	0	0	25	0	0	0	25
3925	0	0	0	25	0	0	25
3926	0	0	25	0	0	0	25
3927	0	0	25	0	0	0	25
3928	24	0	0	0	0	0	24
3929	0	0	24	0	0	0	24
3930	0	0	0	24	0	0	24
3931	0	0	0	23	0	0	23
3932	0	24	0	0	0	0	24
3933	0	0	0	24	0	0	24
3934	0	24	0	0	0	0	24
3935	24	0	0	0	0	0	24
3936	24	0	0	0	0	0	24
3937	24	0	0	0	0	0	24
3938	0	0	23	0	0	0	23
3939	0	24	0	0	0	0	24
3940	0	24	0	0	0	0	24
3941	0	0	0	24	0	0	24
3942	22	0	0	0	0	0	22
3943	0	22	0	0	0	0	22
3944	0	22	0	0	0	0	22
3945	22	0	0	0	0	0	22
3946	0	0	0	22	0	0	22
3947	0	0	22	0	0	0	22
3948	21	0	0	0	0	0	21
3949	21	0	0	0	0	0	21
3950	0	0	0	21	0	0	21
3951	21	0	0	0	0	0	21
3952	0	0	0	21	0	0	21
3953	21	0	0	0	0	0	21
3954	22	0	0	0	0	0	22
3955	0	0	22	0	0	0	22
3956	22	0	0	0	0	0	22
3957	0	0	0	22	0	0	22
3958	0	22	0	0	0	0	22
3959	22	0	0	0	0	0	22
3960	0	21	0	0	0	0	21
3961	22	0	0	0	0	0	22
3962	22	0	0	0	0	0	22
3963	0	0	0	22	0	0	22
3964	0	0	22	0	0	0	22
3965	0	0	20	0	0	0	20
3966	0	0	0	20	0	0	20
3967	0	19	0	0	0	0	19
3968	19	0	0	0	0	0	19
3969	19	0	0	0	0	0	19
3970	0	20	0	0	0	0	20
3971	20	0	0	0	0	0	20
3972	0	0	0	20	0	0	20
3973	20	0	0	0	0	0	20
3974	0	20	0	0	0	0	20
3975	0	0	20	0	0	0	20
3976	0	21	0	0	0	0	21
3977	0	0	0	21	0	0	21
3978	0	0	0	21	0	0	21
3979	0	21	0	0	0	0	21
3980	0	0	21	0	0	0	21
3981	0	0	0	22	0	0	22
3982	0	22	0	0	0	0	22
3983	22	0	0	0	0	0	22
3984	0	0	22	0	0	0	22
3985	0	0	0	23	0	0	23
3986	0	0	22	0	0	0	22
3987	20	0	0	0	0	0	20
3988	21	0	0	0	0	0	21
3989	0	0	0	21	0	0	21
3990	0	20	0	0	0	0	20
3991	0	20	0	0	0	0	20
3992	0	0	0	20	0	0	20
3993	0	20	0	0	0	0	20
3994	0	0	0	21	0	0	21
3995	0	0	0	21	0	0	21
3996	0	21	0	0	0	0	21
3997	0	21	0	0	0	0	21
3998	21	0	0	0	0	0	21
3999	0	20	0	0	0	0	20
4000	21	0	0	0	0	0	21
4001	0	0	21	0	0	0	21
4002	0	20	0	0	0	0	20
4003	0	0	20	0	0	0	20
4004	0	0	20	0	0	0	20
4005	21	0	0	0	0	0	21
4006	0	0	24	0	0	0	24
4007	0	0	25	0	0	0	25
4008	0	0	25	0	0	0	25
4009	0	24	0	0	0	0	24
4010	0	0	0	24	0	0	24
4011	0	23	0	0	0	0	23
4012	0	23	0	0	0	0	23
4013	23	0	0	0	0	0	23
4014	0	0	0	24	0	0	24
4015	0	25	0	0	0	0	25
4016	0	0	24	0	0	0	24
4017	0	24	0	0	0	0	24
4018	0	0	0	24	0	0	24
4019	0	0	0	24	0	0	24
4020	24	0	0	0	0	0	24
4021	0	24	0	0	0	0	24
4022	0	0	25	0	0	0	25
4023	25	0	0	0	0	0	25
4024	0	0	25	0	0	0	25
4025	0	26	0	0	0	0	26
4026	0	0	0	26	0	0	26
4027	0	0	26	0	0	0	26
4028	0	0	26	0	0	0	26
4029	25	0	0	0	0	0	25
4030	0	25	0	0	0	0	25
4031	0	26	0	0	0	0	26
4032	0	26	0	0	0	0	26
4033	0	26	0	0	0	0	26
4034	0	26	0	0	0	0	26
4035	27	0	0	0	0	0	27
4036	0	27	0	0	0	0	27
4037	0	0	0	27	0	0	27
4038	0	0	27	0	0	0	27
4039	0	26	0	0	0	0	26
4040	25	0	0	1	0	0	26
4041	26	0	0	0	0	0	26
4042	0	0	26	0	0	0	26
4043	0	26	0	0	0	0	26
4044	0	0	0	27	0	0	27
4045	0	0	0	27	0	0	27
4046	27	0	0	0	0	0	27
4047	0	27	0	0	0	0	27
4048	0	0	0	27	0	0	27
4049	27	0	0	0	0	0	27
4050	0	0	27	0	0	0	27
4051	0	0	0	28	0	0	28
4052	0	28	0	0	0	0	28
4053	0	0	0	28	0	0	28
4054	0	28	0	0	0	0	28
4055	0	28	0	0	0	0	28
4056	28	0	0	0	0	0	28
4057	28	0	0	0	0	0	28
4058	0	0	0	28	0	0	28
4059	0	28	0	0	0	0	28
4060	0	27	0	0	0	0	27
4061	27	0	0	0	0	0	27
4062	0	28	0	0	0	0	28
4063	0	28	0	0	0	0	28
4064	0	28	0	0	0	0	28
4065	0	0	0	28	0	0	28
4066	0	0	27	0	0	0	27
4067	0	27	0	0	0	0	27
4068	0	0	28	0	0	0	28
4069	0	0	0	29	0	0	29
4070	29	0	0	0	0	0	29
4071	29	0	0	0	0	0	29
4072	0	0	30	0	0	0	30
4073	0	0	0	30	0	0	30
4074	0	0	0	30	0	0	30
4075	0	29	0	0	0	0	29
4076	0	29	0	0	0	0	29
4077	0	29	0	0	0	0	29
4078	0	29	0	0	0	0	29
4079	0	0	29	0	0	0	29
4080	0	0	0	29	0	0	29
4081	0	29	0	0	0	0	29
4082	28	0	0	0	0	0	28
4083	0	28	0	0	0	0	28
4084	0	28	0	0	0	0	28
4085	28	0	0	0	0	0	28
4086	28	0	0	0	0	0	28
4087	29	0	0	0	0	0	29
4088	0	0	29	0	0	0	29
4089	0	0	28	0	0	0	28
4090	0	28	0	0	0	0	28
4091	0	0	28	0	0	0	28
4092	0	0	28	0	0	0	28
4093	0	0	28	0	0	0	28
4094	0	28	0	0	0	0	28
4095	28	0	0	0	0	0	28
4096	29	0	0	0	0	0	29
4097	0	0	30	0	0	0	30
4098	0	30	0	0	0	0	30
4099	0	0	30	0	0	0	30
4100	30	0	0	0	0	0	30
4101	0	30	0	0	0	0	30
4102	0	0	0	30	0	0	30
4103	0	0	0	30	0	0	30
4104	0	0	0	29	0	0	29
4105	0	0	0	30	0	0	30
4106	30	0	0	0	0	0	30
4107	0	0	30	0	0	0	30
4108	0	0	30	0	0	0	30
4109	0	0	30	0	0	0	30
4110	0	30	0	0	0	0	30
4111	0	0	0	29	0	0	29
4112	0	0	0	29	0	0	29
4113	0	29	0	0	0	0	29
4114	0	0	29	0	0	0	29
4115	0	29	0	0	0	0	29
4116	29	0	0	0	0	0	29
4117	0	0	30	0	0	0	30
4118	30	0	0	0	0	0	30
4119	0	0	0	31	0	0	31
4120	0	0	0	30	0	0	30
4121	30	0	0	0	0	0	30
4122	30	0	0	0	0	0	30
4123	0	30	0	0	0	0	30
4124	0	0	30	0	0	0	30
4125	0	0	30	0	0	0	30
4126	0	0	29	0	0	0	29
4127	0	0	29	0	0	0	29
4128	0	0	0	29	0	0	29
4129	29	0	0	0	0	0	29
4130	0	0	31	0	0	0	31
4131	30	0	0	0	0	0	30
4132	0	0	30	0	0	0	30
4133	0	0	0	30	0	0	30
4134	0	0	31	0	0	0	31
4135	0	0	30	0	0	0	30
4136	0	30	0	0	0	0	30
4137	30	0	0	0	0	0	30
4138	0	0	0	29	0	0	29
4139	0	0	29	0	0	0	29
4140	30	0	0	0	0	0	30
4141	0	0	0	30	0	0	30
4142	31	0	0	0	0	0	31
4143	0	31	0	0	0	0	31
4144	30	0	0	0	0	0	30
4145	0	0	0	30	0	0	30
4146	0	31	0	0	0	0	31
4147	0	31	0	0	0	0	31
4148	0	0	31	0	0	0	31
4149	31	0	0	0	0	0	31
4150	30	0	0	0	0	0	30
4151	0	0	30	0	0	0	30
4152	30	0	0	0	0	0	30
4153	0	0	0	30	0	0	30
4154	0	30	0	0	0	0	30
4155	29	0	0	0	0	0	29
4156	26	0	0	0	0	0	26
4157	0	0	1	24	0	0	25
4158	0	0	0	25	0	0	25
4159	0	0	0	25	0	0	25
4160	25	0	0	0	0	0	25
4161	0	0	25	0	0	0	25
4162	0	0	25	0	0	0	25
4163	0	25	0	0	0	0	25
4164	0	0	0	24	0	0	24
4165	0	0	23	0	0	0	23
4166	0	23	0	0	0	0	23
4167	0	0	0	23	0	0	23
4168	0	23	0	0	0	0	23
4169	0	0	0	24	0	0	24
4170	25	0	0	0	0	0	25
4171	0	25	0	0	0	0	25
4172	24	0	0	0	0	0	24
4173	25	0	0	0	0	0	25
4174	25	0	0	0	0	0	25
4175	0	0	24	0	0	0	24
4176	0	0	24	0	0	0	24
4177	0	24	0	0	0	0	24
4178	25	0	0	0	0	0	25
4179	26	0	0	0	0	0	26
4180	0	0	0	27	0	0	27
4181	0	0	26	0	0	0	26
4182	0	0	26	0	0	0	26
4183	0	0	26	0	0	0	26
4184	27	0	0	0	0	0	27
4185	0	26	0	0	0	0	26
4186	0	0	26	0	0	0	26
4187	25	0	0	0	0	0	25
4188	25	0	0	0	0	0	25
4189	0	0	25	0	0	0	25
4190	26	0	0	0	0	0	26
4191	26	0	0	0	0	0	26
4192	0	27	0	0	0	0	27
4193	0	0	27	0	0	0	27
4194	0	0	0	26	0	0	26
4195	0	0	0	26	0	0	26
4196	0	0	26	0	0	0	26
4197	0	26	0	0	0	0	26
4198	0	26	0	0	0	0	26
4199	0	0	26	0	0	0	26
4200	0	27	0	0	0	0	27
4201	0	27	0	0	0	0	27
4202	0	0	27	0	0	0	27
4203	0	0	27	0	0	0	27
4204	0	0	0	28	0	0	28
4205	0	0	0	28	0	0	28
4206	0	0	0	29	0	0	29
4207	0	29	0	0	0	0	29
4208	0	0	0	29	0	0	29
4209	0	0	0	29	0	0	29
4210	0	29	0	0	0	0	29
4211	0	29	0	0	0	0	29
4212	29	0	0	0	0	0	29
4213	29	0	0	0	0	0	29
4214	29	0	0	0	0	0	29
4215	0	0	0	29	0	0	29
4216	0	29	0	0	0	0	29
4217	0	29	0	0	0	0	29
4218	0	0	28	0	0	0	28
4219	0	0	27	0	0	0	27
4220	0	0	0	27	0	0	27
4221	0	0	0	27	0	0	27
4222	0	26	0	0	0	0	26
4223	26	0	0	0	0	0	26
4224	0	26	0	0	0	0	26
4225	0	0	0	28	0	0	28
4226	0	0	28	0	0	0	28
4227	0	0	0	28	0	0	28
4228	0	0	28	0	0	0	28
4229	0	28	0	0	0	0	28
4230	28	0	0	0	0	0	28
4231	28	0	0	0	0	0	28
4232	0	0	0	29	0	0	29
4233	0	0	0	29	0	0	29
4234	0	0	29	0	0	0	29
4235	0	29	0	0	0	0	29
4236	30	0	0	0	0	0	30
4237	0	29	0	0	0	0	29
4238	29	0	0	0	0	0	29
4239	29	0	0	0	0	0	29
4240	0	30	0	0	0	0	30
4241	0	30	0	0	0	0	30
4242	0	30	0	0	0	0	30
4243	0	0	31	0	0	0	31
4244	31	0	0	0	0	0	31
4245	31	0	0	0	0	0	31
4246	30	0	0	0	0	0	30
4247	0	0	0	30	0	0	30
4248	31	0	0	0	0	0	31
4249	0	0	32	0	0	0	32
4250	0	0	32	0	0	0	32
4251	0	0	0	32	0	0	32
4252	32	0	0	0	0	0	32
4253	0	0	32	0	0	0	32
4254	32	0	0	0	0	0	32
4255	0	0	32	0	0	0	32
4256	0	0	32	0	0	0	32
4257	0	0	32	0	0	0	32
4258	0	0	0	33	0	0	33
4259	33	0	0	0	0	0	33
4260	0	0	33	0	0	0	33
4261	0	0	0	33	0	0	33
4262	33	0	0	0	0	0	33
4263	0	33	0	0	0	0	33
4264	0	33	0	0	0	0	33
4265	0	33	0	0	0	0	33
4266	0	33	0	0	0	0	33
4267	0	32	0	0	0	0	32
4268	0	32	0	0	0	0	32
4269	0	31	0	0	0	0	31
4270	0	31	0	0	0	0	31
4271	0	31	0	0	0	0	31
4272	0	31	0	0	0	0	31
4273	0	31	0	0	0	0	31
4274	0	31	0	0	0	0	31
4275	0	31	0	0	0	0	31
4276	0	31	0	0	0	0	31
4277	0	31	0	0	0	0	31
4278	0	31	0	0	0	0	31
4279	0	31	0	0	0	0	31
4280	0	30	0	0	0	0	30
4281	0	31	0	0	0	0	31
4282	0	32	0	0	0	0	32
4283	0	32	0	0	0	0	32
4284	0	32	0	0	0	0	32
4285	0	0	0	32	0	0	32
4286	0	0	33	0	0	0	33
4287	0	0	33	0	0	0	33
4288	0	0	0	33	0	0	33
4289	0	33	0	0	0	0	33
4290	0	33	0	0	0	0	33
4291	0	33	0	0	0	0	33
4292	0	0	32	0	0	0	32
4293	32	0	0	0	0	0	32
4294	32	0	0	0	0	0	32
4295	0	32	0	0	0	0	32
4296	0	31	0	0	0	0	31
4297	0	0	31	0	0	0	31
4298	0	31	0	0	0	0	31
4299	0	31	0	0	0	0	31
4300	32	0	0	0	0	0	32
4301	0	32	0	0	0	0	32
4302	0	32	0	0	0	0	32
4303	32	0	0	0	0	0	32
4304	0	32	0	0	0	0	32
4305	0	33	0	0	0	0	33
4306	0	33	0	0	0	0	33
4307	0	0	33	0	0	0	33
4308	0	34	0	0	0	0	34
4309	0	0	35	0	0	0	35
4310	0	35	0	0	0	0	35
4311	0	35	0	0	0	0	35
4312	36	0	0	0	0	0	36
4313	36	0	0	0	0	0	36
4314	0	36	0	0	0	0	36
4315	0	36	0	0	0	0	36
4316	0	36	0	0	0	0	36
4317	0	36	0	0	0	0	36
4318	0	0	0	37	0	0	37
4319	0	36	0	0	0	0	36
4320	36	0	0	0	0	0	36
4321	37	0	0	0	0	0	37
4322	0	37	0	0	0	0	37
4323	0	36	0	0	0	0	36
4324	0	0	0	36	0	0	36
4325	0	0	0	36	0	0	36
4326	0	0	36	0	0	0	36
4327	0	0	0	36	0	0	36
4328	0	35	0	0	0	0	35
4329	0	34	0	0	0	0	34
4330	0	0	34	0	0	0	34
4331	35	0	0	0	0	0	35
4332	35	0	0	0	0	0	35
4333	35	0	0	0	0	0	35
4334	34	0	0	0	0	0	34
4335	0	0	34	0	0	0	34
4336	0	34	0	0	0	0	34
4337	34	0	0	0	0	0	34
4338	0	0	34	0	0	0	34
4339	0	0	35	0	0	0	35
4340	0	0	0	35	0	0	35
4341	0	0	0	35	0	0	35
4342	0	0	0	34	0	0	34
4343	0	0	0	35	0	0	35
4344	0	0	35	0	0	0	35
4345	0	0	36	0	0	0	36
4346	0	0	36	0	0	0	36
4347	0	0	36	0	0	0	36
4348	0	0	0	37	0	0	37
4349	0	0	0	37	0	0	37
4350	36	0	0	0	0	0	36
4351	0	0	0	35	0	0	35
4352	0	0	36	0	0	0	36
4353	36	0	0	0	0	0	36
4354	35	0	0	0	0	0	35
4355	0	0	35	0	0	0	35
4356	0	0	34	0	0	0	34
4357	0	34	0	0	0	0	34
4358	34	0	0	0	0	0	34
4359	34	0	0	0	0	0	34
4360	0	0	0	35	0	0	35
4361	0	35	0	0	0	0	35
4362	0	35	0	0	0	0	35
4363	0	0	35	0	0	0	35
4364	0	35	0	0	0	0	35
4365	35	0	0	0	0	0	35
4366	0	0	35	0	0	0	35
4367	35	0	0	0	0	0	35
4368	35	0	0	0	0	0	35
4369	0	37	0	0	0	0	37
4370	37	0	0	0	0	0	37
4371	37	0	0	0	0	0	37
4372	0	0	37	0	0	0	37
4373	37	0	0	0	0	0	37
4374	0	0	0	39	0	0	39
4375	0	0	0	37	0	0	37
4376	0	37	0	0	0	0	37
4377	0	0	0	37	0	0	37
4378	0	0	37	0	0	0	37
4379	37	0	0	0	0	0	37
4380	0	38	0	0	0	0	38
4381	0	0	38	0	0	0	38
4382	0	0	38	0	0	0	38
4383	0	38	0	0	0	0	38
4384	38	0	0	0	0	0	38
4385	0	0	38	0	0	0	38
4386	37	0	0	0	0	0	37
4387	0	0	37	0	0	0	37
4388	37	0	0	0	0	0	37
4389	38	0	0	0	0	0	38
4390	0	0	0	37	0	0	37
4391	0	0	37	0	0	0	37
4392	37	0	0	0	0	0	37
4393	0	0	0	36	0	0	36
4394	36	0	0	0	0	0	36
4395	0	0	36	0	0	0	36
4396	36	0	0	0	0	0	36
4397	35	0	0	0	0	0	35
4398	34	0	0	0	0	0	34
4399	0	0	0	34	0	0	34
4400	34	0	0	0	0	0	34
4401	0	0	0	34	0	0	34
4402	0	34	0	0	0	0	34
4403	0	0	34	0	0	0	34
4404	34	0	0	0	0	0	34
4405	0	33	0	0	0	0	33
4406	0	0	0	34	0	0	34
4407	0	35	0	0	0	0	35
4408	0	0	0	34	0	0	34
4409	0	34	0	0	0	0	34
4410	0	0	34	0	0	0	34
4411	34	0	0	0	0	0	34
4412	0	36	0	0	0	0	36
4413	0	37	0	0	0	0	37
4414	0	0	38	0	0	0	38
4415	0	38	0	0	0	0	38
4416	0	0	0	38	0	0	38
4417	38	0	0	0	0	0	38
4418	39	0	0	0	0	0	39
4419	39	0	0	0	0	0	39
4420	0	0	0	39	0	0	39
4421	0	0	0	39	0	0	39
4422	0	0	0	39	0	0	39
4423	0	0	0	39	0	0	39
4424	0	0	40	0	0	0	40
4425	0	0	0	40	0	0	40
4426	0	0	0	40	0	0	40
4427	0	0	0	40	0	0	40
4428	0	40	0	0	0	0	40
4429	0	0	40	0	0	0	40
4430	40	0	0	0	0	0	40
4431	0	0	0	39	0	0	39
4432	0	0	38	0	0	0	38
4433	0	0	0	38	0	0	38
4434	37	0	0	0	0	0	37
4435	0	0	0	37	0	0	37
4436	36	0	0	0	0	0	36
4437	36	0	0	0	0	0	36
4438	0	0	36	0	0	0	36
4439	0	0	0	36	0	0	36
4440	0	0	35	0	0	0	35
4441	0	0	37	0	0	0	37
4442	0	0	37	0	0	0	37
4443	37	0	0	0	0	0	37
4444	37	0	0	0	0	0	37
4445	0	0	37	0	0	0	37
4446	38	0	0	0	0	0	38
4447	0	0	0	38	0	0	38
4448	0	0	38	0	0	0	38
4449	39	0	0	0	0	0	39
4450	0	0	38	0	0	0	38
4451	38	0	0	0	0	0	38
4452	38	0	0	0	0	0	38
4453	38	0	0	0	0	0	38
4454	0	0	0	38	0	0	38
4455	0	0	38	0	0	0	38
4456	0	0	38	0	0	0	38
4457	0	0	38	0	0	0	38
4458	37	0	0	0	0	0	37
4459	0	36	0	0	0	0	36
4460	36	0	0	0	0	0	36
4461	36	0	0	0	0	0	36
4462	36	0	0	0	0	0	36
4463	0	0	36	0	0	0	36
4464	0	0	0	37	0	0	37
4465	0	37	0	0	0	0	37
4466	37	0	0	0	0	0	37
4467	37	0	0	0	0	0	37
4468	0	36	0	0	0	0	36
4469	0	36	0	0	0	0	36
4470	0	0	0	35	0	0	35
4471	0	34	0	0	0	0	34
4472	0	34	0	0	0	0	34
4473	35	0	0	0	0	0	35
4474	35	0	0	0	0	0	35
4475	0	0	35	0	0	0	35
4476	0	35	0	0	0	0	35
4477	0	0	0	35	0	0	35
4478	0	0	35	0	0	0	35
4479	0	0	35	0	0	0	35
4480	0	0	0	34	0	0	34
4481	0	0	0	33	0	0	33
4482	33	0	0	0	0	0	33
4483	0	0	0	33	0	0	33
4484	0	0	0	33	0	0	33
4485	0	33	0	0	0	0	33
4486	0	0	0	33	0	0	33
4487	0	33	0	0	0	0	33
4488	0	0	33	0	0	0	33
4489	33	0	0	0	0	0	33
4490	32	0	0	0	0	0	32
4491	32	0	0	0	0	0	32
4492	0	0	0	32	0	0	32
4493	0	0	31	0	0	0	31
4494	31	0	0	0	0	0	31
4495	0	0	0	30	0	0	30
4496	0	30	0	0	0	0	30
4497	0	0	30	0	0	0	30
4498	0	0	29	0	0	0	29
4499	0	31	0	0	0	0	31
4500	0	0	31	0	0	0	31
4501	0	0	31	0	0	0	31
4502	0	0	0	30	0	0	30
4503	0	0	30	0	0	0	30
4504	0	0	0	30	0	0	30
4505	30	0	0	0	0	0	30
4506	0	0	0	30	0	0	30
4507	0	0	31	0	0	0	31
4508	0	0	31	0	0	0	31
4509	31	0	0	0	0	0	31
4510	30	0	0	0	0	0	30
4511	30	0	0	0	0	0	30
4512	0	29	0	0	0	0	29
4513	29	0	0	0	0	0	29
4514	0	0	0	29	0	0	29
4515	29	0	0	0	0	0	29
4516	0	29	0	0	0	0	29
4517	0	29	0	0	0	0	29
4518	0	0	0	30	0	0	30
4519	0	29	0	0	0	0	29
4520	30	0	0	0	0	0	30
4521	0	31	0	0	0	0	31
4522	0	0	0	31	0	0	31
4523	31	0	0	0	0	0	31
4524	0	0	0	29	0	0	29
4525	0	0	0	30	0	0	30
4526	0	30	0	0	0	0	30
4527	0	30	0	0	0	0	30
4528	30	0	0	0	0	0	30
4529	0	0	30	0	0	0	30
4530	0	29	0	0	0	0	29
4531	30	0	0	0	0	0	30
4532	0	0	29	0	0	0	29
4533	29	0	0	0	0	0	29
4534	0	29	0	0	0	0	29
4535	29	0	0	0	0	0	29
4536	29	0	0	0	0	0	29
4537	29	0	0	0	0	0	29
4538	0	0	29	0	0	0	29
4539	0	0	28	0	0	0	28
4540	28	0	0	0	0	0	28
4541	30	0	0	0	0	0	30
4542	30	0	0	0	0	0	30
4543	30	0	0	0	0	0	30
4544	0	0	0	30	0	0	30
4545	0	0	0	30	0	0	30
4546	0	0	0	30	0	0	30
4547	0	30	0	0	0	0	30
4548	30	0	0	0	0	0	30
4549	0	0	0	29	0	0	29
4550	0	0	29	0	0	0	29
4551	0	0	0	29	0	0	29
4552	0	29	0	0	0	0	29
4553	0	0	0	29	0	0	29
4554	29	0	0	0	0	0	29
4555	0	0	0	29	0	0	29
4556	0	28	0	0	0	0	28
4557	0	0	0	28	0	0	28
4558	0	0	0	28	0	0	28
4559	0	0	28	0	0	0	28
4560	28	0	0	0	0	0	28
4561	28	0	0	0	0	0	28
4562	0	0	26	0	0	0	26
4563	0	25	0	0	0	0	25
4564	0	0	0	25	0	0	25
4565	0	0	25	0	0	0	25
4566	26	0	0	0	0	0	26
4567	0	0	0	26	0	0	26
4568	0	0	25	0	0	0	25
4569	0	0	25	0	0	0	25
4570	0	0	0	25	0	0	25
4571	0	0	25	0	0	0	25
4572	26	0	0	0	0	0	26
4573	26	0	0	0	0	0	26
4574	0	0	0	25	0	0	25
4575	0	0	0	25	0	0	25
4576	0	0	0	25	0	0	25
4577	0	0	25	0	0	0	25
4578	0	0	0	25	0	0	25
4579	0	25	0	0	0	0	25
4580	0	0	26	0	0	0	26
4581	0	0	0	26	0	0	26
4582	0	0	0	26	0	0	26
4583	26	0	0	0	0	0	26
4584	26	0	0	0	0	0	26
4585	0	0	27	0	0	0	27
4586	0	28	0	0	0	0	28
4587	28	0	0	0	0	0	28
4588	0	0	0	28	0	0	28
4589	28	0	0	0	0	0	28
4590	0	0	0	28	0	0	28
4591	0	0	0	26	0	0	26
4592	0	0	26	0	0	0	26
4593	0	0	26	0	0	0	26
4594	0	27	0	0	0	0	27
4595	0	0	27	0	0	0	27
4596	0	0	26	0	0	0	26
4597	0	26	0	0	0	0	26
4598	0	0	26	0	0	0	26
4599	25	0	0	0	0	0	25
4600	0	0	0	25	0	0	25
4601	0	25	0	0	0	0	25
4602	0	0	0	25	0	0	25
4603	0	0	25	0	0	0	25
4604	0	0	26	0	0	0	26
4605	25	0	0	0	0	0	25
4606	0	0	0	25	0	0	25
4607	0	0	26	0	0	0	26
4608	0	0	26	0	0	0	26
4609	0	0	0	26	0	0	26
4610	26	0	0	0	0	0	26
4611	0	0	26	0	0	0	26
4612	0	0	0	26	0	0	26
4613	0	0	0	27	0	0	27
4614	0	0	26	0	0	0	26
4615	0	0	26	0	0	0	26
4616	0	26	0	0	0	0	26
4617	0	0	0	26	0	0	26
4618	0	0	0	26	0	0	26
4619	0	0	26	0	0	0	26
4620	0	0	27	0	0	0	27
4621	0	27	0	0	0	0	27
4622	27	0	0	0	0	0	27
4623	26	0	0	0	0	0	26
4624	0	0	0	26	0	0	26
4625	26	0	0	0	0	0	26
4626	0	0	0	26	0	0	26
4627	0	0	0	26	0	0	26
4628	0	0	26	0	0	0	26
4629	0	26	0	0	0	0	26
4630	0	26	0	0	0	0	26
4631	0	0	0	27	0	0	27
4632	27	0	0	0	0	0	27
4633	0	0	0	27	0	0	27
4634	0	0	29	0	0	0	29
4635	29	0	0	0	0	0	29
4636	0	0	0	31	0	0	31
4637	0	0	31	0	0	0	31
4638	0	0	0	31	0	0	31
4639	0	30	0	0	0	0	30
4640	0	0	0	31	0	0	31
4641	0	31	0	0	0	0	31
4642	0	0	31	0	0	0	31
4643	0	31	0	0	0	0	31
4644	31	0	0	0	0	0	31
4645	0	0	31	0	0	0	31
4646	0	31	0	0	0	0	31
4647	0	0	31	0	0	0	31
4648	0	31	0	0	0	0	31
4649	0	0	29	0	0	0	29
4650	0	0	29	0	0	0	29
4651	0	0	0	30	0	0	30
4652	0	0	0	31	0	0	31
4653	0	0	32	0	0	0	32
4654	0	0	32	0	0	0	32
4655	33	0	0	0	0	0	33
4656	0	33	0	0	0	0	33
4657	32	0	0	0	0	0	32
4658	0	0	32	0	0	0	32
4659	0	0	0	32	0	0	32
4660	0	0	32	0	0	0	32
4661	0	0	32	0	0	0	32
4662	0	0	33	0	0	0	33
4663	0	0	34	0	0	0	34
4664	35	0	0	0	0	0	35
4665	35	0	0	0	0	0	35
4666	0	0	0	35	0	0	35
4667	0	0	0	35	0	0	35
4668	34	0	0	0	0	0	34
4669	0	33	0	0	0	0	33
4670	32	0	0	0	0	0	32
4671	32	0	0	0	0	0	32
4672	33	0	0	0	0	0	33
4673	0	0	34	0	0	0	34
4674	0	0	34	0	0	0	34
4675	0	0	0	33	0	0	33
4676	0	0	0	34	0	0	34
4677	0	0	34	0	0	0	34
4678	0	0	0	34	0	0	34
4679	34	0	0	0	0	0	34
4680	34	0	0	0	0	0	34
4681	0	0	33	0	0	0	33
4682	35	0	0	0	0	0	35
4683	0	0	0	35	0	0	35
4684	0	0	0	35	0	0	35
4685	35	0	0	0	0	0	35
4686	35	0	0	0	0	0	35
4687	0	0	37	0	0	0	37
4688	37	0	0	0	0	0	37
4689	37	0	0	0	0	0	37
4690	0	37	0	0	0	0	37
4691	0	0	0	35	0	0	35
4692	0	0	0	35	0	0	35
4693	0	0	0	35	0	0	35
4694	0	35	0	0	0	0	35
4695	35	0	0	0	0	0	35
4696	35	0	0	0	0	0	35
4697	35	0	0	0	0	0	35
4698	0	35	0	0	0	0	35
4699	0	35	0	0	0	0	35
4700	35	0	0	0	0	0	35
4701	36	0	0	0	0	0	36
4702	0	37	0	0	0	0	37
4703	37	0	0	0	0	0	37
4704	0	37	0	0	0	0	37
4705	37	0	0	0	0	0	37
4706	37	0	0	0	0	0	37
4707	0	36	0	0	0	0	36
4708	0	0	0	36	0	0	36
4709	0	0	0	36	0	0	36
4710	0	0	0	37	0	0	37
4711	0	0	0	37	0	0	37
4712	0	0	37	0	0	0	37
4713	0	0	0	38	0	0	38
4714	37	0	0	0	0	0	37
4715	0	0	37	0	0	0	37
4716	0	37	0	0	0	0	37
4717	0	0	37	0	0	0	37
4718	0	0	37	0	0	0	37
4719	0	0	37	0	0	0	37
4720	0	0	37	0	0	0	37
4721	0	38	0	0	0	0	38
4722	37	0	0	0	0	0	37
4723	0	37	0	0	0	0	37
4724	0	37	0	0	0	0	37
4725	0	38	0	0	0	0	38
4726	0	0	38	0	0	0	38
4727	0	0	38	0	0	0	38
4728	38	0	0	0	0	0	38
4729	0	0	0	39	0	0	39
4730	0	0	37	0	0	0	37
4731	0	38	0	0	0	0	38
4732	0	0	0	38	0	0	38
4733	39	0	0	0	0	0	39
4734	39	0	0	0	0	0	39
4735	0	0	38	0	0	0	38
4736	37	0	0	0	0	0	37
4737	0	0	0	37	0	0	37
4738	0	0	37	0	0	0	37
4739	38	0	0	0	0	0	38
4740	38	0	0	0	0	0	38
4741	0	0	0	38	0	0	38
4742	0	0	38	0	0	0	38
4743	0	0	38	0	0	0	38
4744	0	0	0	37	0	0	37
4745	37	0	0	0	0	0	37
4746	37	0	0	0	0	0	37
4747	37	0	0	0	0	0	37
4748	39	0	0	0	0	0	39
4749	0	40	0	0	0	0	40
4750	0	0	0	41	0	0	41
4751	0	0	0	41	0	0	41
4752	0	0	0	42	0	0	42
4753	0	42	0	0	0	0	42
4754	0	0	43	0	0	0	43
4755	43	0	0	0	0	0	43
4756	0	43	0	0	0	0	43
4757	42	0	0	0	0	0	42
4758	42	0	0	0	0	0	42
4759	0	0	0	42	0	0	42
4760	0	0	42	0	0	0	42
4761	0	43	0	0	0	0	43
4762	0	42	0	0	0	0	42
4763	0	43	0	0	0	0	43
4764	0	0	44	0	0	0	44
4765	0	0	44	0	0	0	44
4766	0	0	44	0	0	0	44
4767	0	44	0	0	0	0	44
4768	44	0	0	0	0	0	44
4769	0	0	44	0	0	0	44
4770	0	0	0	43	0	0	43
4771	43	0	0	0	0	0	43
4772	0	0	43	0	0	0	43
4773	43	0	0	0	0	0	43
4774	43	0	0	0	0	0	43
4775	0	0	43	0	0	0	43
4776	0	0	0	44	0	0	44
4777	44	0	0	0	0	0	44
4778	0	0	44	0	0	0	44
4779	44	0	0	0	0	0	44
4780	0	0	0	44	0	0	44
4781	0	0	0	43	0	0	43
4782	0	0	43	0	0	0	43
4783	0	0	43	0	0	0	43
4784	0	0	0	41	0	0	41
4785	0	0	0	41	0	0	41
4786	0	39	0	0	0	0	39
4787	0	0	40	0	0	0	40
4788	0	40	0	0	0	0	40
4789	0	0	0	40	0	0	40
4790	0	0	0	39	0	0	39
4791	0	39	0	0	0	0	39
4792	0	39	0	0	0	0	39
4793	0	0	0	39	0	0	39
4794	0	0	0	39	0	0	39
4795	0	39	0	0	0	0	39
4796	0	0	40	0	0	0	40
4797	40	0	0	0	0	0	40
4798	40	0	0	0	0	0	40
4799	0	40	0	0	0	0	40
4800	0	0	0	40	0	0	40
4801	39	0	0	0	0	0	39
4802	0	0	38	0	0	0	38
4803	38	0	0	0	0	0	38
4804	38	0	0	0	0	0	38
4805	0	0	0	37	0	0	37
4806	0	0	38	0	0	0	38
4807	0	0	0	38	0	0	38
4808	0	0	38	0	0	0	38
4809	39	0	0	0	0	0	39
4810	0	0	0	39	0	0	39
4811	0	0	39	0	0	0	39
4812	38	0	0	0	0	0	38
4813	0	0	0	37	0	0	37
4814	0	0	36	0	0	0	36
4815	36	0	0	0	0	0	36
4816	36	0	0	0	0	0	36
4817	0	0	37	0	0	0	37
4818	37	0	0	0	0	0	37
4819	0	0	37	0	0	0	37
4820	0	0	38	0	0	0	38
4821	0	0	37	0	0	0	37
4822	36	0	0	0	0	0	36
4823	35	0	0	0	0	0	35
4824	0	0	35	0	0	0	35
4825	0	35	0	0	0	0	35
4826	0	0	0	34	0	0	34
4827	0	0	34	0	0	0	34
4828	0	0	35	0	0	0	35
4829	36	0	0	0	0	0	36
4830	0	0	0	37	0	0	37
4831	0	0	37	0	0	0	37
4832	36	0	0	0	0	0	36
4833	0	0	0	37	0	0	37
4834	0	0	0	38	0	0	38
4835	0	0	0	38	0	0	38
4836	38	0	0	0	0	0	38
4837	0	0	0	37	0	0	37
4838	0	37	0	0	0	0	37
4839	0	37	0	0	0	0	37
4840	0	37	0	0	0	0	37
4841	0	37	0	0	0	0	37
4842	0	37	0	0	0	0	37
4843	0	37	0	0	0	0	37
4844	0	38	0	0	0	0	38
4845	0	38	0	0	0	0	38
4846	0	0	38	0	0	0	38
4847	38	0	0	0	0	0	38
4848	0	0	0	38	0	0	38
4849	0	38	0	0	0	0	38
4850	0	38	0	0	0	0	38
4851	37	0	0	0	0	0	37
4852	0	0	36	0	0	0	36
4853	36	0	0	0	0	0	36
4854	36	0	0	0	0	0	36
4855	0	0	37	0	0	0	37
4856	0	0	39	0	0	0	39
4857	39	0	0	0	0	0	39
4858	0	0	0	39	0	0	39
4859	0	0	39	0	0	0	39
4860	0	38	0	0	0	0	38
4861	0	38	0	0	0	0	38
4862	0	0	0	38	0	0	38
4863	0	38	0	0	0	0	38
4864	0	38	0	0	0	0	38
4865	0	0	0	38	0	0	38
4866	38	0	0	0	0	0	38
4867	0	0	0	38	0	0	38
4868	38	0	0	0	0	0	38
4869	38	0	0	0	0	0	38
4870	0	0	0	38	0	0	38
4871	0	0	0	37	0	0	37
4872	37	0	0	0	0	0	37
4873	0	37	0	0	0	0	37
4874	38	0	0	0	0	0	38
4875	0	37	0	0	0	0	37
4876	0	37	0	0	0	0	37
4877	0	0	37	0	0	0	37
4878	0	0	0	39	0	0	39
4879	0	0	0	39	0	0	39
4880	0	0	0	39	0	0	39
4881	0	39	0	0	0	0	39
4882	39	0	0	0	0	0	39
4883	0	0	0	38	0	0	38
4884	38	0	0	0	0	0	38
4885	0	38	0	0	0	0	38
4886	0	0	38	0	0	0	38
4887	0	0	38	0	0	0	38
4888	38	0	0	0	0	0	38
4889	38	0	0	0	0	0	38
4890	38	0	0	0	0	0	38
4891	0	0	0	38	0	0	38
4892	0	0	0	38	0	0	38
4893	38	0	0	0	0	0	38
4894	0	0	0	38	0	0	38
4895	38	0	0	0	0	0	38
4896	0	39	0	0	0	0	39
4897	0	0	39	0	0	0	39
4898	0	0	38	0	0	0	38
4899	37	0	0	0	0	0	37
4900	0	0	36	0	0	0	36
4901	36	0	0	0	0	0	36
4902	35	0	0	0	0	0	35
4903	0	0	36	0	0	0	36
4904	0	0	0	34	0	0	34
4905	34	0	0	0	0	0	34
4906	0	34	0	0	0	0	34
4907	0	0	0	34	0	0	34
4908	0	0	35	0	0	0	35
4909	0	0	0	35	0	0	35
4910	0	0	35	0	0	0	35
4911	34	0	0	0	0	0	34
4912	0	0	35	0	0	0	35
4913	0	0	0	33	0	0	33
4914	0	0	33	0	0	0	33
4915	0	0	33	0	0	0	33
4916	0	0	33	0	0	0	33
4917	0	0	34	0	0	0	34
4918	34	0	0	0	0	0	34
4919	0	0	35	0	0	0	35
4920	0	35	0	0	0	0	35
4921	0	36	0	0	0	0	36
4922	36	0	0	0	0	0	36
4923	0	0	0	36	0	0	36
4924	0	0	0	36	0	0	36
4925	0	0	0	36	0	0	36
4926	0	35	0	0	0	0	35
4927	0	0	0	35	0	0	35
4928	0	0	36	0	0	0	36
4929	0	0	0	36	0	0	36
4930	0	0	0	36	0	0	36
4931	0	0	0	36	0	0	36
4932	0	36	0	0	0	0	36
4933	0	0	0	36	0	0	36
4934	36	0	0	0	0	0	36
4935	0	0	0	36	0	0	36
4936	36	0	0	0	0	0	36
4937	0	0	35	0	0	0	35
4938	35	0	0	0	0	0	35
4939	0	0	0	35	0	0	35
4940	0	0	35	0	0	0	35
4941	35	0	0	0	0	0	35
4942	35	0	0	0	0	0	35
4943	0	0	35	0	0	0	35
4944	36	0	0	0	0	0	36
4945	0	0	0	37	0	0	37
4946	36	0	0	0	0	0	36
4947	36	0	0	0	0	0	36
4948	0	0	0	36	0	0	36
4949	0	0	36	0	0	0	36
4950	38	0	0	0	0	0	38
4951	0	0	39	0	0	0	39
4952	0	0	39	0	0	0	39
4953	0	0	38	0	0	0	38
4954	0	0	38	0	0	0	38
4955	0	0	0	39	0	0	39
4956	39	0	0	0	0	0	39
4957	0	0	0	39	0	0	39
4958	0	0	39	0	0	0	39
4959	0	38	0	0	0	0	38
4960	38	0	0	0	0	0	38
4961	0	38	0	0	0	0	38
4962	0	38	0	0	0	0	38
4963	38	0	0	0	0	0	38
4964	38	0	0	0	0	0	38
4965	0	0	38	0	0	0	38
4966	38	0	0	0	0	0	38
4967	37	0	0	0	0	0	37
4968	0	0	38	0	0	0	38
4969	38	0	0	0	0	0	38
4970	37	0	0	0	0	0	37
4971	0	0	0	37	0	0	37
4972	37	0	0	0	0	0	37
4973	0	38	0	0	0	0	38
4974	0	38	0	0	0	0	38
4975	0	0	39	0	0	0	39
4976	0	40	0	0	0	0	40
4977	0	0	40	0	0	0	40
4978	0	0	0	39	0	0	39
4979	38	0	0	0	0	0	38
4980	38	0	0	0	0	0	38
4981	0	0	38	0	0	0	38
4982	0	0	37	0	0	0	37
4983	0	0	36	0	0	0	36
4984	0	0	36	0	0	0	36
4985	0	0	36	0	0	0	36
4986	36	0	0	0	0	0	36
4987	35	0	0	0	0	0	35
4988	35	0	0	0	0	0	35
4989	0	35	0	0	0	0	35
4990	0	0	35	0	0	0	35
4991	35	0	0	0	0	0	35
4992	0	35	0	0	0	0	35
4993	0	0	36	0	0	0	36
4994	0	35	0	0	0	0	35
4995	0	0	35	0	0	0	35
4996	0	0	35	0	0	0	35
4997	0	0	0	36	0	0	36
4998	0	36	0	0	0	0	36
4999	36	0	0	0	0	0	36
5000	0	0	36	0	0	0	36
5001	36	0	0	0	0	0	36
5002	0	0	0	36	0	0	36
5003	0	36	0	0	0	0	36
5004	0	36	0	0	0	0	36
5005	0	0	35	0	0	0	35
5006	0	0	33	0	0	0	33
5007	33	0	0	0	0	0	33
5008	0	0	33	0	0	0	33
5009	33	0	0	0	0	0	33
5010	33	0	0	0	0	0	33
5011	0	0	33	0	0	0	33
5012	0	0	33	0	0	0	33
5013	32	0	0	0	0	0	32
5014	0	0	0	32	0	0	32
5015	0	0	0	32	0	0	32
5016	31	0	0	0	0	0	31
5017	0	31	0	0	0	0	31
5018	0	0	0	32	0	0	32
5019	0	32	0	0	0	0	32
5020	0	32	0	0	0	0	32
5021	0	0	33	0	0	0	33
5022	33	0	0	0	0	0	33
5023	33	0	0	0	0	0	33
5024	32	0	0	0	0	0	32
5025	33	0	0	0	0	0	33
5026	0	33	0	0	0	0	33
5027	33	0	0	0	0	0	33
5028	31	0	0	0	0	0	31
5029	30	0	0	0	0	0	30
5030	0	30	0	0	0	0	30
5031	0	29	0	0	0	0	29
5032	0	29	0	0	0	0	29
5033	0	29	0	0	0	0	29
5034	29	0	0	0	0	0	29
5035	0	0	29	0	0	0	29
5036	29	0	0	0	0	0	29
5037	29	0	0	0	0	0	29
5038	0	0	29	0	0	0	29
5039	0	0	28	0	0	0	28
5040	28	0	0	0	0	0	28
5041	28	0	0	0	0	0	28
5042	28	0	0	0	0	0	28
5043	29	0	0	0	0	0	29
5044	0	29	0	0	0	0	29
5045	0	0	0	29	0	0	29
5046	0	0	28	0	0	0	28
5047	0	0	28	0	0	0	28
5048	0	0	0	27	0	0	27
5049	0	0	0	27	0	0	27
5050	0	0	0	27	0	0	27
5051	27	0	0	0	0	0	27
5052	0	27	0	0	0	0	27
5053	0	0	0	26	0	0	26
5054	0	0	26	0	0	0	26
5055	27	0	0	0	0	0	27
5056	27	0	0	0	0	0	27
5057	0	27	0	0	0	0	27
5058	0	26	0	0	0	0	26
5059	0	26	0	0	0	0	26
5060	0	26	0	0	0	0	26
5061	0	0	0	26	0	0	26
5062	0	0	25	0	0	0	25
5063	0	0	25	0	0	0	25
5064	24	0	0	0	0	0	24
5065	0	0	0	24	0	0	24
5066	0	25	0	0	0	0	25
5067	0	25	0	0	0	0	25
5068	25	0	0	0	0	0	25
5069	0	0	24	0	0	0	24
5070	0	0	25	0	0	0	25
5071	0	0	0	24	0	0	24
5072	24	0	0	0	0	0	24
5073	24	0	0	0	0	0	24
5074	26	0	0	0	0	0	26
5075	26	0	0	0	0	0	26
5076	0	0	0	27	0	0	27
5077	27	0	0	0	0	0	27
5078	0	0	26	0	0	0	26
5079	26	0	0	0	0	0	26
5080	0	26	0	0	0	0	26
5081	26	0	0	0	0	0	26
5082	0	0	26	0	0	0	26
5083	27	0	0	0	0	0	27
5084	0	0	27	0	0	0	27
5085	28	0	0	0	0	0	28
5086	29	0	0	0	0	0	29
5087	30	0	0	0	0	0	30
5088	0	0	30	0	0	0	30
5089	30	0	0	0	0	0	30
5090	0	30	0	0	0	0	30
5091	30	0	0	0	0	0	30
5092	30	0	0	0	0	0	30
5093	0	30	0	0	0	0	30
5094	0	0	0	29	0	0	29
5095	0	28	0	0	0	0	28
5096	0	0	28	0	0	0	28
5097	0	0	0	28	0	0	28
5098	0	0	0	29	0	0	29
5099	30	0	0	0	0	0	30
5100	28	0	0	0	0	0	28
5101	28	0	0	0	0	0	28
5102	28	0	0	0	0	0	28
5103	0	29	0	0	0	0	29
5104	0	0	0	29	0	0	29
5105	0	28	0	0	0	0	28
5106	0	27	0	0	0	0	27
5107	27	0	0	0	0	0	27
5108	0	0	0	27	0	0	27
5109	0	27	0	0	0	0	27
5110	0	0	0	27	0	0	27
5111	0	27	0	0	0	0	27
5112	0	27	0	0	0	0	27
5113	0	0	27	0	0	0	27
5114	0	0	28	0	0	0	28
5115	28	0	0	0	0	0	28
5116	0	0	0	28	0	0	28
5117	0	0	28	0	0	0	28
5118	0	0	0	27	0	0	27
5119	0	0	28	0	0	0	28
5120	0	0	0	28	0	0	28
5121	0	29	0	0	0	0	29
5122	29	0	0	0	0	0	29
5123	0	0	28	0	0	0	28
5124	28	0	0	0	0	0	28
5125	0	0	0	27	0	0	27
5126	0	0	26	0	0	0	26
5127	27	0	0	0	0	0	27
5128	0	0	0	27	0	0	27
5129	0	0	27	0	0	0	27
5130	0	0	26	0	0	0	26
5131	0	0	0	26	0	0	26
5132	0	0	0	26	0	0	26
5133	0	26	0	0	0	0	26
5134	0	0	0	25	0	0	25
5135	0	0	25	0	0	0	25
5136	25	0	0	0	0	0	25
5137	0	25	0	0	0	0	25
5138	25	0	0	0	0	0	25
5139	25	0	0	0	0	0	25
5140	0	25	0	0	0	0	25
5141	0	0	25	0	0	0	25
5142	0	0	25	0	0	0	25
5143	0	0	0	24	0	0	24
5144	0	0	24	0	0	0	24
5145	24	0	0	0	0	0	24
5146	24	0	0	0	0	0	24
5147	0	1	22	0	0	0	23
5148	24	0	0	0	0	0	24
5149	0	0	0	25	0	0	25
5150	0	0	0	25	0	0	25
5151	0	25	0	0	0	0	25
5152	0	0	25	0	0	0	25
5153	25	0	0	0	0	0	25
5154	0	0	0	25	0	0	25
5155	0	0	0	25	0	0	25
5156	0	25	0	0	0	0	25
5157	0	26	0	0	0	0	26
5158	0	0	0	27	0	0	27
5159	29	0	0	0	0	0	29
5160	0	0	0	29	0	0	29
5161	0	29	0	0	0	0	29
5162	0	0	29	0	0	0	29
5163	29	0	0	0	0	0	29
5164	0	0	0	29	0	0	29
5165	0	29	0	0	0	0	29
5166	0	0	0	29	0	0	29
5167	0	30	0	0	0	0	30
5168	29	0	0	0	0	0	29
5169	0	0	0	29	0	0	29
5170	0	29	0	0	0	0	29
5171	0	0	28	0	0	0	28
5172	28	0	0	0	0	0	28
5173	28	0	0	0	0	0	28
5174	28	0	0	0	0	0	28
5175	27	0	0	0	0	0	27
5176	0	0	27	0	0	0	27
5177	0	0	27	0	0	0	27
5178	0	0	0	28	0	0	28
5179	0	0	0	28	0	0	28
5180	29	0	0	0	0	0	29
5181	30	0	0	0	0	0	30
5182	0	0	30	0	0	0	30
5183	30	0	0	0	0	0	30
5184	30	0	0	0	0	0	30
5185	30	0	0	0	0	0	30
5186	0	0	30	0	0	0	30
5187	0	0	30	0	0	0	30
5188	30	0	0	0	0	0	30
5189	0	0	30	0	0	0	30
5190	30	0	0	0	0	0	30
5191	0	0	30	0	0	0	30
5192	30	0	0	0	0	0	30
5193	29	0	0	0	0	0	29
5194	0	0	29	0	0	0	29
5195	0	29	0	0	0	0	29
5196	0	0	0	29	0	0	29
5197	0	0	29	0	0	0	29
5198	0	0	30	0	0	0	30
5199	30	0	0	0	0	0	30
5200	0	31	0	0	0	0	31
5201	0	31	0	0	0	0	31
5202	0	31	0	0	0	0	31
5203	31	0	0	0	0	0	31
5204	31	0	0	0	0	0	31
5205	0	0	0	30	0	0	30
5206	0	0	30	0	0	0	30
5207	0	30	0	0	0	0	30
5208	31	0	0	0	0	0	31
5209	0	0	31	0	0	0	31
5210	0	32	0	0	0	0	32
5211	33	0	0	0	0	0	33
5212	33	0	0	0	0	0	33
5213	0	35	0	0	0	0	35
5214	0	0	0	35	0	0	35
5215	0	35	0	0	0	0	35
5216	0	0	34	0	0	0	34
5217	33	0	0	0	0	0	33
5218	0	0	33	0	0	0	33
5219	0	0	0	33	0	0	33
5220	32	0	0	0	0	0	32
5221	0	0	0	32	0	0	32
5222	0	0	32	0	0	0	32
5223	32	0	0	0	0	0	32
5224	0	30	0	0	0	0	30
5225	30	0	0	0	0	0	30
5226	30	0	0	0	0	0	30
5227	0	0	30	0	0	0	30
5228	0	0	0	30	0	0	30
5229	30	0	0	0	0	0	30
5230	0	0	0	30	0	0	30
5231	30	0	0	0	0	0	30
5232	0	0	30	0	0	0	30
5233	0	0	29	0	0	0	29
5234	0	0	0	30	0	0	30
5235	29	0	0	0	0	0	29
5236	0	0	0	28	0	0	28
5237	29	0	0	0	0	0	29
5238	29	0	0	0	0	0	29
5239	29	0	0	0	0	0	29
5240	29	0	0	0	0	0	29
5241	0	0	29	0	0	0	29
5242	0	29	0	0	0	0	29
5243	0	29	0	0	0	0	29
5244	0	0	29	0	0	0	29
5245	0	0	0	29	0	0	29
5246	29	0	0	0	0	0	29
5247	0	30	0	0	0	0	30
5248	0	0	0	29	0	0	29
5249	0	0	28	0	0	0	28
5250	0	0	0	29	0	0	29
5251	0	0	28	0	0	0	28
5252	0	0	28	0	0	0	28
5253	27	0	0	0	0	0	27
5254	27	0	0	0	0	0	27
5255	0	27	0	0	0	0	27
5256	0	0	0	27	0	0	27
5257	0	27	0	0	0	0	27
5258	0	0	27	0	0	0	27
5259	27	0	0	0	0	0	27
5260	0	0	0	27	0	0	27
5261	0	0	27	0	0	0	27
5262	27	0	0	0	0	0	27
5263	0	0	0	27	0	0	27
5264	0	0	0	26	0	0	26
5265	0	26	0	0	0	0	26
5266	26	0	0	0	0	0	26
5267	26	0	0	0	0	0	26
5268	0	0	0	26	0	0	26
5269	0	0	0	25	0	0	25
5270	0	0	25	0	0	0	25
5271	24	0	0	0	0	0	24
5272	25	0	0	0	0	0	25
5273	0	0	25	0	0	0	25
5274	25	0	0	0	0	0	25
5275	0	0	0	25	0	0	25
5276	0	0	25	0	0	0	25
5277	24	0	0	0	0	0	24
5278	24	0	0	0	0	0	24
5279	0	0	0	24	0	0	24
5280	0	25	0	0	0	0	25
5281	0	26	0	0	0	0	26
5282	0	0	0	26	0	0	26
5283	0	27	0	0	0	0	27
5284	0	27	0	0	0	0	27
5285	0	0	0	27	0	0	27
5286	0	27	0	0	0	0	27
5287	0	0	0	27	0	0	27
5288	0	0	0	27	0	0	27
5289	27	0	0	0	0	0	27
5290	0	28	0	0	0	0	28
5291	0	28	0	0	0	0	28
5292	0	29	0	0	0	0	29
5293	0	0	0	29	0	0	29
5294	0	30	0	0	0	0	30
5295	30	0	0	0	0	0	30
5296	31	0	0	0	0	0	31
5297	31	0	0	0	0	0	31
5298	0	0	0	30	0	0	30
5299	0	29	0	0	0	0	29
5300	29	0	0	0	0	0	29
5301	0	29	0	0	0	0	29
5302	0	29	0	0	0	0	29
5303	0	0	0	29	0	0	29
5304	0	29	0	0	0	0	29
5305	0	0	0	29	0	0	29
5306	0	29	0	0	0	0	29
5307	0	0	28	0	0	0	28
5308	0	28	0	0	0	0	28
5309	0	0	27	0	0	0	27
5310	27	0	0	0	0	0	27
5311	0	0	27	0	0	0	27
5312	0	27	0	0	0	0	27
5313	0	27	0	0	0	0	27
5314	27	0	0	0	0	0	27
5315	27	0	0	0	0	0	27
5316	0	0	28	0	0	0	28
5317	0	0	0	28	0	0	28
5318	28	0	0	0	0	0	28
5319	28	0	0	0	0	0	28
5320	28	0	0	0	0	0	28
5321	0	0	28	0	0	0	28
5322	28	0	0	0	0	0	28
5323	28	0	0	0	0	0	28
5324	0	28	0	0	0	0	28
5325	0	0	0	28	0	0	28
5326	0	0	28	0	0	0	28
5327	0	30	0	0	0	0	30
5328	0	29	0	0	0	0	29
5329	0	0	0	29	0	0	29
5330	0	0	28	0	0	0	28
5331	0	27	0	0	0	0	27
5332	0	0	27	0	0	0	27
5333	0	0	27	0	0	0	27
5334	0	0	27	0	0	0	27
5335	0	0	27	0	0	0	27
5336	0	28	0	0	0	0	28
5337	0	0	28	0	0	0	28
5338	0	28	0	0	0	0	28
5339	28	0	0	0	0	0	28
5340	0	29	0	0	0	0	29
5341	0	0	29	0	0	0	29
5342	0	0	29	0	0	0	29
5343	0	0	0	29	0	0	29
5344	0	29	0	0	0	0	29
5345	29	0	0	0	0	0	29
5346	0	29	0	0	0	0	29
5347	0	0	29	0	0	0	29
5348	0	0	28	0	0	0	28
5349	28	0	0	0	0	0	28
5350	0	0	27	0	0	0	27
5351	0	0	0	27	0	0	27
5352	0	0	0	27	0	0	27
5353	0	0	0	27	0	0	27
5354	0	0	0	28	0	0	28
5355	0	28	0	0	0	0	28
5356	0	0	29	0	0	0	29
5357	0	29	0	0	0	0	29
5358	0	28	0	0	0	0	28
5359	28	0	0	0	0	0	28
5360	28	0	0	0	0	0	28
5361	27	0	0	0	0	0	27
5362	27	0	0	0	0	0	27
5363	0	0	26	0	0	0	26
5364	0	26	0	0	0	0	26
5365	26	0	0	0	0	0	26
5366	0	0	26	0	0	0	26
5367	26	0	0	0	0	0	26
5368	26	0	0	0	0	0	26
5369	0	26	0	0	0	0	26
5370	0	0	0	26	0	0	26
5371	0	26	0	0	0	0	26
5372	0	0	0	26	0	0	26
5373	0	0	0	26	0	0	26
5374	26	0	0	0	0	0	26
5375	0	0	26	0	0	0	26
5376	25	0	0	0	0	0	25
5377	25	0	0	0	0	0	25
5378	0	0	25	0	0	0	25
5379	0	25	0	0	0	0	25
5380	0	25	0	0	0	0	25
5381	0	0	0	25	0	0	25
5382	0	0	25	0	0	0	25
5383	0	0	25	0	0	0	25
5384	0	0	24	0	0	0	24
5385	25	0	0	0	0	0	25
5386	0	26	0	0	0	0	26
5387	24	0	0	0	0	0	24
5388	25	0	0	0	0	0	25
5389	0	0	0	25	0	0	25
5390	25	0	0	0	0	0	25
5391	25	0	0	0	0	0	25
5392	25	0	0	0	0	0	25
5393	0	25	0	0	0	0	25
5394	25	0	0	0	0	0	25
5395	25	0	0	0	0	0	25
5396	0	0	0	25	0	0	25
5397	0	0	0	24	0	0	24
5398	0	24	0	0	0	0	24
5399	24	0	0	0	0	0	24
5400	23	0	0	0	0	0	23
5401	0	0	0	23	0	0	23
5402	0	24	0	0	0	0	24
5403	0	24	0	0	0	0	24
5404	24	0	0	0	0	0	24
5405	0	0	25	0	0	0	25
5406	0	0	26	0	0	0	26
5407	0	26	0	0	0	0	26
5408	0	0	0	27	0	0	27
5409	27	0	0	0	0	0	27
5410	0	27	0	0	0	0	27
5411	0	0	0	27	0	0	27
5412	0	27	0	0	0	0	27
5413	28	0	0	0	0	0	28
5414	0	0	28	0	0	0	28
5415	28	0	0	0	0	0	28
5416	0	0	28	0	0	0	28
5417	0	0	28	0	0	0	28
5418	0	28	0	0	0	0	28
5419	0	28	0	0	0	0	28
5420	0	0	28	0	0	0	28
5421	28	0	0	0	0	0	28
5422	27	0	0	0	0	0	27
5423	0	0	27	0	0	0	27
5424	0	0	0	28	0	0	28
5425	0	0	0	28	0	0	28
5426	0	0	28	0	0	0	28
5427	0	29	0	0	0	0	29
5428	0	29	0	0	0	0	29
5429	0	0	29	0	0	0	29
5430	0	29	0	0	0	0	29
5431	0	28	0	0	0	0	28
5432	0	0	28	0	0	0	28
5433	0	28	0	0	0	0	28
5434	0	0	0	29	0	0	29
5435	29	0	0	0	0	0	29
5436	0	29	0	0	0	0	29
5437	29	0	0	0	0	0	29
5438	29	0	0	0	0	0	29
5439	0	0	0	29	0	0	29
5440	0	28	0	0	0	0	28
5441	28	0	0	0	0	0	28
5442	0	0	0	27	0	0	27
5443	27	0	0	0	0	0	27
5444	26	0	0	0	0	0	26
5445	27	0	0	0	0	0	27
5446	27	0	0	0	0	0	27
5447	0	0	27	0	0	0	27
5448	0	0	27	0	0	0	27
5449	27	0	0	0	0	0	27
5450	0	0	27	0	0	0	27
5451	0	0	27	0	0	0	27
5452	0	27	0	0	0	0	27
5453	0	0	0	28	0	0	28
5454	0	28	0	0	0	0	28
5455	0	0	28	0	0	0	28
5456	28	0	0	0	0	0	28
5457	0	0	0	29	0	0	29
5458	30	0	0	0	0	0	30
5459	29	0	0	0	0	0	29
5460	0	29	0	0	0	0	29
5461	29	0	0	0	0	0	29
5462	0	0	29	0	0	0	29
5463	29	0	0	0	0	0	29
5464	0	0	0	29	0	0	29
5465	0	0	29	0	0	0	29
5466	0	0	28	0	0	0	28
5467	0	27	0	0	0	0	27
5468	27	0	0	0	0	0	27
5469	0	0	27	0	0	0	27
5470	0	0	27	0	0	0	27
5471	27	0	0	0	0	0	27
5472	0	0	27	0	0	0	27
5473	0	27	0	0	0	0	27
5474	27	0	0	0	0	0	27
5475	0	0	0	27	0	0	27
5476	0	0	27	0	0	0	27
5477	25	0	0	0	0	0	25
5478	0	0	0	25	0	0	25
5479	0	25	0	0	0	0	25
5480	0	25	0	0	0	0	25
5481	0	0	25	0	0	0	25
5482	25	0	0	0	0	0	25
5483	0	0	25	0	0	0	25
5484	25	0	0	0	0	0	25
5485	25	0	0	0	0	0	25
5486	24	0	0	0	0	0	24
5487	0	0	24	0	0	0	24
5488	24	0	0	0	0	0	24
5489	0	0	24	0	0	0	24
5490	23	0	0	0	0	0	23
5491	0	0	0	24	0	0	24
5492	24	0	0	0	0	0	24
5493	25	0	0	0	0	0	25
5494	0	0	25	0	0	0	25
5495	25	0	0	0	0	0	25
5496	25	0	0	0	0	0	25
5497	26	0	0	0	0	0	26
5498	26	0	0	0	0	0	26
5499	0	0	0	26	0	0	26
5500	0	0	0	26	0	0	26
5501	0	26	0	0	0	0	26
5502	0	0	0	27	0	0	27
5503	0	27	0	0	0	0	27
5504	26	0	0	0	0	0	26
5505	0	0	26	0	0	0	26
5506	25	0	0	0	0	0	25
5507	0	0	0	26	0	0	26
5508	0	26	0	0	0	0	26
5509	0	0	0	26	0	0	26
5510	27	0	0	0	0	0	27
5511	0	0	27	0	0	0	27
5512	27	0	0	0	0	0	27
5513	0	0	26	0	0	0	26
5514	26	0	0	0	0	0	26
5515	26	0	0	0	0	0	26
5516	0	0	26	0	0	0	26
5517	26	0	0	0	0	0	26
5518	0	0	0	26	0	0	26
5519	0	0	0	26	0	0	26
5520	0	0	26	0	0	0	26
5521	0	0	26	0	0	0	26
5522	26	0	0	0	0	0	26
5523	0	26	0	0	0	0	26
5524	26	0	0	0	0	0	26
5525	0	26	0	0	0	0	26
5526	0	27	0	0	0	0	27
5527	27	0	0	0	0	0	27
5528	0	0	27	0	0	0	27
5529	28	0	0	0	0	0	28
5530	0	0	28	0	0	0	28
5531	0	28	0	0	0	0	28
5532	0	28	0	0	0	0	28
5533	28	0	0	0	0	0	28
5534	28	0	0	0	0	0	28
5535	27	0	0	0	0	0	27
5536	0	0	26	0	0	0	26
5537	26	0	0	0	0	0	26
5538	25	0	0	0	0	0	25
5539	0	0	25	0	0	0	25
5540	0	25	0	0	0	0	25
5541	1	24	0	0	0	0	25
5542	0	25	0	0	0	0	25
5543	0	0	25	0	0	0	25
5544	27	0	0	0	0	0	27
5545	0	0	0	27	0	0	27
5546	28	0	0	0	0	0	28
5547	0	0	29	0	0	0	29
5548	0	0	0	29	0	0	29
5549	0	29	0	0	0	0	29
5550	0	29	0	0	0	0	29
5551	0	29	0	0	0	0	29
5552	0	0	28	0	0	0	28
5553	0	28	0	0	0	0	28
5554	0	0	0	28	0	0	28
5555	0	27	0	0	0	0	27
5556	0	0	0	26	0	0	26
5557	0	0	0	26	0	0	26
5558	0	0	25	0	0	0	25
5559	0	27	0	0	0	0	27
5560	0	27	0	0	0	0	27
5561	27	0	0	0	0	0	27
5562	0	0	27	0	0	0	27
5563	0	0	26	0	0	0	26
5564	0	26	0	0	0	0	26
5565	0	0	0	26	0	0	26
5566	0	0	28	0	0	0	28
5567	28	0	0	0	0	0	28
5568	28	0	0	0	0	0	28
5569	28	0	0	0	0	0	28
5570	28	0	0	0	0	0	28
5571	0	0	28	0	0	0	28
5572	0	0	0	28	0	0	28
5573	0	0	0	28	0	0	28
5574	0	27	0	0	0	0	27
5575	0	28	0	0	0	0	28
5576	30	0	0	0	0	0	30
5577	30	0	0	0	0	0	30
5578	30	0	0	0	0	0	30
5579	30	0	0	0	0	0	30
5580	0	29	0	0	0	0	29
5581	29	0	0	0	0	0	29
5582	0	29	0	0	0	0	29
5583	0	0	0	28	0	0	28
5584	27	0	0	0	0	0	27
5585	27	0	0	0	0	0	27
5586	0	27	0	0	0	0	27
5587	0	27	0	0	0	0	27
5588	0	0	27	0	0	0	27
5589	0	0	27	0	0	0	27
5590	0	0	0	27	0	0	27
5591	0	0	27	0	0	0	27
5592	0	0	28	0	0	0	28
5593	28	0	0	0	0	0	28
5594	0	0	0	28	0	0	28
5595	0	27	0	0	0	0	27
5596	0	0	0	26	0	0	26
5597	0	0	0	26	0	0	26
5598	0	0	0	27	0	0	27
5599	0	0	27	0	0	0	27
5600	27	0	0	0	0	0	27
5601	0	0	27	0	0	0	27
5602	27	0	0	0	0	0	27
5603	0	26	0	0	0	0	26
5604	0	26	0	0	0	0	26
5605	0	0	26	0	0	0	26
5606	0	27	0	0	0	0	27
5607	26	0	0	0	0	0	26
5608	24	0	0	0	0	0	24
5609	0	0	0	25	0	0	25
5610	0	25	0	0	0	0	25
5611	25	0	0	0	0	0	25
5612	0	0	25	0	0	0	25
5613	25	0	0	0	0	0	25
5614	0	26	0	0	0	0	26
5615	0	0	26	0	0	0	26
5616	0	27	0	0	0	0	27
5617	0	28	0	0	0	0	28
5618	0	0	30	0	0	0	30
5619	0	30	0	0	0	0	30
5620	0	30	0	0	0	0	30
5621	0	0	0	30	0	0	30
5622	0	30	0	0	0	0	30
5623	0	31	0	0	0	0	31
5624	0	0	0	31	0	0	31
5625	0	31	0	0	0	0	31
5626	0	0	0	31	0	0	31
5627	31	0	0	0	0	0	31
5628	0	0	0	31	0	0	31
5629	31	0	0	0	0	0	31
5630	0	0	31	0	0	0	31
5631	0	0	31	0	0	0	31
5632	0	0	0	31	0	0	31
5633	0	0	31	0	0	0	31
5634	0	0	32	0	0	0	32
5635	0	32	0	0	0	0	32
5636	0	0	34	0	0	0	34
5637	0	34	0	0	0	0	34
5638	0	0	34	0	0	0	34
5639	0	0	0	34	0	0	34
5640	0	34	0	0	0	0	34
5641	0	0	0	34	0	0	34
5642	0	0	0	34	0	0	34
5643	0	0	0	33	0	0	33
5644	33	0	0	0	0	0	33
5645	33	0	0	0	0	0	33
5646	0	33	0	0	0	0	33
5647	0	33	0	0	0	0	33
5648	0	0	33	0	0	0	33
5649	0	0	33	0	0	0	33
5650	0	0	0	33	0	0	33
5651	0	0	33	0	0	0	33
5652	0	0	33	0	0	0	33
5653	0	0	33	0	0	0	33
5654	0	0	0	33	0	0	33
5655	0	33	0	0	0	0	33
5656	33	0	0	0	0	0	33
5657	0	0	0	32	0	0	32
5658	0	0	0	32	0	0	32
5659	0	1	31	0	0	0	32
5660	30	0	0	0	0	0	30
5661	30	0	0	0	0	0	30
5662	30	0	0	0	0	0	30
5663	0	0	0	30	0	0	30
5664	0	30	0	0	0	0	30
5665	0	0	0	30	0	0	30
5666	30	0	0	0	0	0	30
5667	30	0	0	0	0	0	30
5668	0	0	30	0	0	0	30
5669	0	30	0	0	0	0	30
5670	0	0	31	0	0	0	31
5671	0	31	0	0	0	0	31
5672	0	0	0	31	0	0	31
5673	0	31	0	0	0	0	31
5674	0	0	31	0	0	0	31
5675	31	0	0	0	0	0	31
5676	0	0	0	30	0	0	30
5677	30	0	0	0	0	0	30
5678	31	0	0	0	0	0	31
5679	30	0	0	0	0	0	30
5680	0	0	30	0	0	0	30
5681	0	0	30	0	0	0	30
5682	30	0	0	0	0	0	30
5683	0	0	31	0	0	0	31
5684	31	0	0	0	0	0	31
5685	0	0	31	0	0	0	31
5686	0	0	0	31	0	0	31
5687	31	0	0	0	0	0	31
5688	0	0	0	31	0	0	31
5689	0	31	0	0	0	0	31
5690	0	0	31	0	0	0	31
5691	0	0	0	31	0	0	31
5692	0	0	31	0	0	0	31
5693	0	0	31	0	0	0	31
5694	29	0	0	0	0	0	29
5695	0	0	29	0	0	0	29
5696	28	0	0	0	0	0	28
5697	0	0	0	27	0	0	27
5698	0	0	27	0	0	0	27
5699	27	0	0	0	0	0	27
5700	0	0	0	27	0	0	27
5701	0	1	26	0	0	0	27
5702	27	0	0	0	0	0	27
5703	0	27	0	0	0	0	27
5704	0	27	0	0	0	0	27
5705	27	0	0	0	0	0	27
5706	0	27	0	0	0	0	27
5707	27	0	0	0	0	0	27
5708	0	0	27	0	0	0	27
5709	0	25	0	0	0	0	25
5710	0	0	25	0	0	0	25
5711	0	26	0	0	0	0	26
5712	26	0	0	0	0	0	26
5713	0	0	26	0	0	0	26
5714	27	0	0	0	0	0	27
5715	0	0	27	0	0	0	27
5716	25	0	0	0	0	0	25
5717	0	0	0	25	0	0	25
5718	0	0	0	25	0	0	25
5719	0	0	25	0	0	0	25
5720	0	0	26	0	0	0	26
5721	26	0	0	0	0	0	26
5722	0	0	27	0	0	0	27
5723	0	0	0	27	0	0	27
5724	27	0	0	0	0	0	27
5725	0	0	0	27	0	0	27
5726	0	0	25	0	0	0	25
5727	24	0	0	0	0	0	24
5728	0	0	24	0	0	0	24
5729	24	0	0	0	0	0	24
5730	0	0	24	0	0	0	24
5731	0	0	24	0	0	0	24
5732	0	24	0	0	0	0	24
5733	0	0	0	24	0	0	24
5734	0	0	0	26	0	0	26
5735	26	0	0	0	0	0	26
5736	26	0	0	0	0	0	26
5737	26	0	0	0	0	0	26
5738	26	0	0	0	0	0	26
5739	0	26	0	0	0	0	26
5740	0	0	27	0	0	0	27
5741	0	0	27	0	0	0	27
5742	0	0	0	26	0	0	26
5743	0	0	26	0	0	0	26
5744	26	0	0	0	0	0	26
5745	0	0	26	0	0	0	26
5746	0	27	0	0	0	0	27
5747	27	0	0	0	0	0	27
5748	0	26	0	0	0	0	26
5749	0	26	0	0	0	0	26
5750	26	0	0	0	0	0	26
5751	0	0	26	0	0	0	26
5752	0	0	26	0	0	0	26
5753	26	0	0	0	0	0	26
5754	0	0	26	0	0	0	26
5755	26	0	0	0	0	0	26
5756	0	0	26	0	0	0	26
5757	0	26	0	0	0	0	26
5758	0	0	0	26	0	0	26
5759	0	0	25	0	0	0	25
5760	25	0	0	0	0	0	25
5761	0	25	0	0	0	0	25
5762	0	0	26	0	0	0	26
5763	26	0	0	0	0	0	26
5764	0	25	0	0	0	0	25
5765	0	0	0	25	0	0	25
5766	0	0	0	24	0	0	24
5767	0	0	0	24	0	0	24
5768	0	22	0	0	0	0	22
5769	0	0	0	22	0	0	22
5770	0	0	0	22	0	0	22
5771	0	0	0	22	0	0	22
5772	0	0	22	0	0	0	22
5773	0	0	21	0	0	0	21
5774	0	0	0	22	0	0	22
5775	0	23	0	0	0	0	23
5776	23	0	0	0	0	0	23
5777	23	0	0	0	0	0	23
5778	0	0	0	23	0	0	23
5779	0	0	0	23	0	0	23
5780	0	0	23	0	0	0	23
5781	23	0	0	0	0	0	23
5782	23	0	0	0	0	0	23
5783	0	0	24	0	0	0	24
5784	23	0	0	0	0	0	23
5785	23	0	0	0	0	0	23
5786	0	21	0	0	0	0	21
5787	0	21	0	0	0	0	21
5788	0	0	21	0	0	0	21
5789	0	21	0	0	0	0	21
5790	0	21	0	0	0	0	21
5791	0	0	0	20	0	0	20
5792	0	20	0	0	0	0	20
5793	0	20	0	0	0	0	20
5794	0	0	0	20	0	0	20
5795	0	20	0	0	0	0	20
5796	0	20	0	0	0	0	20
5797	19	0	0	0	0	0	19
5798	0	0	19	0	0	0	19
5799	0	0	19	0	0	0	19
5800	0	19	0	0	0	0	19
5801	0	19	0	0	0	0	19
5802	0	18	0	0	0	0	18
5803	18	0	0	0	0	0	18
5804	0	0	18	0	0	0	18
5805	0	0	18	0	0	0	18
5806	18	0	0	0	0	0	18
5807	18	0	0	0	0	0	18
5808	0	18	0	0	0	0	18
5809	0	0	0	18	0	0	18
5810	0	0	0	18	0	0	18
5811	0	0	0	18	0	0	18
5812	0	18	0	0	0	0	18
5813	0	0	0	18	0	0	18
5814	0	0	18	0	0	0	18
5815	0	18	0	0	0	0	18
5816	18	0	0	0	0	0	18
5817	0	0	18	0	0	0	18
5818	18	0	0	0	0	0	18
5819	18	0	0	0	0	0	18
5820	0	0	17	0	0	0	17
5821	17	0	0	0	0	0	17
5822	0	0	17	0	0	0	17
5823	0	0	17	0	0	0	17
5824	0	0	17	0	0	0	17
5825	0	0	0	17	0	0	17
5826	0	0	17	0	0	0	17
5827	17	0	0	0	0	0	17
5828	0	16	0	0	0	0	16
5829	16	0	0	0	0	0	16
5830	0	0	16	0	0	0	16
5831	0	0	0	16	0	0	16
5832	0	16	0	0	0	0	16
5833	0	15	0	0	0	0	15
5834	0	0	15	0	0	0	15
5835	15	0	0	0	0	0	15
5836	0	0	15	0	0	0	15
5837	0	15	0	0	0	0	15
5838	0	0	0	15	0	0	15
5839	0	15	0	0	0	0	15
5840	15	0	0	0	0	0	15
5841	15	0	0	0	0	0	15
5842	0	0	15	0	0	0	15
5843	0	0	15	0	0	0	15
5844	15	0	0	0	0	0	15
5845	0	15	0	0	0	0	15
5846	0	0	0	15	0	0	15
5847	15	0	0	0	0	0	15
5848	0	0	0	15	0	0	15
5849	15	0	0	0	0	0	15
5850	15	0	0	0	0	0	15
5851	15	0	0	0	0	0	15
5852	15	0	0	0	0	0	15
5853	0	0	0	15	0	0	15
5854	0	15	0	0	0	0	15
5855	0	0	0	15	0	0	15
5856	0	0	15	0	0	0	15
5857	0	0	0	15	0	0	15
5858	0	0	15	0	0	0	15
5859	15	0	0	0	0	0	15
5860	0	0	15	0	0	0	15
5861	0	14	0	0	0	0	14
5862	0	0	14	0	0	0	14
5863	0	0	0	14	0	0	14
5864	0	13	0	0	0	0	13
5865	0	0	0	13	0	0	13
5866	13	0	0	0	0	0	13
5867	0	0	13	0	0	0	13
5868	0	0	0	13	0	0	13
5869	0	13	0	0	0	0	13
5870	0	0	0	12	0	0	12
5871	12	0	0	0	0	0	12
5872	11	0	0	0	0	0	11
5873	0	0	11	0	0	0	11
5874	0	11	0	0	0	0	11
5875	0	0	0	10	0	0	10
5876	0	10	0	0	0	0	10
5877	0	0	0	10	0	0	10
5878	10	0	0	0	0	0	10
5879	0	0	0	10	0	0	10
5880	0	0	10	0	0	0	10
5881	10	0	0	0	0	0	10
5882	0	10	0	0	0	0	10
5883	0	0	0	10	0	0	10
5884	0	0	8	0	0	0	8
5885	0	0	0	8	0	0	8
5886	8	0	0	0	0	0	8
5887	8	0	0	0	0	0	8
5888	8	0	0	0	0	0	8
5889	8	0	0	0	0	0	8
5890	0	0	0	7	0	0	7
5891	7	0	0	0	0	0	7
5892	7	0	0	0	0	0	7
5893	0	7	0	0	0	0	7
5894	0	0	7	0	0	0	7
5895	7	0	0	0	0	0	7
5896	0	0	6	0	0	0	6
5897	0	6	0	0	0	0	6
5898	6	0	0	0	0	0	6
5899	0	0	0	6	0	0	6
5900	6	0	0	0	0	0	6
5901	0	6	0	0	0	0	6
5902	0	0	0	6	0	0	6
5903	0	0	6	0	0	0	6
5904	6	0	0	0	0	0	6
5905	6	0	0	0	0	0	6
5906	0	5	0	0	0	0	5
5907	0	0	0	5	0	0	5
5908	0	5	0	0	0	0	5
5909	0	5	0	0	0	0	5
5910	5	0	0	0	0	0	5
5911	5	0	0	0	0	0	5
5912	4	0	0	0	0	0	4
5913	0	4	0	0	0	0	4
5914	0	4	0	0	0	0	4
5915	0	0	0	4	0	0	4
5916	0	0	4	0	0	0	4
5917	0	0	0	3	0	0	3
5918	0	0	0	3	0	0	3
5919	3	0	0	0	0	0	3
5920	0	0	3	0	0	0	3
5921	3	0	0	0	0	0	3
5922	0	0	3	0	0	0	3
5923	0	0	0	3	0	0	3
5924	2	0	0	0	0	0	2
5925	0	0	0	1	0	0	1
5926	1	0	0	0	0	0	1
5927	1	0	0	0	0	0	1
5928	0	1	0	0	0	0	1
5929	0	1	0	0	0	0	1
5930	0	1	0	0	0	0	1
5931	1	0	0	0	0	0	1
5932	0	0	1	0	0	0	1
5933	0	0	0	0	0	0	0
5934	0	0	0	0	0	0	0
5935	0	0	0	0	0	0	0
5936	0	0	0	0	0	0	0
5937	0	0	0	0	0	0	0
5938	0	0	0	0	0	0	0
5939	0	0	0	0	0	0	0
5940	0	0	0	0	0	0	0
5941	0	0	0	0	0	0	0
5942	0	0	0	0	0	0	0
5943	0	0	0	0	0	0	0
5944	0	0	0	0	0	0	0
5945	0	0	0	0	0	0	0
5946	0	0	0	0	0	0	0
5947	0	0	0	0	0	0	0
5948	0	0	0	0	0	0	0
5949	0	0	0	0	0	0	0
5950	0	0	0	0	0	0	0
5951	0	0	0	0	0	0	0
5952	0	0	0	0	0	0	0
5953	0	0	0	0	0	0	0
5954	0	0	0	0	0	0	0
5955	0	0	0	0	0	0	0
5956	0	0	0	0	0	0	0
5957	0	0	0	0	0	0	0
5958	0	0	0	0	0	0	0
5959	0	0	0	0	0	0	0
5960	0	0	0	0	0	0	0
5961	0	0	0	0	0	0	0
5962	0	0	0	0	0	0	0
5963	0	0	0	0	0	0	0
5964	0	0	0	0	0	0	0
5965	0	0	0	0	0	0	0
5966	0	0	0	0	0	0	0
5967	0	0	0	0	0	0	0
5968	0	0	0	0	0	0	0
5969	0	0	0	0	0	0	0
5970	0	0	0	0	0	0	0
5971	0	0	0	0	0	0	0
5972	0	0	0	0	0	0	0
5973	0	0	0	0	0	0	0
5974	0	0	0	0	0	0	0
5975	0	0	0	0	0	0	0
5976	0	0	0	0	0	0	0
5977	0	0	0	0	0	0	0
5978	0	0	0	0	0	0	0
5979	0	0	0	0	0	0	0
5980	0	0	0	0	0	0	0
5981	0	0	0	0	0	0	0
5982	0	0	0	0	0	0	0
5983	0	0	0	0	0	0	0
5984	0	0	0	0	0	0	0
5985	0	0	0	0	0	0	0
5986	0	0	0	0	0	0	0
5987	0	0	0	0	0	0	0
5988	0	0	0	0	0	0	0
5989	0	0	0	0	0	0	0
5990	0	0	0	0	0	0	0
5991	0	0	0	0	0	0	0
5992	0	0	0	0	0	0	0
5993	0	0	0	0	0	0	0
5994	0	0	0	0	0	0	0
5995	0	0	0	0	0	0	0
5996	0	0	0	0	0	0	0
5997	0	0	0	0	0	0	0
5998	0	0	0	0	0	0	0
5999	0	0	0	0	0	0	0
6000	0	0	0	0	0	0	0
6001	0	0	0	0	0	0	0
6002	0	0	0	0	0	0	0
6003	0	0	0	0	0	0	0
6004	0	0	0	0	0	0	0
6005	0	0	0	0	0	0	0
6006	0	0	0	0	0	0	0
6007	0	0	0	0	0	0	0
6008	0	0	0	0	0	0	0
6009	0	0	0	0	0	0	0
6010	0	0	0	0	0	0	0
6011	0	0	0	0	0	0	0
6012	0	0	0	0	0	0	0
6013	0	0	0	0	0	0	0
6014	0	0	0	0	0	0	0
6015	0	0	0	0	0	0	0
6016	0	0	0	0	0	0	0
6017	0	0	0	0	0	0	0
6018	0	0	0	0	0	0	0
6019	0	0	0	0	0	0	0
6020	0	0	0	0	0	0	0
6021	0	0	0	0	0	0	0
6022	0	0	0	0	0	0	0
6023	0	0	0	0	0	0	0
6024	0	0	0	0	0	0	0
6025	0	0	0	0	0	0	0
6026	0	0	0	0	0	0	0
6027	0	0	0	0	0	0	0
6028	0	0	0	0	0	0	0
6029	0	0	0	0	0	0	0
6030	0	0	0	0	0	0	0
6031	0	0	0	0	0	0	0
6032	0	0	0	0	0	0	0
6033	0	0	0	0	0	0	0
6034	0	0	0	0	0	0	0
6035	0	0	0	0	0	0	0
6036	0	0	0	0	0	0	0
6037	0	0	0	0	0	0	0
6038	0	0	0	0	0	0	0
6039	0	0	0	0	0	0	0
6040	0	0	0	0	0	0	0
6041	0	0	0	0	0	0	0
6042	0	0	0	0	0	0	0
6043	0	0	0	0	0	0	0
6044	0	0	0	0	0	0	0
6045	0	0	0	0	0	0	0
6046	0	0	0	0	0	0	0
6047	0	0	0	0	0	0	0
6048	0	0	0	0	0	0	0
6049	0	0	0	0	0	0	0
6050	0	0	0	0	0	0	0
6051	0	0	0	0	0	0	0
6052	0	0	0	0	0	0	0
6053	0	0	0	0	0	0	0
6054	0	0	0	0	0	0	0
6055	0	0	0	0	0	0	0
6056	0	0	0	0	0	0	0
6057	0	0	0	0	0	0	0
6058	0	0	0	0	0	0	0
6059	0	0	0	0	0	0	0
6060	0	0	0	0	0	0	0
6061	0	0	0	0	0	0	0
6062	0	0	0	0	0	0	0
6063	0	0	0	0	0	0	0
6064	0	0	0	0	0	0	0
6065	0	0	0	0	0	0	0
6066	0	0	0	0	0	0	0
6067	0	0	0	0	0	0	0
6068	0	0	0	0	0	0	0
6069	0	0	0	0	0	0	0
6070	0	0	0	0	0	0	0
6071	0	0	0	0	0	0	0
6072	0	0	0	0	0	0	0
6073	0	0	0	0	0	0	0
6074	0	0	0	0	0	0	0
6075	0	0	0	0	0	0	0
6076	0	0	0	0	0	0	0
6077	0	0	0	0	0	0	0
6078	0	0	0	0	0	0	0
6079	0	0	0	0	0	0	0
6080	0	0	0	0	0	0	0
6081	0	0	0	0	0	0	0
6082	0	0	0	0	0	0	0
6083	0	0	0	0	0	0	0
6084	0	0	0	0	0	0	0
6085	0	0	0	0	0	0	0
6086	0	0	0	0	0	0	0
6087	0	0	0	0	0	0	0
6088	0	0	0	0	0	0	0
6089	0	0	0	0	0	0	0
6090	0	0	0	0	0	0	0
6091	0	0	0	0	0	0	0
6092	0	0	0	0	0	0	0
6093	0	0	0	0	0	0	0
6094	0	0	0	0	0	0	0
6095	0	0	0	0	0	0	0
